{"type": "FeatureCollection", "features": [{"type": "Feature", "properties": {"slug": "subotica", "name": "Subotica"}, "geometry": {"type": "Polygon", "coordinates": [[[19.8094, 45.9267], [19.81, 45.9765], [19.8641, 46.046], [19.8674, 46.0555], [19.8646, 46.0853], [19.8675, 46.1018], [19.8839, 46.106], [19.8987, 46.1266], [19.8727, 46.1512], [19.8532, 46.1498], [19.8178, 46.1278], [19.7973, 46.1395], [19.7585, 46.1479], [19.741, 46.1656], [19.7179, 46.1716], [19.7177, 46.176], [19.6981, 46.1879], [19.6825, 46.1797], [19.6615, 46.1901], [19.6316, 46.1693], [19.5676, 46.1787], [19.5598, 46.1739], [19.5632, 46.1698], [19.5604, 46.1663], [19.5266, 46.1477], [19.5168, 46.1517], [19.5025, 46.1421], [19.5094, 46.1374], [19.5081, 46.1336], [19.5271, 46.1209], [19.509, 46.1107], [19.4818, 46.1048], [19.4644, 46.0953], [19.4665, 46.0816], [19.4383, 46.0662], [19.4154, 46.0457], [19.3802, 46.0358], [19.3642, 46.0522], [19.2816, 46.0145], [19.3176, 45.976], [19.3285, 45.9585], [19.3463, 45.9637], [19.3437, 45.9371], [19.3471, 45.9341], [19.3599, 45.9416], [19.4358, 45.9426], [19.4951, 45.9245], [19.5302, 45.9016], [19.5306, 45.8819], [19.5513, 45.8648], [19.5662, 45.8769], [19.5997, 45.8866], [19.6317, 45.8915], [19.6319, 45.8943], [19.6362, 45.8937], [19.6371, 45.8871], [19.6601, 45.8911], [19.6613, 45.895], [19.6976, 45.8581], [19.7284, 45.8517], [19.7245, 45.8798], [19.7565, 45.9009], [19.7554, 45.8848], [19.7757, 45.895], [19.7886, 45.8802], [19.8245, 45.8997], [19.8215, 45.9029], [19.8273, 45.9037], [19.8094, 45.9267]]]}}, {"type": "Feature", "properties": {"slug": "sombor", "name": "Sombor"}, "geometry": {"type": "Polygon", "coordinates": [[[19.3027, 45.9916], [19.2965, 45.9878], [19.2853, 45.9968], [19.2366, 45.9951], [19.2327, 45.9994], [19.1996, 45.9982], [19.2049, 45.9927], [19.1477, 45.9961], [19.1472, 46.008], [19.1338, 46.0371], [19.1046, 46.04], [19.0657, 46.0], [19.0796, 45.9635], [19.0327, 45.9647], [19.0058, 45.9587], [18.9979, 45.9462], [19.0089, 45.9233], [18.9947, 45.9239], [18.988, 45.9322], [18.962, 45.9259], [18.906, 45.9353], [18.8791, 45.9164], [18.8646, 45.9207], [18.8682, 45.9112], [18.8276, 45.9048], [18.8216, 45.9146], [18.8143, 45.9088], [18.825, 45.9001], [18.8298, 45.8736], [18.8564, 45.8564], [18.8565, 45.8328], [18.8476, 45.812], [18.8499, 45.8007], [18.8596, 45.7885], [18.885, 45.7797], [18.8947, 45.7544], [18.9009, 45.7546], [18.9164, 45.7448], [18.9276, 45.745], [18.9601, 45.7705], [18.9671, 45.7704], [18.9711, 45.7511], [19.0037, 45.7554], [19.0551, 45.75], [19.0554, 45.7357], [19.0336, 45.7225], [19.0426, 45.708], [19.1306, 45.7037], [19.1439, 45.6788], [19.1177, 45.6764], [19.1252, 45.672], [19.1257, 45.6621], [19.137, 45.6562], [19.1378, 45.6437], [19.1556, 45.6422], [19.1677, 45.6338], [19.1527, 45.6142], [19.1431, 45.5934], [19.1435, 45.5835], [19.1483, 45.5715], [19.1778, 45.5667], [19.2339, 45.5839], [19.2415, 45.5919], [19.2232, 45.6296], [19.212, 45.6332], [19.2328, 45.6515], [19.2618, 45.6537], [19.2766, 45.6423], [19.3164, 45.6416], [19.3338, 45.6367], [19.3475, 45.6476], [19.3245, 45.6657], [19.3045, 45.6665], [19.301, 45.6714], [19.2897, 45.6749], [19.3245, 45.6981], [19.2681, 45.7063], [19.2795, 45.717], [19.2835, 45.7317], [19.3344, 45.7178], [19.329, 45.7262], [19.3168, 45.7318], [19.3358, 45.7526], [19.4215, 45.7939], [19.3948, 45.8164], [19.3748, 45.825], [19.3605, 45.8394], [19.3443, 45.8699], [19.3558, 45.8798], [19.3348, 45.9158], [19.374, 45.9403], [19.3599, 45.9416], [19.3471, 45.9341], [19.3437, 45.9371], [19.3463, 45.9637], [19.3285, 45.9585], [19.3027, 45.9916]]]}}, {"type": "Feature", "properties": {"slug": "sremska-mitrovica", "name": "Sremska Mitrovica"}, "geometry": {"type": "Polygon", "coordinates": [[[19.7525, 44.8924], [19.7739, 44.8869], [19.7829, 44.8966], [19.7901, 44.8945], [19.8162, 44.9332], [19.8212, 44.9351], [19.822, 44.9452], [19.7844, 44.9489], [19.762, 44.9701], [19.7659, 44.9722], [19.7625, 44.9873], [19.75, 44.9868], [19.7512, 44.978], [19.7167, 44.9801], [19.688, 44.9875], [19.6797, 45.0016], [19.7088, 45.0092], [19.7081, 45.0379], [19.7134, 45.0717], [19.7199, 45.0939], [19.7254, 45.0983], [19.73, 45.1198], [19.7199, 45.1423], [19.7143, 45.149], [19.7074, 45.1502], [19.6496, 45.1495], [19.6095, 45.1419], [19.6009, 45.1504], [19.5641, 45.1553], [19.5392, 45.1645], [19.5301, 45.1615], [19.516, 45.1719], [19.4884, 45.1694], [19.4656, 45.1604], [19.4809, 45.1574], [19.4657, 45.1366], [19.4624, 45.1207], [19.4708, 45.1129], [19.4632, 45.0784], [19.4494, 45.0675], [19.4442, 45.0572], [19.3842, 45.0603], [19.3821, 45.0546], [19.3403, 45.0407], [19.3599, 45.0402], [19.3563, 45.0368], [19.3638, 45.0318], [19.3619, 45.0294], [19.3402, 45.0364], [19.3203, 45.031], [19.3072, 45.0377], [19.3118, 45.0225], [19.3286, 45.0167], [19.3471, 45.0001], [19.3427, 44.9937], [19.3533, 44.9737], [19.3501, 44.9731], [19.3607, 44.9665], [19.3546, 44.9524], [19.3469, 44.9564], [19.3313, 44.9553], [19.3071, 44.943], [19.2953, 44.9408], [19.2876, 44.9449], [19.2615, 44.9376], [19.2504, 44.9376], [19.2504, 44.9477], [19.2108, 44.9477], [19.2103, 44.9281], [19.1923, 44.9276], [19.1918, 44.9203], [19.2143, 44.8963], [19.2236, 44.8973], [19.2532, 44.9134], [19.2774, 44.9046], [19.2934, 44.9096], [19.3096, 44.9078], [19.3218, 44.8997], [19.3518, 44.8895], [19.3546, 44.8928], [19.3523, 44.8998], [19.3344, 44.904], [19.321, 44.9118], [19.3198, 44.9164], [19.3238, 44.9208], [19.3841, 44.9118], [19.4036, 44.9199], [19.4179, 44.9197], [19.4229, 44.9157], [19.4252, 44.9229], [19.4389, 44.9245], [19.4294, 44.9366], [19.4393, 44.9401], [19.472, 44.9293], [19.4717, 44.9149], [19.4843, 44.9022], [19.5027, 44.9003], [19.5113, 44.906], [19.5125, 44.9114], [19.5173, 44.911], [19.5192, 44.9216], [19.525, 44.924], [19.5444, 44.9088], [19.5929, 44.9039], [19.5955, 44.907], [19.604, 44.9052], [19.6093, 44.9095], [19.6081, 44.9136], [19.6207, 44.9201], [19.6303, 44.9184], [19.6402, 44.9217], [19.6563, 44.9147], [19.677, 44.9243], [19.7049, 44.926], [19.7238, 44.9105], [19.7554, 44.9108], [19.7591, 44.9006], [19.7525, 44.8924]]]}}, {"type": "Feature", "properties": {"slug": "pancevo", "name": "Pančevo"}, "geometry": {"type": "Polygon", "coordinates": [[[20.7998, 44.6591], [20.7998, 44.6899], [20.8234, 44.6915], [20.8378, 44.7126], [20.8602, 44.7294], [20.8606, 44.7339], [20.8502, 44.7837], [20.8449, 44.7836], [20.8511, 44.7928], [20.8215, 44.7915], [20.8175, 44.805], [20.8106, 44.8116], [20.8136, 44.8219], [20.7941, 44.8266], [20.8045, 44.8392], [20.8678, 44.8694], [20.9498, 44.8947], [20.9531, 44.9002], [20.9196, 44.9235], [20.9111, 44.9929], [20.8757, 44.974], [20.8224, 45.022], [20.8161, 45.0187], [20.7728, 45.0449], [20.7607, 45.0396], [20.7393, 45.0436], [20.6986, 45.0262], [20.7161, 45.0026], [20.6479, 44.9784], [20.6445, 44.9863], [20.6383, 44.9842], [20.6397, 44.9791], [20.6259, 44.9747], [20.623, 44.9795], [20.6282, 44.9814], [20.6062, 45.0201], [20.5199, 45.0101], [20.4972, 44.9883], [20.5199, 44.9775], [20.5146, 44.9702], [20.5349, 44.9477], [20.5459, 44.9534], [20.5502, 44.9513], [20.5457, 44.945], [20.5511, 44.9412], [20.5692, 44.9425], [20.5748, 44.9359], [20.5942, 44.9354], [20.6217, 44.907], [20.615, 44.8876], [20.623, 44.8685], [20.5925, 44.8639], [20.6203, 44.8563], [20.5899, 44.8542], [20.5763, 44.8495], [20.5867, 44.8439], [20.5954, 44.8288], [20.6174, 44.8291], [20.6186, 44.8253], [20.6131, 44.8194], [20.6325, 44.7994], [20.6226, 44.7787], [20.6254, 44.7655], [20.6371, 44.751], [20.677, 44.7311], [20.711, 44.6908], [20.7383, 44.6733], [20.763, 44.6628], [20.7998, 44.6591]]]}}, {"type": "Feature", "properties": {"slug": "kikinda", "name": "Kikinda"}, "geometry": {"type": "Polygon", "coordinates": [[[20.6624, 45.7941], [20.6568, 45.8082], [20.6501, 45.8121], [20.66, 45.8292], [20.6115, 45.8641], [20.5988, 45.8617], [20.5942, 45.872], [20.5808, 45.8694], [20.5747, 45.879], [20.5742, 45.8842], [20.5783, 45.8851], [20.5689, 45.9104], [20.5464, 45.9061], [20.5499, 45.9002], [20.5155, 45.8921], [20.5017, 45.9106], [20.4836, 45.9534], [20.4476, 45.9704], [20.3795, 45.9613], [20.3308, 45.9816], [20.3164, 45.9727], [20.3158, 45.9669], [20.3084, 45.9649], [20.3171, 45.9628], [20.3077, 45.9586], [20.3193, 45.9467], [20.3171, 45.9392], [20.3036, 45.94], [20.2911, 45.9292], [20.2967, 45.9278], [20.3044, 45.8973], [20.2593, 45.8829], [20.2451, 45.8686], [20.2534, 45.8191], [20.251, 45.8145], [20.2391, 45.8048], [20.161, 45.7883], [20.1711, 45.7787], [20.308, 45.7858], [20.3339, 45.7755], [20.3402, 45.784], [20.3642, 45.7801], [20.3643, 45.7646], [20.3836, 45.7431], [20.3946, 45.7171], [20.4238, 45.7062], [20.4311, 45.6954], [20.4157, 45.6843], [20.4133, 45.6741], [20.3946, 45.6806], [20.3836, 45.6647], [20.3644, 45.6675], [20.3609, 45.6638], [20.3535, 45.668], [20.3609, 45.6774], [20.3554, 45.6796], [20.3475, 45.6617], [20.3685, 45.6502], [20.3699, 45.6461], [20.3605, 45.6351], [20.3466, 45.634], [20.3322, 45.6165], [20.3756, 45.602], [20.3877, 45.6102], [20.3943, 45.602], [20.45, 45.62], [20.535, 45.6132], [20.5152, 45.6609], [20.5222, 45.6853], [20.5308, 45.6846], [20.5452, 45.6919], [20.5564, 45.708], [20.6272, 45.7043], [20.6309, 45.7479], [20.6556, 45.7688], [20.651, 45.7913], [20.6624, 45.7941]]]}}, {"type": "Feature", "properties": {"slug": "zrenjanin", "name": "Zrenjanin"}, "geometry": {"type": "Polygon", "coordinates": [[[20.3322, 45.6165], [20.2662, 45.5331], [20.2877, 45.5113], [20.2832, 45.5001], [20.2351, 45.4889], [20.2173, 45.4891], [20.1837, 45.4986], [20.1885, 45.5007], [20.1812, 45.5068], [20.1467, 45.491], [20.183, 45.4581], [20.1652, 45.4587], [20.1657, 45.454], [20.1587, 45.4519], [20.1639, 45.4245], [20.2051, 45.4243], [20.2134, 45.432], [20.2226, 45.4337], [20.2239, 45.4175], [20.204, 45.3901], [20.2023, 45.3698], [20.2131, 45.3605], [20.2588, 45.3445], [20.2716, 45.3341], [20.2555, 45.3213], [20.2723, 45.3178], [20.2735, 45.3127], [20.242, 45.3093], [20.2342, 45.3025], [20.2414, 45.2969], [20.2431, 45.2892], [20.287, 45.2567], [20.3112, 45.2259], [20.31, 45.1895], [20.3007, 45.1786], [20.2843, 45.1766], [20.276, 45.1689], [20.2795, 45.1468], [20.275, 45.1345], [20.3156, 45.0834], [20.3317, 45.0743], [20.3714, 45.0939], [20.3827, 45.0957], [20.4117, 45.0837], [20.4159, 45.0872], [20.4189, 45.1019], [20.4523, 45.1254], [20.4331, 45.1313], [20.4444, 45.1317], [20.4577, 45.1451], [20.4662, 45.1453], [20.4586, 45.1511], [20.4661, 45.1621], [20.4583, 45.1704], [20.4655, 45.1673], [20.465, 45.172], [20.471, 45.1714], [20.4695, 45.1836], [20.4833, 45.1853], [20.4773, 45.1886], [20.4763, 45.1962], [20.4882, 45.1912], [20.4874, 45.2048], [20.505, 45.2207], [20.5105, 45.2168], [20.498, 45.2107], [20.5136, 45.2038], [20.5179, 45.2033], [20.5189, 45.209], [20.5283, 45.2059], [20.5377, 45.2172], [20.5396, 45.2137], [20.5499, 45.2152], [20.5485, 45.2053], [20.5521, 45.2109], [20.5712, 45.2076], [20.5754, 45.2119], [20.5756, 45.232], [20.5815, 45.2364], [20.5958, 45.2361], [20.6252, 45.2221], [20.6294, 45.2225], [20.6278, 45.231], [20.6778, 45.211], [20.6891, 45.2097], [20.6904, 45.2062], [20.6773, 45.197], [20.7188, 45.1832], [20.6951, 45.2066], [20.7015, 45.2179], [20.691, 45.2375], [20.7196, 45.2824], [20.6766, 45.2949], [20.6459, 45.297], [20.6484, 45.3031], [20.6608, 45.3074], [20.659, 45.3228], [20.6625, 45.3305], [20.6788, 45.3251], [20.6886, 45.3281], [20.6726, 45.342], [20.6811, 45.3452], [20.6748, 45.3767], [20.6799, 45.3852], [20.6533, 45.4068], [20.6647, 45.4168], [20.6566, 45.4261], [20.6692, 45.4312], [20.6786, 45.4262], [20.6811, 45.4287], [20.6535, 45.4452], [20.6324, 45.435], [20.6189, 45.4373], [20.63, 45.4261], [20.6042, 45.4151], [20.5952, 45.4254], [20.5825, 45.4189], [20.5858, 45.4142], [20.5754, 45.4096], [20.5775, 45.4054], [20.5691, 45.4032], [20.5607, 45.4119], [20.5501, 45.4074], [20.5535, 45.4202], [20.516, 45.4576], [20.5057, 45.4532], [20.4985, 45.4618], [20.487, 45.459], [20.4861, 45.4636], [20.508, 45.4716], [20.4997, 45.4815], [20.4737, 45.4791], [20.4706, 45.4925], [20.4869, 45.4941], [20.4923, 45.5011], [20.4258, 45.562], [20.3877, 45.6102], [20.3756, 45.602], [20.3322, 45.6165]]]}}, {"type": "Feature", "properties": {"slug": "novi-sad", "name": "Novi Sad"}, "geometry": {"type": "Polygon", "coordinates": [[[20.0911, 45.1697], [20.105, 45.1924], [20.0974, 45.2054], [20.0977, 45.2162], [20.1037, 45.2281], [20.0909, 45.2278], [20.0924, 45.2352], [20.0795, 45.2344], [20.0827, 45.2533], [20.0614, 45.2523], [20.0511, 45.3005], [20.0051, 45.3034], [20.004, 45.308], [19.9737, 45.3267], [19.9836, 45.3424], [19.9481, 45.356], [19.9288, 45.3609], [19.8874, 45.3359], [19.8534, 45.3517], [19.8606, 45.3698], [19.8268, 45.3968], [19.8142, 45.4218], [19.7983, 45.4235], [19.7941, 45.4206], [19.749, 45.4217], [19.732, 45.4159], [19.7248, 45.4213], [19.7187, 45.4192], [19.705, 45.4293], [19.6433, 45.4132], [19.6331, 45.4011], [19.6444, 45.3941], [19.6654, 45.3682], [19.6741, 45.3459], [19.6743, 45.3174], [19.668, 45.3098], [19.6331, 45.3189], [19.6223, 45.317], [19.6211, 45.3126], [19.6305, 45.2963], [19.6014, 45.295], [19.6017, 45.2666], [19.5556, 45.2437], [19.5665, 45.22], [19.5858, 45.2092], [19.6004, 45.2106], [19.616, 45.2176], [19.683, 45.2224], [19.7081, 45.2302], [19.7732, 45.226], [19.7823, 45.2098], [19.7844, 45.1949], [19.7954, 45.1892], [19.7814, 45.171], [19.7806, 45.1632], [19.7857, 45.1584], [19.8325, 45.1479], [19.8395, 45.1497], [19.841, 45.1541], [19.8588, 45.1564], [19.8887, 45.154], [19.8975, 45.1714], [19.9051, 45.1742], [19.9022, 45.1878], [19.9071, 45.1999], [19.9006, 45.2028], [19.9286, 45.2252], [19.9506, 45.2059], [19.97, 45.2094], [19.9983, 45.1987], [20.0101, 45.2001], [20.0142, 45.1968], [20.0205, 45.2039], [20.0316, 45.2081], [20.0442, 45.2052], [20.0464, 45.1859], [20.0301, 45.1703], [20.0535, 45.1669], [20.0911, 45.1697]]]}}, {"type": "Feature", "properties": {"slug": "sabac", "name": "Šabac"}, "geometry": {"type": "Polygon", "coordinates": [[[19.677, 44.9243], [19.6749, 44.9183], [19.6576, 44.9104], [19.6385, 44.909], [19.6392, 44.9007], [19.6289, 44.9021], [19.6321, 44.8904], [19.6232, 44.8711], [19.6135, 44.8714], [19.6173, 44.8622], [19.6002, 44.8528], [19.6029, 44.8516], [19.5877, 44.8477], [19.5888, 44.8284], [19.5957, 44.8261], [19.6003, 44.8171], [19.5968, 44.8122], [19.5915, 44.8154], [19.5885, 44.8044], [19.5713, 44.7988], [19.5649, 44.79], [19.5594, 44.7908], [19.5659, 44.7819], [19.5643, 44.7695], [19.547, 44.7613], [19.544, 44.7637], [19.5271, 44.7496], [19.5218, 44.7514], [19.5062, 44.7389], [19.4999, 44.7389], [19.5123, 44.7515], [19.5035, 44.7524], [19.504, 44.7602], [19.4886, 44.7658], [19.4916, 44.769], [19.4818, 44.7733], [19.4492, 44.7762], [19.4351, 44.7593], [19.4237, 44.76], [19.4256, 44.7518], [19.4346, 44.75], [19.429, 44.7467], [19.4294, 44.7408], [19.413, 44.7406], [19.4116, 44.7365], [19.397, 44.74], [19.3974, 44.7427], [19.3841, 44.7423], [19.3836, 44.7381], [19.3656, 44.7381], [19.3653, 44.7345], [19.3577, 44.7336], [19.3459, 44.7354], [19.3428, 44.7313], [19.3399, 44.7342], [19.3322, 44.7305], [19.3234, 44.7402], [19.3121, 44.7411], [19.3017, 44.7309], [19.3139, 44.7215], [19.3108, 44.7161], [19.3005, 44.7134], [19.3024, 44.7086], [19.309, 44.7057], [19.3113, 44.7096], [19.3241, 44.7091], [19.3368, 44.7054], [19.3364, 44.7004], [19.3463, 44.6984], [19.3453, 44.6872], [19.3558, 44.6845], [19.3541, 44.6789], [19.3615, 44.6709], [19.3858, 44.6796], [19.4081, 44.6691], [19.4147, 44.6371], [19.4206, 44.6331], [19.4247, 44.6215], [19.4844, 44.611], [19.5285, 44.5845], [19.5281, 44.5788], [19.536, 44.5711], [19.5318, 44.5614], [19.5578, 44.5351], [19.5571, 44.5285], [19.5725, 44.5185], [19.5603, 44.4992], [19.5644, 44.4889], [19.5571, 44.4804], [19.5675, 44.4762], [19.5888, 44.4838], [19.5926, 44.4895], [19.6165, 44.4856], [19.6204, 44.4885], [19.6181, 44.4998], [19.6239, 44.5041], [19.6255, 44.5182], [19.6393, 44.5241], [19.6583, 44.5554], [19.6699, 44.5654], [19.6735, 44.5796], [19.6833, 44.5854], [19.687, 44.5925], [19.6771, 44.5938], [19.6788, 44.6051], [19.7004, 44.6138], [19.7063, 44.6125], [19.7101, 44.6182], [19.706, 44.6252], [19.7078, 44.6337], [19.6916, 44.6461], [19.6853, 44.6602], [19.7147, 44.6704], [19.7506, 44.6624], [19.7643, 44.6696], [19.764, 44.6809], [19.7817, 44.6868], [19.7956, 44.6841], [19.8059, 44.6688], [19.8428, 44.7003], [19.8426, 44.7073], [19.8522, 44.7143], [19.8037, 44.7432], [19.782, 44.748], [19.7234, 44.7492], [19.7038, 44.7679], [19.6928, 44.7913], [19.6948, 44.814], [19.7159, 44.8574], [19.721, 44.8535], [19.7298, 44.8629], [19.7397, 44.8839], [19.7561, 44.8949], [19.7586, 44.9065], [19.7494, 44.9132], [19.7238, 44.9105], [19.7049, 44.926], [19.677, 44.9243]]]}}, {"type": "Feature", "properties": {"slug": "loznica", "name": "Loznica"}, "geometry": {"type": "Polygon", "coordinates": [[[19.3113, 44.7096], [19.2999, 44.6952], [19.3032, 44.6884], [19.2887, 44.691], [19.2913, 44.6825], [19.2811, 44.6783], [19.2762, 44.668], [19.2827, 44.662], [19.2806, 44.6596], [19.2727, 44.6572], [19.2638, 44.6603], [19.2588, 44.657], [19.2663, 44.6479], [19.2573, 44.6347], [19.2364, 44.623], [19.2149, 44.6194], [19.2272, 44.6108], [19.2192, 44.5934], [19.2095, 44.5927], [19.2164, 44.5909], [19.2067, 44.5834], [19.2063, 44.5769], [19.1858, 44.5761], [19.1836, 44.5731], [19.1823, 44.5614], [19.192, 44.5518], [19.1902, 44.5468], [19.1775, 44.5398], [19.1764, 44.5314], [19.1631, 44.5221], [19.144, 44.5269], [19.129, 44.5207], [19.123, 44.5005], [19.1324, 44.4911], [19.1394, 44.4739], [19.1509, 44.4822], [19.1746, 44.4854], [19.1947, 44.4729], [19.205, 44.4603], [19.221, 44.4549], [19.2078, 44.4278], [19.2181, 44.4138], [19.2721, 44.3947], [19.276, 44.3976], [19.2757, 44.4089], [19.2674, 44.423], [19.2791, 44.4302], [19.273, 44.4358], [19.2868, 44.4374], [19.3142, 44.4505], [19.3284, 44.4408], [19.3399, 44.4565], [19.3636, 44.4596], [19.3694, 44.4625], [19.3712, 44.4696], [19.3892, 44.4656], [19.3953, 44.46], [19.3954, 44.453], [19.4174, 44.4462], [19.4291, 44.4534], [19.4385, 44.4719], [19.4504, 44.4749], [19.5017, 44.4813], [19.5237, 44.4759], [19.5393, 44.4832], [19.5571, 44.4804], [19.5644, 44.4889], [19.5603, 44.4992], [19.5725, 44.5185], [19.5571, 44.5285], [19.5578, 44.5351], [19.5318, 44.5614], [19.536, 44.5711], [19.5281, 44.5788], [19.5285, 44.5845], [19.4844, 44.611], [19.4247, 44.6215], [19.4206, 44.6331], [19.4147, 44.6371], [19.4081, 44.6691], [19.3858, 44.6796], [19.3615, 44.6709], [19.3541, 44.6789], [19.3558, 44.6845], [19.3453, 44.6872], [19.3463, 44.6984], [19.3364, 44.7004], [19.3368, 44.7054], [19.3113, 44.7096]]]}}, {"type": "Feature", "properties": {"slug": "vranje", "name": "Vranje"}, "geometry": {"type": "Polygon", "coordinates": [[[22.235, 42.5655], [22.2315, 42.5698], [22.2201, 42.5716], [22.2204, 42.5772], [22.2092, 42.5817], [22.2057, 42.5874], [22.181, 42.5881], [22.1661, 42.5942], [22.1682, 42.5983], [22.1392, 42.6244], [22.1349, 42.6162], [22.1176, 42.6139], [22.1211, 42.6096], [22.1169, 42.6043], [22.0983, 42.6065], [22.0868, 42.6029], [22.0704, 42.6091], [22.0671, 42.6148], [22.0413, 42.6201], [22.0398, 42.6257], [22.0218, 42.6113], [22.0104, 42.6104], [21.9977, 42.593], [21.978, 42.605], [21.9864, 42.6156], [21.9752, 42.6382], [21.9272, 42.6487], [21.9239, 42.6543], [21.9228, 42.664], [21.9289, 42.6693], [21.934, 42.6856], [21.926, 42.7025], [21.9438, 42.7362], [21.9446, 42.7459], [21.9382, 42.7599], [21.9406, 42.7653], [21.9356, 42.7738], [21.9475, 42.7816], [21.9522, 42.7924], [21.9635, 42.7933], [21.9657, 42.7973], [21.9557, 42.8017], [21.9017, 42.799], [21.8884, 42.7925], [21.8793, 42.7968], [21.8421, 42.7936], [21.8361, 42.7856], [21.8305, 42.7844], [21.8283, 42.7776], [21.8355, 42.772], [21.8204, 42.7669], [21.8201, 42.7587], [21.805, 42.755], [21.8058, 42.7305], [21.796, 42.7184], [21.7957, 42.713], [21.776, 42.7175], [21.7338, 42.713], [21.689, 42.6952], [21.6917, 42.6891], [21.7023, 42.692], [21.7152, 42.6896], [21.752, 42.7013], [21.7613, 42.6827], [21.7716, 42.676], [21.7728, 42.6669], [21.7904, 42.6512], [21.8336, 42.649], [21.8445, 42.639], [21.8479, 42.6293], [21.8624, 42.6165], [21.8485, 42.596], [21.7852, 42.5682], [21.7772, 42.5558], [21.7706, 42.531], [21.8839, 42.4397], [21.8982, 42.4199], [21.9432, 42.4148], [21.9559, 42.4035], [21.9634, 42.4105], [21.9861, 42.4091], [21.9993, 42.4147], [22.0087, 42.4133], [22.0144, 42.4175], [22.0124, 42.4287], [22.02, 42.4329], [22.0313, 42.4259], [22.0351, 42.419], [22.0465, 42.4148], [22.0766, 42.4316], [22.0898, 42.433], [22.1049, 42.4233], [22.1125, 42.4303], [22.103, 42.44], [22.1086, 42.4651], [22.1312, 42.4596], [22.1388, 42.4512], [22.152, 42.4498], [22.1765, 42.4569], [22.1784, 42.4638], [22.1954, 42.4652], [22.1991, 42.468], [22.201, 42.4806], [22.2158, 42.4902], [22.2119, 42.4916], [22.2142, 42.5059], [22.2086, 42.5145], [22.2146, 42.5216], [22.2108, 42.5259], [22.2304, 42.5342], [22.235, 42.5655]]]}}, {"type": "Feature", "properties": {"slug": "leskovac", "name": "Leskovac"}, "geometry": {"type": "Polygon", "coordinates": [[[21.9657, 42.7973], [21.9759, 42.7985], [21.9857, 42.8092], [21.9894, 42.8091], [21.991, 42.8022], [21.9947, 42.8035], [22.0014, 42.8279], [22.0165, 42.8343], [22.024, 42.8355], [22.0325, 42.8176], [22.0399, 42.8174], [22.0549, 42.8197], [22.0852, 42.8326], [22.1036, 42.8308], [22.1076, 42.8362], [22.1151, 42.8373], [22.131, 42.8206], [22.1155, 42.806], [22.13, 42.7975], [22.141, 42.7959], [22.1641, 42.813], [22.1845, 42.8139], [22.1709, 42.8006], [22.1999, 42.7835], [22.2077, 42.7915], [22.208, 42.7983], [22.1889, 42.8079], [22.1907, 42.8121], [22.2098, 42.8095], [22.2193, 42.8137], [22.2326, 42.8097], [22.2171, 42.8305], [22.2189, 42.8403], [22.2112, 42.8444], [22.1998, 42.8401], [22.1979, 42.8443], [22.1922, 42.8415], [22.1903, 42.8443], [22.2016, 42.8471], [22.2072, 42.8556], [22.2129, 42.857], [22.2295, 42.8948], [22.1934, 42.889], [22.1763, 42.8916], [22.1647, 42.8999], [22.1647, 42.9041], [22.1551, 42.9068], [22.1416, 42.9193], [22.1492, 42.9207], [22.1472, 42.9249], [22.1282, 42.9233], [22.1243, 42.9303], [22.1185, 42.9316], [22.1184, 42.94], [22.0899, 42.9384], [22.0862, 42.9314], [22.0654, 42.9215], [22.0576, 42.9284], [22.0537, 42.9367], [22.0556, 42.9409], [22.0403, 42.9408], [22.0398, 42.9812], [22.0549, 42.9869], [22.0548, 42.9939], [22.0623, 43.0023], [22.0852, 43.0025], [22.0945, 43.0137], [22.0888, 43.0164], [22.0887, 43.022], [22.081, 43.0247], [22.0981, 43.0318], [22.1018, 43.0388], [22.1113, 43.0389], [22.1113, 43.043], [22.117, 43.0431], [22.115, 43.0473], [22.1188, 43.0515], [22.1245, 43.0501], [22.1263, 43.0543], [22.1358, 43.0558], [22.1415, 43.06], [22.1453, 43.0725], [22.1396, 43.0739], [22.1415, 43.0809], [22.1092, 43.0979], [22.1017, 43.1063], [22.0921, 43.1049], [22.0636, 43.1232], [22.0447, 43.1429], [21.9781, 43.1656], [21.9607, 43.1517], [21.9416, 43.1504], [21.9378, 43.156], [21.9262, 43.1422], [21.9128, 43.1367], [21.9148, 43.1464], [21.911, 43.152], [21.8883, 43.1717], [21.8805, 43.1606], [21.8729, 43.1606], [21.8556, 43.1509], [21.8269, 43.1553], [21.802, 43.1471], [21.8134, 43.1442], [21.8172, 43.1344], [21.8076, 43.1331], [21.8056, 43.1275], [21.7844, 43.1137], [21.7957, 43.1029], [21.8126, 43.0962], [21.8165, 43.0813], [21.8259, 43.0718], [21.8315, 43.0732], [21.8335, 43.0569], [21.8411, 43.0501], [21.8355, 43.0446], [21.8207, 43.0418], [21.8097, 43.0281], [21.8079, 43.0145], [21.7933, 42.9954], [21.8157, 42.9914], [21.8193, 42.9983], [21.8231, 42.9983], [21.8381, 42.9902], [21.8625, 42.9699], [21.8644, 42.9672], [21.8588, 42.9644], [21.8946, 42.9333], [21.8835, 42.9264], [21.8575, 42.9208], [21.8557, 42.9167], [21.8444, 42.9221], [21.8316, 42.9097], [21.8148, 42.911], [21.8074, 42.9014], [21.8057, 42.8905], [21.7817, 42.8767], [21.7818, 42.8685], [21.7874, 42.8631], [21.7803, 42.8357], [21.7841, 42.8262], [21.7897, 42.8235], [21.7842, 42.8193], [21.7824, 42.8111], [21.7695, 42.8056], [21.7714, 42.796], [21.7659, 42.7946], [21.7698, 42.7783], [21.744, 42.7535], [21.7349, 42.737], [21.7201, 42.7301], [21.7222, 42.7123], [21.689, 42.6952], [21.7338, 42.713], [21.776, 42.7175], [21.7957, 42.713], [21.796, 42.7184], [21.8058, 42.7305], [21.805, 42.755], [21.8201, 42.7587], [21.8204, 42.7669], [21.8355, 42.772], [21.8283, 42.7776], [21.8305, 42.7844], [21.8361, 42.7856], [21.8421, 42.7936], [21.8793, 42.7968], [21.8884, 42.7925], [21.9017, 42.799], [21.9295, 42.7983], [21.9409, 42.8035], [21.9657, 42.7973]]]}}, {"type": "Feature", "properties": {"slug": "krusevac", "name": "Kruševac"}, "geometry": {"type": "Polygon", "coordinates": [[[21.4838, 43.3759], [21.486, 43.3845], [21.5116, 43.3914], [21.5255, 43.3999], [21.5236, 43.4056], [21.5631, 43.4153], [21.5752, 43.4352], [21.5831, 43.4395], [21.5655, 43.4453], [21.5675, 43.4524], [21.5597, 43.4568], [21.5637, 43.4582], [21.5599, 43.4668], [21.5481, 43.4683], [21.5601, 43.4825], [21.5603, 43.5024], [21.5744, 43.5209], [21.5745, 43.528], [21.5726, 43.5394], [21.5589, 43.5409], [21.5453, 43.5553], [21.5476, 43.5738], [21.5321, 43.591], [21.5321, 43.5967], [21.546, 43.6066], [21.5481, 43.6151], [21.5323, 43.6109], [21.5206, 43.6181], [21.5126, 43.6068], [21.5067, 43.6054], [21.495, 43.614], [21.4912, 43.6014], [21.4834, 43.6013], [21.4582, 43.59], [21.4465, 43.5956], [21.4523, 43.6054], [21.4424, 43.6209], [21.4308, 43.6209], [21.419, 43.6293], [21.4093, 43.6307], [21.3975, 43.6433], [21.382, 43.6475], [21.3781, 43.6362], [21.3508, 43.6445], [21.3431, 43.6431], [21.3391, 43.6487], [21.3294, 43.6473], [21.3235, 43.6613], [21.3273, 43.6726], [21.3195, 43.681], [21.3097, 43.6824], [21.2962, 43.6739], [21.2884, 43.6781], [21.2748, 43.6752], [21.2495, 43.678], [21.2358, 43.6836], [21.2027, 43.6849], [21.1715, 43.7016], [21.1559, 43.6974], [21.156, 43.6889], [21.1502, 43.6889], [21.1444, 43.6832], [21.1425, 43.6692], [21.1601, 43.6552], [21.1582, 43.6509], [21.166, 43.6453], [21.1701, 43.6115], [21.1624, 43.6045], [21.1605, 43.596], [21.1644, 43.596], [21.1663, 43.6017], [21.1838, 43.5989], [21.1839, 43.5904], [21.1917, 43.5891], [21.1859, 43.5778], [21.1704, 43.5679], [21.1646, 43.5692], [21.1472, 43.5509], [21.1472, 43.5424], [21.1609, 43.5382], [21.1628, 43.5439], [21.1764, 43.5453], [21.1783, 43.5425], [21.1802, 43.551], [21.1958, 43.5454], [21.2075, 43.5468], [21.2115, 43.5229], [21.1999, 43.5172], [21.2019, 43.5087], [21.2097, 43.5031], [21.2331, 43.5032], [21.237, 43.499], [21.2234, 43.4876], [21.2118, 43.4862], [21.204, 43.4791], [21.2177, 43.4678], [21.2158, 43.4636], [21.1984, 43.4452], [21.1771, 43.4366], [21.1733, 43.4211], [21.1481, 43.4111], [21.1481, 43.4069], [21.1616, 43.3998], [21.1693, 43.4025], [21.2021, 43.401], [21.204, 43.3883], [21.2252, 43.3854], [21.2289, 43.3714], [21.2347, 43.3728], [21.2404, 43.3685], [21.273, 43.3754], [21.2904, 43.3878], [21.298, 43.385], [21.3096, 43.3919], [21.3364, 43.3932], [21.3537, 43.4015], [21.3729, 43.3986], [21.3824, 43.3902], [21.392, 43.3958], [21.4111, 43.3929], [21.4208, 43.3998], [21.4361, 43.3956], [21.4456, 43.3844], [21.4552, 43.3857], [21.4666, 43.3801], [21.4781, 43.3829], [21.4838, 43.3759]]]}}, {"type": "Feature", "properties": {"slug": "kraljevo", "name": "Kraljevo"}, "geometry": {"type": "Polygon", "coordinates": [[[20.9639, 43.7493], [20.9657, 43.7577], [20.9617, 43.7633], [20.9403, 43.7715], [20.946, 43.7827], [20.9381, 43.7896], [20.93, 43.816], [20.9318, 43.823], [20.9238, 43.8301], [20.9238, 43.8386], [20.9119, 43.8429], [20.9099, 43.8486], [20.9019, 43.8515], [20.894, 43.8486], [20.8782, 43.8557], [20.8762, 43.86], [20.8584, 43.86], [20.8564, 43.8571], [20.8643, 43.8485], [20.8544, 43.8457], [20.8326, 43.8528], [20.795, 43.8499], [20.7752, 43.8427], [20.7773, 43.8298], [20.7872, 43.8256], [20.7892, 43.8199], [20.7872, 43.8084], [20.7734, 43.8041], [20.7714, 43.7998], [20.7457, 43.7955], [20.708, 43.804], [20.7041, 43.8097], [20.706, 43.8126], [20.6921, 43.8211], [20.6921, 43.8283], [20.6763, 43.834], [20.6723, 43.8411], [20.6782, 43.8525], [20.6683, 43.8525], [20.6404, 43.8811], [20.627, 43.874], [20.6289, 43.8699], [20.6251, 43.8657], [20.6116, 43.8656], [20.5693, 43.8418], [20.5771, 43.8376], [20.581, 43.8265], [20.5676, 43.8139], [20.5677, 43.8069], [20.5599, 43.8083], [20.5542, 43.7985], [20.5331, 43.7901], [20.5254, 43.7831], [20.5138, 43.7844], [20.512, 43.7746], [20.4986, 43.7565], [20.4812, 43.7578], [20.4658, 43.7549], [20.4639, 43.7493], [20.433, 43.7464], [20.4274, 43.7297], [20.441, 43.7172], [20.4487, 43.72], [20.4507, 43.706], [20.4469, 43.7018], [20.4547, 43.6865], [20.4453, 43.6655], [20.4299, 43.6613], [20.4201, 43.6696], [20.3855, 43.6499], [20.3837, 43.6387], [20.4012, 43.6262], [20.3917, 43.6108], [20.3918, 43.5912], [20.3803, 43.5786], [20.3419, 43.5546], [20.3303, 43.5532], [20.3284, 43.549], [20.3362, 43.5504], [20.3362, 43.542], [20.342, 43.5435], [20.3459, 43.5351], [20.3556, 43.5337], [20.3634, 43.5225], [20.3964, 43.5059], [20.4023, 43.4947], [20.4334, 43.464], [20.4201, 43.4317], [20.4241, 43.4205], [20.4338, 43.4164], [20.4165, 43.4107], [20.4204, 43.3995], [20.432, 43.3939], [20.4436, 43.401], [20.4532, 43.3926], [20.4765, 43.3926], [20.4843, 43.3954], [20.4823, 43.3982], [20.4882, 43.4025], [20.5018, 43.4011], [20.5115, 43.4081], [20.5037, 43.411], [20.525, 43.4124], [20.5328, 43.4194], [20.5483, 43.4138], [20.562, 43.3997], [20.5717, 43.3983], [20.5833, 43.4068], [20.595, 43.4082], [20.6124, 43.4237], [20.628, 43.4237], [20.6318, 43.4308], [20.6415, 43.4265], [20.661, 43.4266], [20.6629, 43.4209], [20.6823, 43.4181], [20.6843, 43.4294], [20.6784, 43.4364], [20.692, 43.4379], [20.692, 43.4435], [20.7134, 43.4393], [20.7231, 43.4449], [20.7444, 43.4478], [20.758, 43.4576], [20.7949, 43.4534], [20.8007, 43.4562], [20.799, 43.4716], [20.8106, 43.4772], [20.8087, 43.4814], [20.7991, 43.4913], [20.7782, 43.5278], [20.7456, 43.5321], [20.738, 43.5434], [20.7419, 43.5546], [20.7709, 43.5586], [20.7921, 43.5529], [20.8095, 43.5556], [20.8135, 43.564], [20.7942, 43.5739], [20.7866, 43.5823], [20.7789, 43.5824], [20.7809, 43.5893], [20.7713, 43.5978], [20.7713, 43.6034], [20.7617, 43.609], [20.7524, 43.6384], [20.7679, 43.6509], [20.766, 43.6551], [20.7971, 43.6759], [20.8147, 43.6981], [20.8263, 43.7009], [20.8263, 43.7051], [20.8321, 43.7064], [20.8437, 43.7022], [20.8455, 43.6924], [20.861, 43.6923], [20.8628, 43.677], [20.8666, 43.6728], [20.8704, 43.6727], [20.8724, 43.6811], [20.8782, 43.6797], [20.882, 43.6713], [20.8955, 43.6712], [20.8954, 43.6602], [20.9051, 43.6644], [20.9032, 43.6686], [20.9111, 43.6797], [20.9383, 43.695], [20.9306, 43.7062], [20.9328, 43.7257], [20.9405, 43.7313], [20.9368, 43.7425], [20.9639, 43.7493]]]}}, {"type": "Feature", "properties": {"slug": "novi-pazar", "name": "Novi Pazar"}, "geometry": {"type": "Polygon", "coordinates": [[[20.5147, 42.9694], [20.5364, 42.9747], [20.54, 42.9655], [20.548, 42.9614], [20.5564, 42.9686], [20.5544, 42.9749], [20.5676, 42.9837], [20.5712, 42.997], [20.5822, 42.9995], [20.589, 43.0085], [20.5989, 43.0132], [20.6171, 43.0025], [20.6323, 43.0076], [20.6425, 43.0062], [20.6406, 43.0153], [20.6448, 43.0212], [20.654, 43.022], [20.6538, 43.0289], [20.6582, 43.0338], [20.6738, 43.0377], [20.6708, 43.0645], [20.6614, 43.0674], [20.6592, 43.0729], [20.6876, 43.082], [20.6948, 43.0883], [20.6959, 43.0951], [20.6914, 43.1018], [20.6964, 43.1066], [20.6896, 43.1199], [20.6609, 43.1375], [20.6644, 43.1433], [20.6625, 43.1532], [20.6124, 43.1738], [20.6157, 43.1793], [20.6143, 43.1901], [20.5971, 43.2054], [20.5894, 43.2068], [20.5777, 43.2207], [20.5505, 43.2402], [20.5216, 43.2499], [20.5176, 43.2555], [20.4634, 43.2874], [20.4248, 43.29], [20.4191, 43.2844], [20.3863, 43.2912], [20.3768, 43.2828], [20.3634, 43.2813], [20.3538, 43.2742], [20.3306, 43.2797], [20.3112, 43.2923], [20.3073, 43.3035], [20.2974, 43.3119], [20.2722, 43.3019], [20.2723, 43.2948], [20.2607, 43.2862], [20.2646, 43.2834], [20.2569, 43.2749], [20.257, 43.265], [20.2629, 43.2551], [20.2514, 43.2423], [20.2398, 43.2437], [20.2282, 43.2351], [20.236, 43.2267], [20.2264, 43.2209], [20.2575, 43.2169], [20.2557, 43.2055], [20.2499, 43.2012], [20.2655, 43.1999], [20.3006, 43.1803], [20.3084, 43.1677], [20.3046, 43.1648], [20.3065, 43.1606], [20.3162, 43.148], [20.3296, 43.1425], [20.3316, 43.1355], [20.3508, 43.1285], [20.3721, 43.0935], [20.3914, 43.0795], [20.401, 43.0823], [20.3991, 43.0725], [20.426, 43.0767], [20.4241, 43.0697], [20.428, 43.0571], [20.4184, 43.0444], [20.4204, 43.0318], [20.4397, 43.0206], [20.457, 43.0038], [20.5012, 43.0109], [20.507, 43.0151], [20.5147, 43.0123], [20.5166, 43.0053], [20.5089, 43.0011], [20.5186, 42.9884], [20.5148, 42.987], [20.5186, 42.9772], [20.5129, 42.973], [20.5147, 42.9694]]]}}, {"type": "Feature", "properties": {"slug": "nis", "name": "Niš"}, "geometry": {"type": "Polygon", "coordinates": [[[22.1122, 43.2109], [22.1181, 43.2165], [22.1162, 43.2235], [22.1203, 43.2333], [22.1261, 43.2361], [22.1302, 43.2487], [22.14, 43.2584], [22.1401, 43.2654], [22.1633, 43.2666], [22.1673, 43.275], [22.1541, 43.2934], [22.1407, 43.2977], [22.1428, 43.3047], [22.139, 43.3103], [22.1433, 43.3327], [22.1338, 43.3427], [22.1359, 43.3525], [22.1128, 43.3571], [22.1016, 43.3686], [22.0479, 43.3892], [21.9878, 43.3905], [21.9824, 43.4008], [21.9613, 43.4104], [21.9599, 43.4273], [21.9544, 43.4359], [21.9373, 43.4489], [21.9282, 43.4645], [21.9302, 43.4687], [21.9132, 43.4816], [21.8881, 43.4758], [21.8861, 43.4786], [21.8452, 43.481], [21.8072, 43.4383], [21.7937, 43.4339], [21.7819, 43.4395], [21.7586, 43.4406], [21.7529, 43.4349], [21.7531, 43.4237], [21.7647, 43.4266], [21.7571, 43.4181], [21.7767, 43.4084], [21.7729, 43.4013], [21.7362, 43.3925], [21.7093, 43.3795], [21.7207, 43.3737], [21.7451, 43.3496], [21.7271, 43.3274], [21.7382, 43.3104], [21.7514, 43.299], [21.7843, 43.3055], [21.7953, 43.2829], [21.8106, 43.2799], [21.8143, 43.2743], [21.8084, 43.2673], [21.8334, 43.2656], [21.8371, 43.2613], [21.8486, 43.264], [21.8487, 43.2723], [21.8545, 43.2792], [21.8716, 43.275], [21.8794, 43.286], [21.8832, 43.2846], [21.8907, 43.2804], [21.8923, 43.2512], [21.8999, 43.2484], [21.9149, 43.2219], [21.9206, 43.2359], [21.9263, 43.2387], [21.9378, 43.2247], [21.9417, 43.2247], [21.9761, 43.2443], [21.9895, 43.2443], [22.0029, 43.2499], [22.0087, 43.2569], [22.0125, 43.2541], [22.0393, 43.2583], [22.0719, 43.2458], [22.093, 43.2206], [22.1122, 43.2109]]]}}, {"type": "Feature", "properties": {"slug": "zajecar", "name": "Zaječar"}, "geometry": {"type": "Polygon", "coordinates": [[[22.4066, 43.6986], [22.4045, 43.7169], [22.3942, 43.7304], [22.3999, 43.738], [22.3982, 43.7503], [22.4025, 43.7589], [22.3953, 43.7593], [22.3774, 43.7752], [22.3571, 43.8095], [22.3606, 43.8233], [22.366, 43.8254], [22.3788, 43.846], [22.3887, 43.8789], [22.3945, 43.9096], [22.3885, 43.9267], [22.4088, 43.9396], [22.4063, 43.9479], [22.4114, 43.9547], [22.4132, 43.9721], [22.4087, 43.9871], [22.4173, 43.9924], [22.4091, 43.9972], [22.412, 43.9998], [22.4095, 44.0042], [22.4412, 44.0102], [22.4422, 44.0166], [22.4678, 44.015], [22.4846, 44.0204], [22.5311, 44.0208], [22.5435, 44.0336], [22.5378, 44.0382], [22.542, 44.0421], [22.5357, 44.0456], [22.5198, 44.0436], [22.4909, 44.0497], [22.4807, 44.03], [22.4654, 44.0318], [22.4688, 44.0478], [22.4597, 44.0486], [22.455, 44.0537], [22.4603, 44.07], [22.4531, 44.0793], [22.4753, 44.0826], [22.4742, 44.0955], [22.4793, 44.0964], [22.4873, 44.0894], [22.4934, 44.0987], [22.4874, 44.1012], [22.4848, 44.1107], [22.4771, 44.1177], [22.4772, 44.1272], [22.4491, 44.1291], [22.4298, 44.1358], [22.4333, 44.1407], [22.4281, 44.1489], [22.4122, 44.1537], [22.4039, 44.1629], [22.3924, 44.1613], [22.3824, 44.1669], [22.3686, 44.1647], [22.3537, 44.1551], [22.3495, 44.156], [22.3464, 44.1532], [22.3489, 44.1499], [22.3114, 44.1573], [22.2743, 44.1593], [22.272, 44.1681], [22.263, 44.1683], [22.2394, 44.1881], [22.2348, 44.1871], [22.2285, 44.1752], [22.2329, 44.1665], [22.2251, 44.1616], [22.2239, 44.1504], [22.2122, 44.153], [22.2024, 44.1477], [22.204, 44.1377], [22.2189, 44.1264], [22.2276, 44.1113], [22.2238, 44.1104], [22.2234, 44.1044], [22.2349, 44.0892], [22.2297, 44.0831], [22.25, 44.0656], [22.2424, 44.0544], [22.2438, 44.0393], [22.2388, 44.0306], [22.2218, 44.0278], [22.2187, 44.0167], [22.1961, 44.0045], [22.1905, 43.9946], [22.1863, 43.9948], [22.1895, 43.9891], [22.1836, 43.9705], [22.1789, 43.9712], [22.1794, 43.9672], [22.1677, 43.9595], [22.173, 43.9451], [22.1665, 43.9386], [22.1656, 43.9261], [22.1396, 43.9215], [22.1357, 43.9162], [22.1381, 43.9146], [22.1283, 43.9061], [22.1321, 43.8834], [22.1277, 43.8787], [22.1289, 43.8743], [22.1172, 43.8754], [22.0944, 43.8583], [22.0805, 43.8561], [22.0736, 43.8477], [22.0743, 43.8415], [22.0672, 43.8383], [22.1133, 43.8275], [22.1189, 43.824], [22.117, 43.8134], [22.1237, 43.8097], [22.1231, 43.8042], [22.1114, 43.7948], [22.1074, 43.7821], [22.098, 43.781], [22.0872, 43.7676], [22.0639, 43.7623], [22.0631, 43.7477], [22.0576, 43.7448], [22.0537, 43.7255], [22.0744, 43.7115], [22.1273, 43.7109], [22.1527, 43.7181], [22.1492, 43.7318], [22.1587, 43.7315], [22.1712, 43.7282], [22.1881, 43.7148], [22.1962, 43.7118], [22.2041, 43.7144], [22.2005, 43.7056], [22.2123, 43.6993], [22.2285, 43.6986], [22.2458, 43.7041], [22.2851, 43.6964], [22.2864, 43.7], [22.304, 43.6914], [22.3159, 43.6934], [22.3268, 43.6853], [22.3368, 43.6921], [22.3392, 43.6898], [22.356, 43.6939], [22.3581, 43.6867], [22.3724, 43.6948], [22.3849, 43.6908], [22.4016, 43.6933], [22.4066, 43.6986]]]}}, {"type": "Feature", "properties": {"slug": "jagodina", "name": "Jagodina"}, "geometry": {"type": "Polygon", "coordinates": [[[21.2808, 43.8842], [21.2644, 43.9044], [21.2818, 43.9075], [21.2854, 43.9136], [21.3063, 43.926], [21.3068, 43.9298], [21.3221, 43.937], [21.323, 43.9343], [21.3322, 43.9368], [21.3331, 43.941], [21.3208, 43.9469], [21.3189, 43.9522], [21.3123, 43.9477], [21.3042, 43.9517], [21.3026, 43.9536], [21.3087, 43.9546], [21.3012, 43.9609], [21.3328, 43.9643], [21.3413, 43.9723], [21.3343, 43.9769], [21.3377, 43.9904], [21.3206, 43.9928], [21.3311, 43.9963], [21.3335, 44.0012], [21.3209, 43.9986], [21.317, 44.0021], [21.31, 43.9987], [21.2967, 44.0085], [21.3087, 44.0198], [21.3185, 44.0216], [21.3245, 44.0253], [21.3239, 44.0288], [21.3347, 44.0315], [21.3429, 44.039], [21.3504, 44.0406], [21.3574, 44.0362], [21.3684, 44.0399], [21.3651, 44.0431], [21.371, 44.0464], [21.3676, 44.0599], [21.3564, 44.0635], [21.3447, 44.075], [21.3097, 44.0806], [21.3024, 44.0932], [21.3075, 44.0961], [21.3034, 44.099], [21.3089, 44.1032], [21.3092, 44.1098], [21.2985, 44.118], [21.2982, 44.1254], [21.291, 44.1197], [21.2685, 44.1196], [21.268, 44.1135], [21.2745, 44.113], [21.2646, 44.1055], [21.262, 44.0949], [21.2292, 44.0866], [21.2268, 44.0799], [21.2329, 44.0723], [21.2199, 44.0675], [21.2039, 44.0647], [21.1946, 44.0715], [21.1892, 44.0911], [21.171, 44.0924], [21.1753, 44.0965], [21.1916, 44.0953], [21.1998, 44.1032], [21.1949, 44.1072], [21.1812, 44.1067], [21.1831, 44.1232], [21.155, 44.1229], [21.155, 44.1165], [21.1432, 44.1118], [21.1361, 44.0978], [21.0813, 44.0796], [21.0848, 44.0713], [21.0937, 44.0709], [21.0978, 44.0642], [21.1102, 44.0613], [21.1061, 44.0552], [21.1143, 44.0476], [21.1142, 44.043], [21.1048, 44.0322], [21.1045, 44.0256], [21.0965, 44.0195], [21.0966, 44.0129], [21.0894, 44.0117], [21.0725, 44.0183], [21.0681, 44.0159], [21.0714, 44.0122], [21.0621, 44.0121], [21.0669, 44.0069], [21.0598, 44.0076], [21.0603, 44.0027], [21.0547, 44.006], [21.0459, 44.0041], [21.051, 43.9895], [21.0665, 43.9774], [21.0747, 43.9634], [21.0616, 43.9553], [21.0483, 43.9587], [21.0548, 43.9508], [21.0526, 43.9438], [21.0574, 43.9391], [21.059, 43.9273], [21.0557, 43.9245], [21.0709, 43.9141], [21.0812, 43.9162], [21.1001, 43.9096], [21.1157, 43.9136], [21.1135, 43.9036], [21.1198, 43.8959], [21.1338, 43.8936], [21.1308, 43.8876], [21.1344, 43.8848], [21.1547, 43.8874], [21.1766, 43.8843], [21.1815, 43.8752], [21.2091, 43.8636], [21.2104, 43.8598], [21.2159, 43.8603], [21.2141, 43.8572], [21.2239, 43.8537], [21.2245, 43.8499], [21.2316, 43.853], [21.236, 43.8479], [21.2606, 43.8409], [21.2714, 43.8581], [21.2697, 43.8709], [21.2808, 43.8842]]]}}, {"type": "Feature", "properties": {"slug": "smederevo", "name": "Smederevo"}, "geometry": {"type": "Polygon", "coordinates": [[[21.1343, 44.5161], [21.1255, 44.5189], [21.1281, 44.5284], [21.1426, 44.5289], [21.1511, 44.5408], [21.1417, 44.5434], [21.14, 44.5347], [21.1346, 44.5338], [21.1172, 44.5476], [21.1223, 44.5501], [21.1379, 44.5456], [21.1392, 44.5498], [21.1275, 44.5687], [21.137, 44.5706], [21.1364, 44.5805], [21.1463, 44.5801], [21.1469, 44.5846], [21.1167, 44.5865], [21.1161, 44.5946], [21.1124, 44.5962], [21.0928, 44.5881], [21.0857, 44.5927], [21.0867, 44.6005], [21.0832, 44.6035], [21.0721, 44.6102], [21.0668, 44.6079], [21.0569, 44.617], [21.0623, 44.6203], [21.0693, 44.6151], [21.0812, 44.6181], [21.0812, 44.6231], [21.0883, 44.6289], [21.0741, 44.6331], [21.0722, 44.6278], [21.0646, 44.6257], [21.0615, 44.6371], [21.0494, 44.6331], [21.0529, 44.6414], [21.0616, 44.6454], [21.0503, 44.6436], [21.045, 44.638], [21.0365, 44.6409], [21.0351, 44.6457], [21.0466, 44.6523], [21.0307, 44.6599], [21.0277, 44.6655], [21.0364, 44.6693], [21.0446, 44.6629], [21.0478, 44.6652], [21.0393, 44.6757], [21.0249, 44.6733], [21.0225, 44.6802], [21.0392, 44.6815], [21.0419, 44.6841], [21.0398, 44.6933], [21.0519, 44.6931], [21.0543, 44.6972], [21.044, 44.6992], [21.0484, 44.7062], [21.0451, 44.7106], [21.0436, 44.7046], [21.0344, 44.6995], [21.0311, 44.7], [21.0402, 44.706], [21.0396, 44.71], [21.0328, 44.7094], [21.0302, 44.7024], [21.0229, 44.7059], [21.0367, 44.7188], [21.0069, 44.7215], [20.9948, 44.7191], [20.9108, 44.6676], [20.8355, 44.6586], [20.8169, 44.6629], [20.817, 44.6577], [20.8051, 44.6534], [20.8052, 44.6337], [20.7935, 44.6153], [20.8034, 44.6126], [20.8173, 44.5999], [20.8213, 44.5943], [20.8194, 44.5858], [20.7798, 44.5772], [20.7719, 44.573], [20.7739, 44.5688], [20.77, 44.5659], [20.7601, 44.5659], [20.7483, 44.5574], [20.7542, 44.5532], [20.7483, 44.5489], [20.7701, 44.5448], [20.7782, 44.5208], [20.8178, 44.5167], [20.8277, 44.5252], [20.8751, 44.5338], [20.9147, 44.5325], [20.9326, 44.5255], [20.9564, 44.5143], [20.9584, 44.5101], [20.9347, 44.4973], [20.9308, 44.4916], [20.9309, 44.486], [20.9507, 44.4761], [20.9507, 44.4705], [20.9745, 44.4706], [20.9784, 44.4762], [20.9824, 44.4748], [20.9942, 44.4819], [20.9903, 44.4833], [20.9902, 44.4904], [21.0041, 44.4904], [21.0198, 44.5074], [21.0277, 44.5089], [21.0258, 44.5004], [21.012, 44.4919], [21.0219, 44.4877], [21.0417, 44.4906], [21.0476, 44.4863], [21.0496, 44.4892], [21.0757, 44.4792], [21.1017, 44.4886], [21.1069, 44.4972], [21.1244, 44.5043], [21.1278, 44.5125], [21.1343, 44.5161]]]}}, {"type": "Feature", "properties": {"slug": "pozarevac", "name": "Požarevac"}, "geometry": {"type": "Polygon", "coordinates": [[[21.1255, 44.5189], [21.1433, 44.5148], [21.1429, 44.5033], [21.1533, 44.4995], [21.1607, 44.5062], [21.1661, 44.5031], [21.1737, 44.508], [21.2038, 44.5066], [21.2278, 44.5154], [21.2191, 44.5202], [21.219, 44.527], [21.2106, 44.532], [21.2194, 44.548], [21.2184, 44.5588], [21.2199, 44.5619], [21.2448, 44.5626], [21.2489, 44.5668], [21.2298, 44.5681], [21.235, 44.5721], [21.2365, 44.5813], [21.2268, 44.5796], [21.2133, 44.5878], [21.235, 44.5975], [21.2628, 44.5963], [21.2686, 44.6005], [21.2964, 44.6007], [21.2982, 44.6106], [21.2942, 44.6134], [21.2946, 44.6258], [21.3205, 44.6217], [21.3564, 44.6232], [21.3697, 44.6286], [21.3852, 44.6434], [21.39, 44.6422], [21.3893, 44.65], [21.3766, 44.6606], [21.3569, 44.6578], [21.3343, 44.6673], [21.2741, 44.6822], [21.2808, 44.6926], [21.2779, 44.6966], [21.2887, 44.7033], [21.2706, 44.7057], [21.2718, 44.7114], [21.3106, 44.7232], [21.3263, 44.7308], [21.3338, 44.7421], [21.3395, 44.7395], [21.3433, 44.745], [21.3506, 44.745], [21.3513, 44.7519], [21.3469, 44.758], [21.3414, 44.7579], [21.3497, 44.7649], [21.343, 44.7711], [21.3497, 44.7741], [21.3463, 44.7898], [21.3381, 44.7921], [21.3374, 44.7975], [21.3229, 44.8011], [21.3065, 44.8133], [21.2902, 44.8085], [21.2993, 44.7952], [21.2654, 44.7952], [21.1848, 44.7759], [21.1568, 44.7442], [21.1481, 44.7394], [21.1073, 44.7325], [21.0738, 44.7196], [21.0367, 44.7188], [21.0354, 44.7147], [21.0243, 44.7099], [21.0229, 44.7059], [21.0302, 44.7024], [21.0328, 44.7094], [21.0396, 44.71], [21.0402, 44.706], [21.0311, 44.7], [21.0344, 44.6995], [21.0436, 44.7046], [21.0451, 44.7106], [21.0484, 44.7062], [21.044, 44.6992], [21.0543, 44.6972], [21.0519, 44.6931], [21.0398, 44.6933], [21.0419, 44.6841], [21.0392, 44.6815], [21.0225, 44.6802], [21.0249, 44.6733], [21.0393, 44.6757], [21.0478, 44.6652], [21.0446, 44.6629], [21.0364, 44.6693], [21.0277, 44.6655], [21.0307, 44.6599], [21.0466, 44.6523], [21.0351, 44.6457], [21.0365, 44.6409], [21.045, 44.638], [21.0503, 44.6436], [21.0616, 44.6454], [21.0529, 44.6414], [21.0494, 44.6331], [21.0615, 44.6371], [21.0646, 44.6257], [21.0722, 44.6278], [21.0741, 44.6331], [21.0883, 44.6289], [21.0812, 44.6231], [21.0812, 44.6181], [21.0693, 44.6151], [21.0623, 44.6203], [21.0579, 44.615], [21.0631, 44.6143], [21.0668, 44.6079], [21.0721, 44.6102], [21.0832, 44.6035], [21.0867, 44.6005], [21.0857, 44.5927], [21.0928, 44.5881], [21.1124, 44.5962], [21.1161, 44.5946], [21.1167, 44.5865], [21.1469, 44.5846], [21.1463, 44.5801], [21.1364, 44.5805], [21.137, 44.5706], [21.1275, 44.5687], [21.1392, 44.5498], [21.1379, 44.5456], [21.1223, 44.5501], [21.1172, 44.5476], [21.1346, 44.5338], [21.14, 44.5347], [21.1417, 44.5434], [21.1511, 44.5408], [21.1426, 44.5289], [21.1281, 44.5284], [21.1255, 44.5189]]]}}, {"type": "Feature", "properties": {"slug": "kragujevac", "name": "Kragujevac"}, "geometry": {"type": "Polygon", "coordinates": [[[20.9278, 43.8258], [20.9594, 43.8259], [20.9653, 43.8444], [20.9811, 43.853], [21.0148, 43.8588], [21.0246, 43.8716], [21.0385, 43.8717], [21.0365, 43.8759], [21.0404, 43.8859], [21.0246, 43.8916], [21.0166, 43.9173], [21.0285, 43.9173], [21.0344, 43.9245], [21.0455, 43.9289], [21.0557, 43.9245], [21.059, 43.9273], [21.0574, 43.9391], [21.0526, 43.9438], [21.0548, 43.9508], [21.0483, 43.9587], [21.0616, 43.9553], [21.0747, 43.9634], [21.0665, 43.9774], [21.051, 43.9895], [21.0459, 44.0041], [21.0547, 44.006], [21.0603, 44.0027], [21.0598, 44.0076], [21.0669, 44.0069], [21.0621, 44.0121], [21.0714, 44.0122], [21.0681, 44.0159], [21.0725, 44.0183], [21.0894, 44.0117], [21.0966, 44.0129], [21.0965, 44.0195], [21.1045, 44.0256], [21.1048, 44.0322], [21.1142, 44.043], [21.1143, 44.0476], [21.1061, 44.0552], [21.1102, 44.0613], [21.0978, 44.0642], [21.0937, 44.0709], [21.0768, 44.073], [21.0742, 44.0694], [21.0539, 44.0661], [21.0419, 44.0696], [21.0399, 44.0782], [21.024, 44.0852], [20.9805, 44.0822], [20.9745, 44.0907], [20.9962, 44.0936], [20.9982, 44.0908], [21.0021, 44.0979], [20.9962, 44.1007], [20.9922, 44.0979], [20.9882, 44.1064], [20.9823, 44.1092], [20.9782, 44.1205], [20.9643, 44.1247], [20.9643, 44.129], [20.9524, 44.1375], [20.9425, 44.1374], [20.9405, 44.1332], [20.9246, 44.136], [20.9048, 44.116], [20.8929, 44.1131], [20.885, 44.1188], [20.887, 44.1245], [20.8711, 44.1316], [20.8651, 44.143], [20.8809, 44.1573], [20.8769, 44.1615], [20.8828, 44.1629], [20.8748, 44.1757], [20.8788, 44.1772], [20.8848, 44.1715], [20.8848, 44.1786], [20.8927, 44.1815], [20.8808, 44.1857], [20.8669, 44.1743], [20.8411, 44.1785], [20.8352, 44.1757], [20.8372, 44.1672], [20.8134, 44.1643], [20.7917, 44.1714], [20.7798, 44.1657], [20.7798, 44.17], [20.7561, 44.17], [20.7324, 44.1643], [20.7284, 44.1714], [20.7205, 44.1714], [20.7186, 44.1756], [20.7027, 44.1813], [20.6968, 44.1785], [20.6869, 44.187], [20.6474, 44.1884], [20.6415, 44.177], [20.6434, 44.1713], [20.6336, 44.1699], [20.6197, 44.1586], [20.5921, 44.1557], [20.5802, 44.1472], [20.5604, 44.1415], [20.5486, 44.1273], [20.5507, 44.1059], [20.5586, 44.0988], [20.5804, 44.0847], [20.5963, 44.0833], [20.6161, 44.0719], [20.6558, 44.0421], [20.6657, 44.0578], [20.6637, 44.0706], [20.6676, 44.0706], [20.6815, 44.0649], [20.6875, 44.0578], [20.6914, 44.0592], [20.6934, 44.0536], [20.7212, 44.0508], [20.735, 44.0422], [20.7331, 44.0465], [20.737, 44.0479], [20.737, 44.0394], [20.7271, 44.0351], [20.7113, 44.0208], [20.7133, 44.018], [20.7351, 44.0152], [20.7509, 44.0223], [20.749, 44.0195], [20.7747, 44.0195], [20.7846, 44.0153], [20.7886, 44.0039], [20.7787, 43.9939], [20.7926, 43.9868], [20.7927, 43.9725], [20.8027, 43.9383], [20.8482, 43.927], [20.8463, 43.917], [20.8503, 43.9113], [20.8602, 43.9113], [20.8721, 43.8999], [20.8701, 43.8914], [20.88, 43.8871], [20.884, 43.8757], [20.8939, 43.8743], [20.9058, 43.8814], [20.9137, 43.88], [20.9157, 43.8715], [20.9098, 43.8586], [20.9099, 43.8486], [20.9119, 43.8429], [20.9238, 43.8386], [20.9238, 43.8301], [20.9278, 43.8258]]]}}, {"type": "Feature", "properties": {"slug": "cacak", "name": "Čačak"}, "geometry": {"type": "Polygon", "coordinates": [[[20.6404, 43.8811], [20.6266, 43.8853], [20.6226, 43.8953], [20.5988, 43.9209], [20.5829, 43.9223], [20.571, 43.9266], [20.569, 43.9323], [20.5651, 43.9308], [20.5631, 43.9465], [20.5551, 43.9493], [20.5551, 43.9608], [20.5433, 43.9693], [20.5336, 43.9651], [20.5201, 43.9692], [20.5065, 43.9651], [20.4833, 43.9706], [20.4794, 43.965], [20.4678, 43.9734], [20.4659, 43.9803], [20.4504, 43.9817], [20.4485, 43.9748], [20.4349, 43.9636], [20.4175, 43.9678], [20.4059, 43.9594], [20.3982, 43.9455], [20.3866, 43.9511], [20.3788, 43.9441], [20.3711, 43.9441], [20.3653, 43.9524], [20.3633, 43.965], [20.3672, 43.9775], [20.3498, 43.9914], [20.342, 43.9886], [20.3323, 44.0011], [20.3188, 43.9956], [20.3091, 43.9997], [20.2743, 43.9941], [20.253, 44.0094], [20.2472, 44.0025], [20.2472, 43.9872], [20.2163, 43.9649], [20.2027, 43.9649], [20.2027, 43.969], [20.1931, 43.9718], [20.1873, 43.9635], [20.1795, 43.9648], [20.1737, 43.9579], [20.1234, 43.976], [20.1099, 43.9648], [20.1236, 43.9523], [20.1082, 43.9424], [20.1142, 43.9242], [20.1258, 43.9229], [20.1298, 43.9159], [20.1415, 43.9118], [20.1416, 43.9076], [20.1669, 43.9035], [20.1727, 43.8994], [20.1805, 43.9022], [20.1798, 43.8977], [20.1882, 43.8971], [20.2001, 43.9064], [20.2021, 43.9022], [20.2217, 43.8965], [20.2295, 43.8866], [20.2511, 43.8753], [20.2628, 43.8768], [20.2961, 43.84], [20.3216, 43.8301], [20.3255, 43.8231], [20.3334, 43.8273], [20.3608, 43.8075], [20.3608, 43.8033], [20.3667, 43.8004], [20.3647, 43.7962], [20.3706, 43.7835], [20.3824, 43.7736], [20.3882, 43.7736], [20.3941, 43.7651], [20.3921, 43.7566], [20.4098, 43.7311], [20.4196, 43.7283], [20.4274, 43.7297], [20.433, 43.7464], [20.4639, 43.7493], [20.4658, 43.7549], [20.4812, 43.7578], [20.4986, 43.7565], [20.512, 43.7746], [20.5138, 43.7844], [20.5254, 43.7831], [20.5331, 43.7901], [20.5542, 43.7985], [20.5599, 43.8083], [20.5677, 43.8069], [20.5676, 43.8139], [20.581, 43.8265], [20.5771, 43.8376], [20.5693, 43.8418], [20.6116, 43.8656], [20.6251, 43.8657], [20.6289, 43.8699], [20.627, 43.874], [20.6404, 43.8811]]]}}, {"type": "Feature", "properties": {"slug": "valjevo", "name": "Valjevo"}, "geometry": {"type": "Polygon", "coordinates": [[[20.0186, 44.1175], [20.016, 44.1328], [20.012, 44.1341], [19.9671, 44.1359], [19.9516, 44.1328], [19.9453, 44.1452], [19.9485, 44.1593], [19.9401, 44.1731], [19.947, 44.1942], [19.9608, 44.2092], [19.9539, 44.2153], [19.971, 44.2255], [19.9827, 44.2258], [19.9994, 44.2443], [20.0005, 44.2653], [19.9824, 44.2774], [20.0054, 44.2877], [20.029, 44.2813], [20.0368, 44.2828], [20.0653, 44.3002], [20.079, 44.2977], [20.0751, 44.3252], [20.0573, 44.3369], [20.0549, 44.3523], [20.0495, 44.3603], [20.0242, 44.3586], [20.0165, 44.3544], [20.0027, 44.364], [20.0025, 44.3765], [19.9928, 44.3778], [19.9868, 44.3833], [19.9772, 44.3777], [19.9714, 44.3777], [19.9674, 44.3832], [19.9616, 44.379], [19.9345, 44.3759], [19.9227, 44.3828], [19.9226, 44.3897], [19.9167, 44.3939], [19.8974, 44.3798], [19.8932, 44.3992], [19.8874, 44.4006], [19.8931, 44.4089], [19.8774, 44.4144], [19.8753, 44.4255], [19.8596, 44.4323], [19.8587, 44.4084], [19.8527, 44.4111], [19.7958, 44.4099], [19.7829, 44.4348], [19.7574, 44.4357], [19.7513, 44.4412], [19.7356, 44.4394], [19.7157, 44.4474], [19.7093, 44.4585], [19.6995, 44.4583], [19.6957, 44.454], [19.6644, 44.4533], [19.6489, 44.4474], [19.6569, 44.4461], [19.6631, 44.4377], [19.6593, 44.4305], [19.6755, 44.4222], [19.6837, 44.4124], [19.6801, 44.4009], [19.6844, 44.3882], [19.6814, 44.3526], [19.6776, 44.3468], [19.6616, 44.3494], [19.6581, 44.3337], [19.6522, 44.3294], [19.6864, 44.3185], [19.6886, 44.3114], [19.6786, 44.3112], [19.6748, 44.3041], [19.661, 44.2996], [19.6371, 44.3021], [19.6314, 44.2892], [19.6356, 44.2821], [19.6298, 44.2763], [19.6079, 44.2774], [19.6, 44.2731], [19.6184, 44.2576], [19.619, 44.2348], [19.6014, 44.2232], [19.6018, 44.2103], [19.592, 44.2059], [19.5965, 44.1818], [19.6184, 44.175], [19.6265, 44.168], [19.6587, 44.1625], [19.6686, 44.1543], [19.6843, 44.1531], [19.71, 44.1381], [19.7276, 44.1384], [19.7335, 44.1357], [19.7377, 44.1259], [19.763, 44.1249], [19.7612, 44.1221], [19.773, 44.1167], [19.7811, 44.1056], [19.7793, 44.1014], [19.7892, 44.0973], [19.7956, 44.0764], [19.8095, 44.0696], [19.8229, 44.0754], [19.8302, 44.0951], [19.8199, 44.1146], [19.814, 44.1145], [19.8177, 44.1229], [19.7922, 44.1295], [19.792, 44.1351], [19.8192, 44.1369], [19.8408, 44.1317], [19.8548, 44.1207], [19.8602, 44.1347], [19.8758, 44.135], [19.889, 44.1505], [19.9224, 44.1426], [19.9363, 44.1345], [19.9386, 44.1219], [19.9444, 44.1206], [19.9485, 44.1137], [19.9701, 44.1084], [19.9802, 44.0987], [19.9957, 44.099], [19.9935, 44.1087], [20.0186, 44.1175]]]}}, {"type": "Feature", "properties": {"slug": "uzice", "name": "Užice"}, "geometry": {"type": "Polygon", "coordinates": [[[19.955, 43.765], [19.9529, 43.7804], [19.976, 43.7903], [19.9798, 43.7959], [19.966, 43.8182], [19.9678, 43.8266], [19.9483, 43.8405], [19.9327, 43.846], [19.9268, 43.8544], [19.921, 43.8557], [19.9209, 43.8613], [19.944, 43.874], [19.9459, 43.8824], [19.9713, 43.8644], [19.981, 43.8645], [19.975, 43.8756], [19.9768, 43.8868], [19.9728, 43.9035], [19.9611, 43.9091], [19.9552, 43.9188], [19.9376, 43.9313], [19.9451, 43.9481], [19.935, 43.9576], [19.8893, 43.9775], [19.835, 43.9761], [19.8197, 43.9702], [19.8079, 43.9727], [19.7851, 43.961], [19.799, 43.9499], [19.7781, 43.9202], [19.7528, 43.9185], [19.7375, 43.9057], [19.7065, 43.897], [19.6382, 43.8976], [19.6248, 43.8877], [19.6015, 43.8818], [19.4783, 43.8973], [19.4569, 43.8929], [19.4512, 43.8858], [19.4319, 43.8771], [19.4398, 43.8744], [19.436, 43.8659], [19.4559, 43.8507], [19.4384, 43.8463], [19.4387, 43.8336], [19.4196, 43.8151], [19.4118, 43.8108], [19.3982, 43.8107], [19.3934, 43.8043], [19.397, 43.7976], [19.4114, 43.7939], [19.4211, 43.7968], [19.4314, 43.784], [19.4313, 43.7769], [19.4473, 43.7752], [19.4654, 43.7645], [19.4673, 43.7538], [19.4772, 43.7471], [19.4811, 43.7337], [19.5187, 43.7146], [19.5196, 43.7103], [19.5386, 43.7164], [19.5286, 43.7232], [19.5252, 43.7359], [19.5482, 43.7441], [19.5449, 43.7618], [19.5517, 43.7673], [19.5465, 43.7874], [19.5571, 43.7889], [19.5648, 43.784], [19.5687, 43.7872], [19.5803, 43.7785], [19.592, 43.7909], [19.6015, 43.7878], [19.6073, 43.7921], [19.6058, 43.803], [19.6107, 43.813], [19.6066, 43.8142], [19.6348, 43.8203], [19.6384, 43.8371], [19.6461, 43.8316], [19.6503, 43.8318], [19.6478, 43.8348], [19.6694, 43.8308], [19.6827, 43.8355], [19.6963, 43.8252], [19.7201, 43.8338], [19.716, 43.8439], [19.7199, 43.8467], [19.7356, 43.8447], [19.7432, 43.8378], [19.749, 43.8421], [19.7542, 43.8377], [19.7545, 43.8248], [19.7369, 43.8171], [19.7376, 43.8109], [19.7427, 43.8114], [19.7395, 43.8075], [19.7412, 43.8022], [19.7497, 43.7973], [19.7698, 43.8103], [19.8013, 43.8128], [19.8477, 43.7778], [19.8402, 43.7667], [19.8405, 43.7604], [19.8296, 43.7509], [19.826, 43.7361], [19.8472, 43.7374], [19.8501, 43.7336], [19.871, 43.73], [19.8706, 43.7245], [19.8763, 43.718], [19.885, 43.7169], [19.907, 43.6945], [19.9244, 43.7086], [19.9495, 43.7186], [19.9495, 43.7242], [19.9436, 43.727], [19.9357, 43.741], [19.9434, 43.7523], [19.9394, 43.7649], [19.955, 43.765]]]}}, {"type": "Feature", "properties": {"slug": "negotin", "name": "Negotin"}, "geometry": {"type": "Polygon", "coordinates": [[[22.5357, 44.0456], [22.5305, 44.0483], [22.5335, 44.0518], [22.5545, 44.0536], [22.5597, 44.0576], [22.5806, 44.0541], [22.5819, 44.0621], [22.6213, 44.0634], [22.6188, 44.0679], [22.6246, 44.0729], [22.6155, 44.0791], [22.6198, 44.0826], [22.6198, 44.0978], [22.6103, 44.1067], [22.6179, 44.15], [22.627, 44.1473], [22.6284, 44.158], [22.613, 44.1656], [22.6204, 44.1737], [22.6255, 44.1702], [22.628, 44.1746], [22.6359, 44.1755], [22.6289, 44.1833], [22.6373, 44.1817], [22.6429, 44.1856], [22.6368, 44.1905], [22.6455, 44.1978], [22.6476, 44.2042], [22.6445, 44.2086], [22.6548, 44.2046], [22.6662, 44.2142], [22.6653, 44.2097], [22.669, 44.208], [22.6668, 44.2121], [22.6749, 44.2163], [22.6711, 44.2261], [22.685, 44.2486], [22.6836, 44.2693], [22.6749, 44.2824], [22.659, 44.2902], [22.6056, 44.2952], [22.5641, 44.3039], [22.5578, 44.3087], [22.5434, 44.3247], [22.5237, 44.3379], [22.5113, 44.3667], [22.5017, 44.3789], [22.4972, 44.4197], [22.4713, 44.4363], [22.4655, 44.4351], [22.4678, 44.4291], [22.4571, 44.4235], [22.4312, 44.4232], [22.4106, 44.4347], [22.3849, 44.4416], [22.3834, 44.4543], [22.3696, 44.4693], [22.3416, 44.4804], [22.2991, 44.4782], [22.2985, 44.4741], [22.2768, 44.4784], [22.2697, 44.4636], [22.2746, 44.4512], [22.2723, 44.4427], [22.2276, 44.4403], [22.225, 44.4338], [22.2306, 44.4207], [22.2297, 44.3999], [22.2441, 44.363], [22.2295, 44.3595], [22.2262, 44.3535], [22.2289, 44.3385], [22.2263, 44.3287], [22.2031, 44.3302], [22.2044, 44.3227], [22.1967, 44.3119], [22.1943, 44.2916], [22.2008, 44.2805], [22.1923, 44.2639], [22.2152, 44.2436], [22.2222, 44.2257], [22.2178, 44.2209], [22.2234, 44.2033], [22.2389, 44.1973], [22.2421, 44.1843], [22.257, 44.1761], [22.263, 44.1683], [22.272, 44.1681], [22.2743, 44.1593], [22.3114, 44.1573], [22.3489, 44.1499], [22.3464, 44.1532], [22.3619, 44.159], [22.3613, 44.1622], [22.3824, 44.1669], [22.3924, 44.1613], [22.4039, 44.1629], [22.4122, 44.1537], [22.4281, 44.1489], [22.4333, 44.1407], [22.4298, 44.1358], [22.4491, 44.1291], [22.4772, 44.1272], [22.4771, 44.1177], [22.4848, 44.1107], [22.4874, 44.1012], [22.4934, 44.0987], [22.4873, 44.0894], [22.4793, 44.0964], [22.4742, 44.0955], [22.4753, 44.0826], [22.4531, 44.0793], [22.4603, 44.07], [22.455, 44.0537], [22.4597, 44.0486], [22.4688, 44.0478], [22.4654, 44.0318], [22.4807, 44.03], [22.4909, 44.0497], [22.5198, 44.0436], [22.5357, 44.0456]]]}}, {"type": "Feature", "properties": {"slug": "bor", "name": "Bor"}, "geometry": {"type": "Polygon", "coordinates": [[[22.2394, 44.1881], [22.2389, 44.1973], [22.2234, 44.2033], [22.2194, 44.2107], [22.2178, 44.2209], [22.2222, 44.2257], [22.2152, 44.2436], [22.1938, 44.2614], [22.1763, 44.2523], [22.158, 44.2537], [22.1567, 44.2578], [22.1481, 44.2543], [22.1493, 44.2568], [22.1309, 44.2661], [22.1272, 44.2742], [22.0988, 44.2807], [22.0903, 44.2907], [22.0815, 44.2921], [22.0781, 44.2904], [22.0792, 44.2857], [22.0595, 44.2803], [22.0426, 44.282], [22.0336, 44.2878], [22.0168, 44.2875], [22.0123, 44.2831], [22.0175, 44.2588], [22.0267, 44.2487], [22.0228, 44.223], [22.0146, 44.2148], [22.016, 44.2034], [22.0099, 44.2009], [21.9868, 44.2085], [21.9819, 44.207], [21.981, 44.202], [21.9695, 44.2019], [21.9633, 44.1661], [21.9514, 44.1653], [21.9581, 44.1469], [21.9683, 44.1397], [21.9641, 44.1293], [21.954, 44.1271], [21.9503, 44.1217], [21.9039, 44.1187], [21.8855, 44.1079], [21.8693, 44.0916], [21.8461, 44.095], [21.833, 44.0902], [21.8182, 44.0766], [21.8231, 44.0716], [21.8159, 44.0619], [21.7994, 44.0579], [21.7991, 44.0369], [21.7805, 44.0258], [21.7941, 44.023], [21.8083, 44.0103], [21.8203, 44.0169], [21.8287, 44.0122], [21.838, 44.0145], [21.8449, 44.0081], [21.874, 44.0154], [21.8936, 44.0146], [21.9084, 44.0088], [21.9149, 44.0033], [21.919, 43.9908], [21.9264, 43.9898], [21.9373, 43.9793], [22.0035, 43.958], [22.0092, 43.9584], [22.0212, 43.9708], [22.0259, 43.9701], [22.028, 43.9797], [22.0395, 43.9743], [22.0443, 43.9744], [22.0436, 43.9807], [22.0476, 43.9802], [22.0541, 43.9712], [22.0467, 43.9705], [22.0458, 43.9646], [22.0591, 43.9563], [22.0561, 43.9489], [22.0643, 43.9386], [22.0674, 43.9189], [22.0857, 43.9176], [22.0841, 43.9146], [22.1096, 43.9056], [22.1108, 43.9], [22.1173, 43.8969], [22.1217, 43.9059], [22.1283, 43.9061], [22.1381, 43.9146], [22.1357, 43.9162], [22.1396, 43.9215], [22.1656, 43.9261], [22.1665, 43.9386], [22.173, 43.9451], [22.1677, 43.9595], [22.1794, 43.9672], [22.1789, 43.9712], [22.1836, 43.9705], [22.1895, 43.9891], [22.1863, 43.9948], [22.1905, 43.9946], [22.1961, 44.0045], [22.2187, 44.0167], [22.2218, 44.0278], [22.2388, 44.0306], [22.2438, 44.0393], [22.2424, 44.0544], [22.25, 44.0656], [22.2297, 44.0831], [22.2349, 44.0892], [22.2234, 44.1044], [22.2238, 44.1104], [22.2276, 44.1113], [22.2189, 44.1264], [22.204, 44.1377], [22.2024, 44.1477], [22.2122, 44.153], [22.2239, 44.1504], [22.2251, 44.1616], [22.2329, 44.1665], [22.2285, 44.1752], [22.2348, 44.1871], [22.2394, 44.1881]]]}}, {"type": "Feature", "properties": {"slug": "kladovo", "name": "Kladovo"}, "geometry": {"type": "Polygon", "coordinates": [[[22.4802, 44.4302], [22.4576, 44.4681], [22.4587, 44.4762], [22.4739, 44.4813], [22.5178, 44.4745], [22.5399, 44.479], [22.5586, 44.4985], [22.5646, 44.5333], [22.5754, 44.5455], [22.5887, 44.5511], [22.6096, 44.5543], [22.6341, 44.5485], [22.6818, 44.5207], [22.6954, 44.5173], [22.7077, 44.5176], [22.7639, 44.5387], [22.7651, 44.5475], [22.7577, 44.5621], [22.7043, 44.6028], [22.6881, 44.6065], [22.673, 44.6175], [22.6294, 44.613], [22.6021, 44.622], [22.5709, 44.6395], [22.4782, 44.7112], [22.4545, 44.7155], [22.43, 44.7108], [22.4155, 44.7054], [22.401, 44.6856], [22.3852, 44.6778], [22.3326, 44.672], [22.3126, 44.6643], [22.2988, 44.6385], [22.2782, 44.6262], [22.27, 44.6067], [22.2886, 44.6043], [22.3085, 44.6077], [22.3177, 44.6005], [22.3226, 44.5823], [22.3428, 44.5712], [22.3568, 44.5715], [22.3578, 44.568], [22.356, 44.5612], [22.3231, 44.5538], [22.313, 44.534], [22.3164, 44.5319], [22.3147, 44.5281], [22.3057, 44.5209], [22.3081, 44.5131], [22.2916, 44.5015], [22.313, 44.4909], [22.3139, 44.4799], [22.3416, 44.4804], [22.3696, 44.4693], [22.3834, 44.4543], [22.3849, 44.4416], [22.4106, 44.4347], [22.4312, 44.4232], [22.4571, 44.4235], [22.4678, 44.4291], [22.4655, 44.4351], [22.4713, 44.4363], [22.4802, 44.4302]]]}}, {"type": "Feature", "properties": {"slug": "majdanpek", "name": "Majdanpek"}, "geometry": {"type": "Polygon", "coordinates": [[[22.3139, 44.4799], [22.313, 44.4909], [22.299, 44.4965], [22.2923, 44.5036], [22.3081, 44.5131], [22.3057, 44.5209], [22.3147, 44.5281], [22.3164, 44.5319], [22.313, 44.534], [22.3231, 44.5538], [22.356, 44.5612], [22.3578, 44.568], [22.3568, 44.5715], [22.3428, 44.5712], [22.3226, 44.5823], [22.3177, 44.6005], [22.3085, 44.6077], [22.2886, 44.6043], [22.27, 44.6067], [22.2592, 44.5901], [22.2413, 44.5743], [22.1835, 44.4825], [22.169, 44.4764], [22.1399, 44.4743], [22.1246, 44.4769], [22.0782, 44.5018], [22.0679, 44.5275], [22.0331, 44.5495], [22.0248, 44.5775], [22.0259, 44.5914], [22.0022, 44.6155], [22.0004, 44.6104], [22.0094, 44.5984], [21.9971, 44.5856], [21.9903, 44.5853], [21.9879, 44.5731], [21.9801, 44.5687], [21.9783, 44.5626], [21.9668, 44.5572], [21.967, 44.5531], [21.9743, 44.5507], [21.973, 44.5453], [21.9676, 44.5473], [21.9401, 44.5407], [21.9396, 44.5311], [21.9456, 44.5313], [21.9503, 44.5231], [21.9487, 44.5153], [21.9409, 44.5132], [21.936, 44.5056], [21.9355, 44.4936], [21.9256, 44.4834], [21.9251, 44.4793], [21.9336, 44.4755], [21.93, 44.4623], [21.9259, 44.46], [21.9292, 44.4524], [21.9212, 44.4481], [21.8826, 44.4528], [21.8828, 44.4375], [21.8744, 44.438], [21.8753, 44.4294], [21.8598, 44.4174], [21.8526, 44.4199], [21.8616, 44.4218], [21.8607, 44.43], [21.8402, 44.4227], [21.8317, 44.4136], [21.8369, 44.4117], [21.835, 44.4085], [21.8211, 44.3966], [21.8101, 44.3941], [21.8047, 44.3776], [21.7978, 44.3709], [21.8208, 44.3544], [21.8231, 44.3486], [21.8143, 44.3353], [21.818, 44.3286], [21.8366, 44.3296], [21.8463, 44.3246], [21.8575, 44.3294], [21.9053, 44.3077], [21.9053, 44.3036], [21.8966, 44.3045], [21.8961, 44.2997], [21.9076, 44.2788], [21.8962, 44.2767], [21.9094, 44.2551], [21.9038, 44.2453], [21.9098, 44.2472], [21.9106, 44.2428], [21.926, 44.2332], [21.9368, 44.242], [21.9432, 44.2423], [21.9492, 44.2535], [21.9621, 44.2527], [21.9658, 44.2488], [21.9539, 44.2371], [21.9646, 44.2311], [21.959, 44.227], [21.9589, 44.2208], [21.9712, 44.2111], [21.9695, 44.2019], [21.981, 44.202], [21.9819, 44.207], [21.9868, 44.2085], [22.0099, 44.2009], [22.016, 44.2034], [22.0146, 44.2148], [22.0228, 44.223], [22.0275, 44.2377], [22.0267, 44.2487], [22.0175, 44.2588], [22.0123, 44.2831], [22.0168, 44.2875], [22.0336, 44.2878], [22.0426, 44.282], [22.0595, 44.2803], [22.0792, 44.2857], [22.0781, 44.2904], [22.0815, 44.2921], [22.0903, 44.2907], [22.0988, 44.2807], [22.1272, 44.2742], [22.1309, 44.2661], [22.1493, 44.2568], [22.1481, 44.2543], [22.1567, 44.2578], [22.158, 44.2537], [22.1763, 44.2523], [22.1938, 44.2614], [22.2008, 44.2805], [22.1943, 44.2916], [22.1967, 44.3119], [22.2044, 44.3227], [22.2031, 44.3302], [22.2263, 44.3287], [22.2289, 44.3385], [22.2262, 44.3535], [22.2295, 44.3595], [22.2441, 44.363], [22.2297, 44.3999], [22.2306, 44.4207], [22.225, 44.4338], [22.2276, 44.4403], [22.2723, 44.4427], [22.2746, 44.4512], [22.2697, 44.4636], [22.2768, 44.4784], [22.2985, 44.4741], [22.2991, 44.4782], [22.3139, 44.4799]]]}}, {"type": "Feature", "properties": {"slug": "babusnica", "name": "Babušnica"}, "geometry": {"type": "Polygon", "coordinates": [[[22.6246, 42.892], [22.6326, 42.899], [22.6388, 42.9145], [22.6447, 42.9172], [22.6352, 42.9259], [22.6275, 42.9246], [22.6276, 42.9317], [22.6238, 42.9331], [22.6006, 42.9335], [22.5873, 42.9436], [22.5893, 42.9478], [22.5837, 42.9536], [22.5456, 42.9768], [22.5361, 42.9855], [22.5363, 42.9911], [22.5229, 42.9984], [22.528, 43.003], [22.5194, 43.009], [22.5368, 43.0281], [22.5034, 43.034], [22.4925, 43.0498], [22.4969, 43.0603], [22.4718, 43.0731], [22.4709, 43.079], [22.467, 43.08], [22.4758, 43.0897], [22.4744, 43.0938], [22.4812, 43.0949], [22.4815, 43.1132], [22.4691, 43.1232], [22.4666, 43.1322], [22.4498, 43.1374], [22.437, 43.1344], [22.4292, 43.1374], [22.4304, 43.1426], [22.4229, 43.1457], [22.424, 43.1527], [22.4134, 43.1591], [22.4132, 43.1631], [22.3893, 43.1447], [22.3831, 43.1306], [22.385, 43.1278], [22.3597, 43.1225], [22.3438, 43.1086], [22.3224, 43.1061], [22.2879, 43.1164], [22.2589, 43.1125], [22.2492, 43.1069], [22.2256, 43.0804], [22.2543, 43.0703], [22.2581, 43.0674], [22.2561, 43.0618], [22.225, 43.0494], [22.1938, 43.0272], [22.1975, 43.0187], [22.2091, 43.02], [22.2109, 43.0143], [22.2167, 43.0171], [22.2205, 43.0128], [22.2321, 43.0127], [22.2511, 42.997], [22.2743, 43.001], [22.2972, 42.9881], [22.3145, 42.9865], [22.3336, 42.9751], [22.3586, 42.9734], [22.3624, 42.9677], [22.3854, 42.9605], [22.3911, 42.9534], [22.387, 42.9407], [22.3676, 42.9338], [22.3732, 42.9267], [22.3923, 42.9166], [22.396, 42.9053], [22.4151, 42.8938], [22.4362, 42.8894], [22.4515, 42.8808], [22.492, 42.8804], [22.5169, 42.8702], [22.5217, 42.8765], [22.5359, 42.8822], [22.5755, 42.8628], [22.5727, 42.8758], [22.584, 42.8922], [22.6037, 42.8919], [22.6176, 42.8962], [22.6246, 42.892]]]}}, {"type": "Feature", "properties": {"slug": "bela-palanka", "name": "Bela Palanka"}, "geometry": {"type": "Polygon", "coordinates": [[[22.1122, 43.2109], [22.1791, 43.1807], [22.1905, 43.1722], [22.2193, 43.1649], [22.2173, 43.1607], [22.2211, 43.155], [22.2558, 43.1547], [22.2598, 43.1617], [22.2656, 43.1616], [22.2673, 43.1518], [22.2769, 43.1489], [22.2729, 43.1405], [22.2842, 43.1277], [22.2879, 43.1164], [22.3224, 43.1061], [22.3438, 43.1086], [22.3597, 43.1225], [22.385, 43.1278], [22.3831, 43.1306], [22.3893, 43.1447], [22.4132, 43.1631], [22.4111, 43.1751], [22.4188, 43.1765], [22.4186, 43.182], [22.4332, 43.1884], [22.4241, 43.1938], [22.4194, 43.2028], [22.4249, 43.2067], [22.4471, 43.2039], [22.4466, 43.2237], [22.4527, 43.2333], [22.4427, 43.2525], [22.4311, 43.2553], [22.4254, 43.2652], [22.4081, 43.2667], [22.412, 43.2723], [22.3928, 43.2878], [22.3949, 43.3032], [22.3815, 43.3131], [22.3835, 43.3215], [22.4047, 43.3256], [22.4106, 43.3368], [22.4241, 43.3409], [22.4337, 43.3519], [22.4269, 43.352], [22.403, 43.3684], [22.3899, 43.3633], [22.3685, 43.3797], [22.3379, 43.3836], [22.3387, 43.3757], [22.3249, 43.3577], [22.3285, 43.3408], [22.3052, 43.3298], [22.2821, 43.3328], [22.2588, 43.3275], [22.2454, 43.329], [22.2147, 43.3363], [22.2014, 43.3476], [22.1918, 43.3505], [22.1571, 43.3522], [22.1358, 43.3482], [22.1338, 43.3427], [22.1433, 43.3327], [22.139, 43.3103], [22.1428, 43.3047], [22.1407, 43.2977], [22.1541, 43.2934], [22.1673, 43.275], [22.1633, 43.2666], [22.1401, 43.2654], [22.14, 43.2584], [22.1302, 43.2487], [22.1261, 43.2361], [22.1203, 43.2333], [22.1162, 43.2235], [22.1181, 43.2165], [22.1122, 43.2109]]]}}, {"type": "Feature", "properties": {"slug": "dimitrovgrad", "name": "Dimitrovgrad"}, "geometry": {"type": "Polygon", "coordinates": [[[22.6246, 42.892], [22.6403, 42.878], [22.6564, 42.883], [22.6736, 42.8758], [22.6782, 42.8655], [22.6814, 42.8722], [22.6955, 42.8787], [22.6973, 42.8843], [22.7052, 42.8794], [22.7138, 42.8869], [22.7446, 42.8861], [22.7544, 42.8946], [22.753, 42.8992], [22.7596, 42.9026], [22.7602, 42.9111], [22.7744, 42.9193], [22.7796, 42.9294], [22.7722, 42.9358], [22.7685, 42.9476], [22.779, 42.9531], [22.7822, 42.95], [22.7827, 42.9646], [22.7865, 42.9686], [22.7839, 42.9816], [22.8494, 43.0048], [22.8625, 43.0214], [22.8984, 43.0362], [22.8995, 43.0477], [22.9092, 43.0558], [22.9186, 43.0801], [22.9334, 43.0882], [22.9526, 43.0924], [22.9832, 43.1112], [22.9853, 43.1223], [22.9951, 43.1355], [22.9938, 43.1504], [22.9972, 43.1571], [22.9865, 43.167], [23.0057, 43.1861], [23.0063, 43.1929], [22.9614, 43.2069], [22.9412, 43.2025], [22.9278, 43.2126], [22.9207, 43.2062], [22.909, 43.2035], [22.905, 43.1951], [22.9106, 43.1852], [22.885, 43.1602], [22.8868, 43.1546], [22.875, 43.1463], [22.8788, 43.142], [22.8768, 43.1392], [22.8671, 43.138], [22.8456, 43.1241], [22.8398, 43.1242], [22.8305, 43.1356], [22.8152, 43.1428], [22.8017, 43.1415], [22.7938, 43.136], [22.7796, 43.1455], [22.7605, 43.139], [22.7476, 43.1398], [22.7445, 43.1361], [22.7492, 43.134], [22.7459, 43.1323], [22.7479, 43.1303], [22.7396, 43.126], [22.7412, 43.1154], [22.7549, 43.1126], [22.7495, 43.1065], [22.7576, 43.1029], [22.7561, 43.0986], [22.7626, 43.0943], [22.743, 43.0952], [22.7427, 43.0902], [22.7361, 43.0867], [22.746, 43.0773], [22.7524, 43.0776], [22.7555, 43.0721], [22.7592, 43.0748], [22.759, 43.0679], [22.7529, 43.0656], [22.7387, 43.042], [22.7421, 43.0394], [22.7372, 43.0369], [22.7432, 43.0329], [22.7358, 43.0343], [22.7218, 43.025], [22.7126, 43.0296], [22.697, 43.024], [22.6922, 43.0187], [22.6954, 43.0064], [22.6801, 43.0015], [22.6828, 42.9961], [22.6679, 43.0059], [22.6655, 43.0117], [22.6569, 43.012], [22.6598, 43.0076], [22.652, 43.0045], [22.6505, 42.9971], [22.6576, 42.9889], [22.6514, 42.9782], [22.6365, 42.9837], [22.6095, 42.9743], [22.5935, 42.9815], [22.5825, 43.0022], [22.5686, 43.0024], [22.5567, 42.9953], [22.5371, 43.0027], [22.528, 43.003], [22.5229, 42.9984], [22.5363, 42.9911], [22.5361, 42.9855], [22.5456, 42.9768], [22.5837, 42.9536], [22.5893, 42.9478], [22.5873, 42.9436], [22.6006, 42.9335], [22.6238, 42.9331], [22.6276, 42.9317], [22.6275, 42.9246], [22.6352, 42.9259], [22.6447, 42.9172], [22.6388, 42.9145], [22.6326, 42.899], [22.6246, 42.892]]]}}, {"type": "Feature", "properties": {"slug": "pirot", "name": "Pirot"}, "geometry": {"type": "Polygon", "coordinates": [[[22.528, 43.003], [22.5481, 43.0005], [22.551, 42.9956], [22.5567, 42.9953], [22.5686, 43.0024], [22.5825, 43.0022], [22.5935, 42.9815], [22.6095, 42.9743], [22.6365, 42.9837], [22.6514, 42.9782], [22.6576, 42.9889], [22.6505, 42.9971], [22.652, 43.0045], [22.6598, 43.0076], [22.6569, 43.012], [22.6655, 43.0117], [22.6679, 43.0059], [22.6828, 42.9961], [22.6801, 43.0015], [22.6954, 43.0064], [22.6922, 43.0187], [22.697, 43.024], [22.7126, 43.0296], [22.7218, 43.025], [22.7358, 43.0343], [22.7432, 43.0329], [22.7372, 43.0369], [22.7421, 43.0394], [22.7387, 43.042], [22.7529, 43.0656], [22.759, 43.0679], [22.7592, 43.0748], [22.7555, 43.0721], [22.7524, 43.0776], [22.746, 43.0773], [22.7361, 43.0867], [22.7427, 43.0902], [22.743, 43.0952], [22.7626, 43.0943], [22.7561, 43.0986], [22.7576, 43.1029], [22.7495, 43.1065], [22.7549, 43.1126], [22.7412, 43.1154], [22.7396, 43.126], [22.7479, 43.1303], [22.7459, 43.1323], [22.7492, 43.134], [22.7445, 43.1361], [22.7476, 43.1398], [22.7605, 43.139], [22.7796, 43.1455], [22.7938, 43.136], [22.8017, 43.1415], [22.8152, 43.1428], [22.8305, 43.1356], [22.8398, 43.1242], [22.8456, 43.1241], [22.8671, 43.138], [22.8768, 43.1392], [22.8788, 43.142], [22.875, 43.1463], [22.8868, 43.1546], [22.885, 43.1602], [22.9106, 43.1852], [22.905, 43.1951], [22.909, 43.2035], [22.9207, 43.2062], [22.9278, 43.2126], [22.8964, 43.2268], [22.8962, 43.2308], [22.8706, 43.2544], [22.8689, 43.2675], [22.8596, 43.2741], [22.8486, 43.2755], [22.8424, 43.2864], [22.845, 43.2971], [22.8312, 43.313], [22.8276, 43.3291], [22.7946, 43.343], [22.7861, 43.3544], [22.7699, 43.3636], [22.7678, 43.3767], [22.7221, 43.3957], [22.6801, 43.3943], [22.667, 43.4027], [22.6445, 43.3992], [22.6351, 43.3935], [22.6231, 43.373], [22.5766, 43.3512], [22.5741, 43.3371], [22.5816, 43.3233], [22.5398, 43.3354], [22.5263, 43.3322], [22.5217, 43.3414], [22.5047, 43.3496], [22.4947, 43.3663], [22.4863, 43.371], [22.475, 43.3657], [22.4769, 43.3638], [22.469, 43.3549], [22.4506, 43.3472], [22.445, 43.3515], [22.4337, 43.3519], [22.4241, 43.3409], [22.4106, 43.3368], [22.4047, 43.3256], [22.3835, 43.3215], [22.3815, 43.3173], [22.3853, 43.3074], [22.3949, 43.3032], [22.3947, 43.2835], [22.4024, 43.2821], [22.412, 43.2723], [22.4081, 43.2667], [22.4254, 43.2652], [22.4311, 43.2553], [22.4427, 43.2525], [22.4527, 43.2333], [22.4466, 43.2237], [22.4471, 43.2039], [22.4249, 43.2067], [22.4194, 43.2028], [22.4241, 43.1938], [22.4332, 43.1884], [22.4186, 43.182], [22.4188, 43.1765], [22.4111, 43.1751], [22.4102, 43.1696], [22.4139, 43.1671], [22.4134, 43.1591], [22.424, 43.1527], [22.4229, 43.1457], [22.4304, 43.1426], [22.4292, 43.1374], [22.437, 43.1344], [22.4498, 43.1374], [22.4666, 43.1322], [22.4691, 43.1232], [22.4815, 43.1132], [22.4812, 43.0949], [22.4744, 43.0938], [22.4758, 43.0897], [22.467, 43.08], [22.4709, 43.079], [22.4718, 43.0731], [22.4969, 43.0603], [22.4925, 43.0498], [22.5034, 43.034], [22.5368, 43.0281], [22.5194, 43.009], [22.528, 43.003]]]}}, {"type": "Feature", "properties": {"slug": "boljevac", "name": "Boljevac"}, "geometry": {"type": "Polygon", "coordinates": [[[22.1283, 43.9061], [22.1217, 43.9059], [22.1143, 43.8964], [22.1096, 43.9056], [22.0841, 43.9146], [22.0857, 43.9176], [22.0674, 43.9189], [22.0643, 43.9386], [22.0561, 43.9489], [22.0591, 43.9563], [22.0458, 43.9646], [22.0467, 43.9705], [22.0541, 43.9712], [22.0476, 43.9802], [22.0436, 43.9807], [22.0443, 43.9744], [22.0395, 43.9743], [22.028, 43.9797], [22.0259, 43.9701], [22.0212, 43.9708], [22.0092, 43.9584], [22.0035, 43.958], [21.9373, 43.9793], [21.9264, 43.9898], [21.919, 43.9908], [21.9149, 44.0033], [21.9084, 44.0088], [21.8936, 44.0146], [21.874, 44.0154], [21.8449, 44.0081], [21.838, 44.0145], [21.8287, 44.0122], [21.8203, 44.0169], [21.8083, 44.0103], [21.7941, 44.023], [21.7805, 44.0258], [21.7838, 44.0178], [21.7783, 44.0063], [21.7795, 43.9876], [21.7603, 43.9808], [21.7504, 43.9579], [21.7364, 43.951], [21.7389, 43.9362], [21.7432, 43.9323], [21.7405, 43.9241], [21.7315, 43.9176], [21.7165, 43.9213], [21.7111, 43.9147], [21.6921, 43.9151], [21.6883, 43.9075], [21.6786, 43.9047], [21.6837, 43.896], [21.6782, 43.8828], [21.6896, 43.8767], [21.6966, 43.865], [21.6811, 43.8489], [21.675, 43.8337], [21.6578, 43.8265], [21.6551, 43.8213], [21.6682, 43.8062], [21.7073, 43.7779], [21.7317, 43.7718], [21.7772, 43.7697], [21.7818, 43.7637], [21.8069, 43.7599], [21.8733, 43.7764], [21.8934, 43.776], [21.9074, 43.7716], [21.9348, 43.7548], [21.9419, 43.7471], [21.9406, 43.7393], [21.946, 43.7252], [21.9534, 43.7175], [21.9638, 43.7135], [22.0233, 43.7101], [22.0319, 43.7162], [22.0356, 43.7306], [22.0537, 43.7255], [22.0662, 43.7645], [22.0699, 43.7623], [22.0872, 43.7676], [22.098, 43.781], [22.1074, 43.7821], [22.1114, 43.7948], [22.1231, 43.8042], [22.1237, 43.8097], [22.117, 43.8134], [22.1189, 43.824], [22.1133, 43.8275], [22.0672, 43.8383], [22.0743, 43.8415], [22.0736, 43.8477], [22.0805, 43.8561], [22.0944, 43.8583], [22.1172, 43.8754], [22.1289, 43.8743], [22.1277, 43.8787], [22.1321, 43.8834], [22.1283, 43.9061]]]}}, {"type": "Feature", "properties": {"slug": "knjazevac", "name": "Knjaževac"}, "geometry": {"type": "Polygon", "coordinates": [[[22.0537, 43.7255], [22.0356, 43.7306], [22.0319, 43.7162], [22.0233, 43.7101], [22.0236, 43.7049], [22.0446, 43.6978], [22.0609, 43.6864], [22.061, 43.6697], [22.0538, 43.6614], [22.0683, 43.6398], [22.0634, 43.6371], [22.0594, 43.6195], [22.0935, 43.6032], [22.0902, 43.5974], [22.0634, 43.5935], [22.0503, 43.6051], [22.0349, 43.6041], [22.0093, 43.5898], [22.0049, 43.5762], [21.9942, 43.568], [21.9973, 43.5642], [22.0065, 43.5642], [22.0118, 43.5552], [22.028, 43.5544], [22.0351, 43.5491], [22.0261, 43.54], [22.0232, 43.5292], [22.0371, 43.5245], [22.0429, 43.519], [22.0447, 43.5096], [22.063, 43.4986], [22.0763, 43.5084], [22.095, 43.4991], [22.1036, 43.4998], [22.1137, 43.4913], [22.128, 43.4898], [22.1321, 43.4856], [22.1299, 43.4783], [22.1644, 43.4693], [22.1899, 43.4719], [22.1993, 43.481], [22.2183, 43.4797], [22.2385, 43.4715], [22.2333, 43.4595], [22.2481, 43.4608], [22.2688, 43.4472], [22.2889, 43.4611], [22.2939, 43.4708], [22.2996, 43.4716], [22.3138, 43.4606], [22.3197, 43.4619], [22.3215, 43.4563], [22.343, 43.4481], [22.345, 43.4225], [22.3368, 43.4111], [22.3399, 43.4002], [22.3319, 43.3861], [22.3685, 43.3797], [22.3899, 43.3633], [22.403, 43.3684], [22.4269, 43.352], [22.445, 43.3515], [22.4506, 43.3472], [22.469, 43.3549], [22.4769, 43.3638], [22.475, 43.3657], [22.4863, 43.371], [22.4947, 43.3663], [22.5047, 43.3496], [22.5217, 43.3414], [22.5263, 43.3322], [22.5398, 43.3354], [22.5723, 43.3239], [22.5816, 43.3233], [22.5825, 43.3265], [22.5741, 43.3371], [22.5766, 43.3512], [22.6231, 43.373], [22.6351, 43.3935], [22.6445, 43.3992], [22.667, 43.4027], [22.6607, 43.4258], [22.6388, 43.4334], [22.6248, 43.4282], [22.5977, 43.4357], [22.576, 43.4637], [22.5537, 43.4617], [22.5336, 43.4712], [22.5328, 43.4792], [22.5243, 43.4864], [22.5241, 43.4967], [22.5066, 43.5164], [22.5015, 43.5292], [22.5034, 43.5404], [22.49, 43.5561], [22.4877, 43.5687], [22.4966, 43.5836], [22.4871, 43.5913], [22.4936, 43.6005], [22.4882, 43.6185], [22.4817, 43.6244], [22.4915, 43.6337], [22.4918, 43.6393], [22.4765, 43.6575], [22.4589, 43.6592], [22.4397, 43.6738], [22.4245, 43.6785], [22.4066, 43.6986], [22.4016, 43.6933], [22.3849, 43.6908], [22.3724, 43.6948], [22.3581, 43.6867], [22.356, 43.6939], [22.3392, 43.6898], [22.3368, 43.6921], [22.3268, 43.6853], [22.3159, 43.6934], [22.304, 43.6914], [22.2864, 43.7], [22.2851, 43.6964], [22.2458, 43.7041], [22.2285, 43.6986], [22.2123, 43.6993], [22.2005, 43.7056], [22.2041, 43.7144], [22.1962, 43.7118], [22.1881, 43.7148], [22.1712, 43.7282], [22.1587, 43.7315], [22.1492, 43.7318], [22.1527, 43.7181], [22.1273, 43.7109], [22.0744, 43.7115], [22.0537, 43.7255]]]}}, {"type": "Feature", "properties": {"slug": "cuprija", "name": "Ćuprija"}, "geometry": {"type": "Polygon", "coordinates": [[[21.2808, 43.8842], [21.3081, 43.8828], [21.339, 43.8884], [21.3397, 43.8941], [21.3514, 43.9006], [21.3532, 43.8963], [21.341, 43.8805], [21.3504, 43.8761], [21.3531, 43.8829], [21.36, 43.8861], [21.3772, 43.8872], [21.3763, 43.8916], [21.3846, 43.8986], [21.4067, 43.8998], [21.4433, 43.89], [21.4533, 43.8939], [21.4517, 43.8967], [21.457, 43.9004], [21.4666, 43.897], [21.4836, 43.9113], [21.4697, 43.9175], [21.4671, 43.9238], [21.4706, 43.9322], [21.4258, 43.9318], [21.4158, 43.9346], [21.4157, 43.9401], [21.4445, 43.9473], [21.4773, 43.9476], [21.5309, 43.9688], [21.5651, 43.9773], [21.5765, 43.9841], [21.5656, 43.987], [21.5566, 43.9803], [21.5585, 43.9823], [21.5529, 43.9889], [21.5605, 43.992], [21.5641, 43.9995], [21.5778, 44.0039], [21.5847, 44.0104], [21.57, 44.0211], [21.5684, 44.0286], [21.5594, 44.0243], [21.5458, 44.0255], [21.5143, 44.0419], [21.5026, 44.0394], [21.4944, 44.0451], [21.4886, 44.0442], [21.4883, 44.0409], [21.4383, 44.0466], [21.4172, 44.0641], [21.3853, 44.0665], [21.3726, 44.0622], [21.3688, 44.0573], [21.371, 44.0464], [21.3651, 44.0431], [21.3684, 44.0399], [21.3574, 44.0362], [21.3504, 44.0406], [21.3429, 44.039], [21.3347, 44.0315], [21.3239, 44.0288], [21.3245, 44.0253], [21.3185, 44.0216], [21.3087, 44.0198], [21.2967, 44.0085], [21.31, 43.9987], [21.317, 44.0021], [21.3209, 43.9986], [21.3335, 44.0012], [21.3311, 43.9963], [21.3206, 43.9928], [21.3377, 43.9904], [21.3343, 43.9769], [21.3413, 43.9723], [21.3328, 43.9643], [21.3012, 43.9609], [21.3087, 43.9546], [21.3026, 43.9536], [21.3042, 43.9517], [21.3123, 43.9477], [21.3189, 43.9522], [21.3208, 43.9469], [21.3331, 43.941], [21.3322, 43.9368], [21.323, 43.9343], [21.3221, 43.937], [21.3068, 43.9298], [21.3063, 43.926], [21.2854, 43.9136], [21.2818, 43.9075], [21.2644, 43.9044], [21.2808, 43.8842]]]}}, {"type": "Feature", "properties": {"slug": "despotovac", "name": "Despotovac"}, "geometry": {"type": "Polygon", "coordinates": [[[21.3688, 44.0573], [21.3853, 44.0665], [21.4172, 44.0641], [21.4383, 44.0466], [21.4883, 44.0409], [21.4886, 44.0442], [21.4944, 44.0451], [21.5026, 44.0394], [21.5143, 44.0419], [21.5331, 44.0296], [21.5546, 44.0239], [21.5684, 44.0286], [21.57, 44.0211], [21.5847, 44.0104], [21.5778, 44.0039], [21.5641, 43.9995], [21.5605, 43.992], [21.5529, 43.9889], [21.5585, 43.9823], [21.5566, 43.9803], [21.5656, 43.987], [21.5825, 43.9861], [21.6156, 43.9663], [21.6314, 43.9754], [21.6637, 43.9665], [21.6853, 43.9731], [21.7072, 43.9695], [21.7278, 43.9595], [21.7477, 43.9571], [21.7538, 43.9626], [21.7603, 43.9808], [21.7795, 43.9876], [21.7783, 44.0063], [21.7838, 44.0178], [21.7805, 44.0258], [21.7991, 44.0369], [21.7994, 44.0579], [21.8159, 44.0619], [21.8231, 44.0716], [21.8182, 44.0766], [21.8229, 44.0823], [21.8136, 44.0948], [21.8023, 44.1008], [21.7953, 44.0919], [21.7684, 44.0956], [21.7587, 44.1017], [21.7561, 44.1123], [21.749, 44.1155], [21.7039, 44.107], [21.6823, 44.1138], [21.6744, 44.1295], [21.658, 44.1365], [21.6219, 44.1389], [21.6115, 44.1455], [21.59, 44.137], [21.5742, 44.1407], [21.5726, 44.1451], [21.5613, 44.1446], [21.5526, 44.1554], [21.5531, 44.1616], [21.5633, 44.1722], [21.5569, 44.1701], [21.5527, 44.1627], [21.5344, 44.1732], [21.5256, 44.1848], [21.5243, 44.1926], [21.5133, 44.1889], [21.5005, 44.2019], [21.4759, 44.2053], [21.4728, 44.2007], [21.4651, 44.2013], [21.4495, 44.2158], [21.4223, 44.2179], [21.3986, 44.2098], [21.4096, 44.2025], [21.3959, 44.1889], [21.3961, 44.1814], [21.3893, 44.1737], [21.3945, 44.1614], [21.3907, 44.1431], [21.3796, 44.1462], [21.3638, 44.1703], [21.3477, 44.1629], [21.3378, 44.1637], [21.3188, 44.1802], [21.3189, 44.1766], [21.3131, 44.1784], [21.3048, 44.1734], [21.308, 44.1701], [21.299, 44.1615], [21.2966, 44.1521], [21.2776, 44.132], [21.2571, 44.1267], [21.2609, 44.1255], [21.2609, 44.1205], [21.2685, 44.1196], [21.291, 44.1197], [21.2997, 44.1246], [21.2985, 44.118], [21.3092, 44.1098], [21.3089, 44.1032], [21.3034, 44.099], [21.3075, 44.0961], [21.3024, 44.0932], [21.3097, 44.0806], [21.3447, 44.075], [21.3688, 44.0573]]]}}, {"type": "Feature", "properties": {"slug": "paracin", "name": "Paraćin"}, "geometry": {"type": "Polygon", "coordinates": [[[21.2702, 43.8546], [21.2842, 43.8521], [21.2835, 43.8437], [21.2884, 43.8402], [21.2853, 43.8389], [21.2869, 43.8337], [21.2825, 43.8291], [21.2771, 43.8044], [21.2672, 43.7945], [21.2723, 43.7862], [21.2957, 43.7819], [21.3263, 43.7859], [21.3326, 43.7952], [21.3363, 43.7881], [21.3476, 43.7941], [21.3679, 43.795], [21.3723, 43.7888], [21.3667, 43.7778], [21.371, 43.7738], [21.3789, 43.7743], [21.3798, 43.7819], [21.3848, 43.7858], [21.3974, 43.7815], [21.3938, 43.7735], [21.3713, 43.7667], [21.3714, 43.7612], [21.3947, 43.7586], [21.408, 43.7685], [21.4101, 43.7615], [21.4044, 43.7559], [21.4181, 43.742], [21.4258, 43.7435], [21.4603, 43.7633], [21.4834, 43.7691], [21.4855, 43.7786], [21.5052, 43.7831], [21.5102, 43.7869], [21.5116, 43.7947], [21.5218, 43.789], [21.5591, 43.8111], [21.5801, 43.8101], [21.6009, 43.8148], [21.6167, 43.8086], [21.6289, 43.8095], [21.6588, 43.8187], [21.6552, 43.8241], [21.675, 43.8337], [21.6811, 43.8489], [21.6966, 43.865], [21.6896, 43.8767], [21.6782, 43.8828], [21.6837, 43.896], [21.6786, 43.9047], [21.6883, 43.9075], [21.6921, 43.9151], [21.7111, 43.9147], [21.7165, 43.9213], [21.7315, 43.9176], [21.7405, 43.9241], [21.7432, 43.9323], [21.7352, 43.9473], [21.7477, 43.9571], [21.7278, 43.9595], [21.7072, 43.9695], [21.6853, 43.9731], [21.6637, 43.9665], [21.6314, 43.9754], [21.6156, 43.9663], [21.5825, 43.9861], [21.4773, 43.9476], [21.4445, 43.9473], [21.4157, 43.9401], [21.4158, 43.9346], [21.4258, 43.9318], [21.4706, 43.9322], [21.4671, 43.9238], [21.4697, 43.9175], [21.4836, 43.9113], [21.4666, 43.897], [21.457, 43.9004], [21.4517, 43.8967], [21.4533, 43.8939], [21.4433, 43.89], [21.4067, 43.8998], [21.3846, 43.8986], [21.3763, 43.8916], [21.3772, 43.8872], [21.36, 43.8861], [21.3531, 43.8829], [21.3504, 43.8761], [21.341, 43.8805], [21.3532, 43.8963], [21.3514, 43.9006], [21.3397, 43.8941], [21.339, 43.8884], [21.3081, 43.8828], [21.2773, 43.8828], [21.2697, 43.8709], [21.2702, 43.8546]]]}}, {"type": "Feature", "properties": {"slug": "svilajnac", "name": "Svilajnac"}, "geometry": {"type": "Polygon", "coordinates": [[[21.2685, 44.1196], [21.2609, 44.1205], [21.2609, 44.1255], [21.2571, 44.1267], [21.2776, 44.132], [21.2966, 44.1521], [21.299, 44.1615], [21.308, 44.1701], [21.3048, 44.1734], [21.3131, 44.1784], [21.3189, 44.1766], [21.3188, 44.1802], [21.3378, 44.1637], [21.3477, 44.1629], [21.3638, 44.1703], [21.3796, 44.1462], [21.3907, 44.1431], [21.3945, 44.1614], [21.3893, 44.1737], [21.3961, 44.1814], [21.3959, 44.1889], [21.4096, 44.2025], [21.4052, 44.2058], [21.3806, 44.2024], [21.3724, 44.2078], [21.3605, 44.2042], [21.3646, 44.2189], [21.3736, 44.2265], [21.3777, 44.2394], [21.3661, 44.2471], [21.3473, 44.2447], [21.3489, 44.2527], [21.3419, 44.2578], [21.3385, 44.2801], [21.3049, 44.2963], [21.2846, 44.2812], [21.2869, 44.2778], [21.2743, 44.2657], [21.2821, 44.2646], [21.2796, 44.2606], [21.265, 44.2691], [21.2524, 44.2661], [21.2388, 44.2697], [21.2249, 44.2843], [21.2242, 44.2954], [21.2186, 44.2935], [21.2109, 44.3036], [21.2052, 44.3017], [21.2072, 44.3039], [21.2025, 44.3076], [21.1816, 44.3069], [21.1672, 44.3181], [21.1536, 44.3169], [21.1556, 44.3127], [21.1517, 44.3056], [21.1279, 44.3069], [21.126, 44.3013], [21.1399, 44.2956], [21.1479, 44.2843], [21.1618, 44.283], [21.1598, 44.2773], [21.14, 44.2815], [21.1321, 44.2786], [21.1341, 44.2744], [21.144, 44.2673], [21.1618, 44.2716], [21.1599, 44.2617], [21.1719, 44.2504], [21.16, 44.239], [21.1582, 44.2248], [21.1425, 44.2226], [21.1376, 44.2086], [21.1259, 44.199], [21.1312, 44.1961], [21.1422, 44.2012], [21.1462, 44.198], [21.1468, 44.1781], [21.1266, 44.1656], [21.1448, 44.1656], [21.1392, 44.157], [21.1403, 44.1461], [21.1461, 44.1418], [21.1691, 44.1452], [21.1795, 44.1426], [21.1848, 44.1204], [21.1812, 44.1067], [21.1949, 44.1072], [21.1998, 44.1032], [21.1916, 44.0953], [21.1753, 44.0965], [21.171, 44.0924], [21.1892, 44.0911], [21.1946, 44.0715], [21.2039, 44.0647], [21.2199, 44.0675], [21.2329, 44.0723], [21.2268, 44.0799], [21.2292, 44.0866], [21.262, 44.0949], [21.2646, 44.1055], [21.2745, 44.113], [21.268, 44.1135], [21.2685, 44.1196]]]}}, {"type": "Feature", "properties": {"slug": "zabari", "name": "Žabari"}, "geometry": {"type": "Polygon", "coordinates": [[[21.1533, 44.4995], [21.1607, 44.495], [21.1543, 44.4891], [21.1549, 44.4847], [21.171, 44.4736], [21.1467, 44.4646], [21.1541, 44.4585], [21.1663, 44.4609], [21.1718, 44.4576], [21.1705, 44.4537], [21.1559, 44.4501], [21.1661, 44.4431], [21.171, 44.4311], [21.1699, 44.4277], [21.1637, 44.4277], [21.1581, 44.4332], [21.1455, 44.4315], [21.1375, 44.4213], [21.1221, 44.4166], [21.1191, 44.4097], [21.1355, 44.4104], [21.1448, 44.4068], [21.1305, 44.4011], [21.126, 44.3884], [21.1185, 44.3861], [21.1214, 44.379], [21.1323, 44.3789], [21.1392, 44.374], [21.164, 44.374], [21.1684, 44.3644], [21.1734, 44.3642], [21.1777, 44.3529], [21.1731, 44.3487], [21.1752, 44.3425], [21.1654, 44.3396], [21.1614, 44.3439], [21.1436, 44.3311], [21.1456, 44.3396], [21.1396, 44.341], [21.1357, 44.3395], [21.1357, 44.331], [21.1259, 44.3253], [21.1279, 44.3225], [21.1457, 44.324], [21.1536, 44.3169], [21.1672, 44.3181], [21.1876, 44.3054], [21.1932, 44.3096], [21.2025, 44.3076], [21.2072, 44.3039], [21.2052, 44.3017], [21.2109, 44.3036], [21.2186, 44.2935], [21.2242, 44.2954], [21.2249, 44.2843], [21.2388, 44.2697], [21.2524, 44.2661], [21.265, 44.2691], [21.2796, 44.2606], [21.2821, 44.2646], [21.2743, 44.2657], [21.2823, 44.271], [21.2869, 44.2778], [21.2846, 44.2812], [21.289, 44.2814], [21.2975, 44.2931], [21.3049, 44.2963], [21.3121, 44.2912], [21.3162, 44.2935], [21.3098, 44.3054], [21.2976, 44.3059], [21.2936, 44.2986], [21.2824, 44.3003], [21.2964, 44.3073], [21.2834, 44.3126], [21.2855, 44.315], [21.2786, 44.3202], [21.2727, 44.3203], [21.276, 44.3232], [21.2706, 44.3268], [21.2725, 44.3323], [21.2859, 44.3374], [21.2881, 44.3457], [21.2993, 44.3513], [21.3025, 44.3576], [21.2946, 44.384], [21.3019, 44.3887], [21.3102, 44.4028], [21.308, 44.4116], [21.3013, 44.4133], [21.304, 44.4178], [21.2981, 44.4198], [21.3049, 44.4207], [21.3092, 44.4275], [21.3051, 44.4295], [21.3028, 44.4261], [21.2879, 44.4391], [21.2933, 44.4408], [21.2925, 44.4465], [21.2997, 44.4471], [21.298, 44.4549], [21.2858, 44.4603], [21.2819, 44.4683], [21.2679, 44.4775], [21.2686, 44.4815], [21.2556, 44.4843], [21.2418, 44.497], [21.2373, 44.5089], [21.2278, 44.5154], [21.2038, 44.5066], [21.1737, 44.508], [21.1661, 44.5031], [21.1607, 44.5062], [21.1533, 44.4995]]]}}, {"type": "Feature", "properties": {"slug": "zagubica", "name": "Žagubica"}, "geometry": {"type": "Polygon", "coordinates": [[[21.9633, 44.1661], [21.9712, 44.2111], [21.9589, 44.2208], [21.959, 44.227], [21.9646, 44.2311], [21.9539, 44.2371], [21.9658, 44.2488], [21.9621, 44.2527], [21.9492, 44.2535], [21.9432, 44.2423], [21.9368, 44.242], [21.926, 44.2332], [21.9106, 44.2428], [21.9098, 44.2472], [21.9038, 44.2453], [21.9094, 44.2551], [21.8962, 44.2767], [21.9076, 44.2788], [21.8961, 44.2997], [21.8966, 44.3045], [21.9053, 44.3036], [21.9053, 44.3077], [21.8936, 44.3141], [21.8575, 44.3294], [21.8463, 44.3246], [21.825, 44.3309], [21.818, 44.3286], [21.817, 44.3208], [21.8082, 44.3175], [21.7981, 44.3188], [21.7946, 44.3281], [21.7623, 44.3207], [21.7586, 44.3271], [21.7462, 44.3298], [21.7368, 44.3393], [21.7212, 44.347], [21.7124, 44.3395], [21.6876, 44.3474], [21.6635, 44.3621], [21.6587, 44.359], [21.6293, 44.3606], [21.6328, 44.3519], [21.6194, 44.3458], [21.6176, 44.3347], [21.5831, 44.3275], [21.5782, 44.3249], [21.5821, 44.3194], [21.579, 44.3165], [21.5705, 44.3235], [21.5592, 44.3089], [21.5516, 44.2907], [21.5517, 44.276], [21.5384, 44.277], [21.5193, 44.2629], [21.5201, 44.2557], [21.5274, 44.2472], [21.5469, 44.2449], [21.5515, 44.2323], [21.5333, 44.2189], [21.497, 44.2086], [21.5133, 44.1889], [21.5243, 44.1926], [21.5256, 44.1848], [21.5344, 44.1732], [21.5527, 44.1627], [21.5569, 44.1701], [21.5633, 44.1722], [21.5531, 44.1616], [21.5526, 44.1554], [21.5613, 44.1446], [21.5726, 44.1451], [21.5742, 44.1407], [21.59, 44.137], [21.6115, 44.1455], [21.6219, 44.1389], [21.658, 44.1365], [21.6744, 44.1295], [21.6823, 44.1138], [21.7039, 44.107], [21.749, 44.1155], [21.7561, 44.1123], [21.7587, 44.1017], [21.7684, 44.0956], [21.7953, 44.0919], [21.8023, 44.1008], [21.8136, 44.0948], [21.8229, 44.0823], [21.8461, 44.095], [21.8693, 44.0916], [21.8855, 44.1079], [21.9039, 44.1187], [21.9503, 44.1217], [21.954, 44.1271], [21.9641, 44.1293], [21.9683, 44.1397], [21.9581, 44.1469], [21.9514, 44.1653], [21.9633, 44.1661]]]}}, {"type": "Feature", "properties": {"slug": "golubac", "name": "Golubac"}, "geometry": {"type": "Polygon", "coordinates": [[[22.0022, 44.6155], [21.9955, 44.6321], [21.9871, 44.6354], [21.9699, 44.6339], [21.8422, 44.6556], [21.8154, 44.6533], [21.7785, 44.6618], [21.7246, 44.6536], [21.6759, 44.6683], [21.642, 44.6613], [21.624, 44.6682], [21.6117, 44.6838], [21.6132, 44.7161], [21.609, 44.7357], [21.5875, 44.7264], [21.5878, 44.7206], [21.5775, 44.72], [21.575, 44.7127], [21.5508, 44.7193], [21.5279, 44.7074], [21.5319, 44.6949], [21.5017, 44.668], [21.5052, 44.667], [21.4982, 44.6572], [21.5118, 44.6536], [21.506, 44.6301], [21.5089, 44.6221], [21.5133, 44.6206], [21.5103, 44.61], [21.4944, 44.5974], [21.5058, 44.5886], [21.5279, 44.5952], [21.5323, 44.5934], [21.5432, 44.6005], [21.554, 44.5947], [21.5607, 44.5949], [21.5625, 44.5985], [21.5648, 44.5959], [21.558, 44.5926], [21.5399, 44.5905], [21.543, 44.5692], [21.5486, 44.5695], [21.5698, 44.5849], [21.573, 44.5917], [21.581, 44.5879], [21.5908, 44.5891], [21.6097, 44.5735], [21.6242, 44.5695], [21.6428, 44.5712], [21.6571, 44.5791], [21.6611, 44.5746], [21.6816, 44.5817], [21.7022, 44.5834], [21.7056, 44.5936], [21.7316, 44.6064], [21.7343, 44.6112], [21.7312, 44.618], [21.7367, 44.6214], [21.7361, 44.6168], [21.7479, 44.613], [21.7736, 44.6175], [21.7858, 44.6104], [21.7953, 44.615], [21.8095, 44.6089], [21.8044, 44.5945], [21.8064, 44.5903], [21.8343, 44.5922], [21.8381, 44.5868], [21.8364, 44.5794], [21.8488, 44.5753], [21.8616, 44.5779], [21.8753, 44.5729], [21.8861, 44.5762], [21.8909, 44.5742], [21.8906, 44.5634], [21.9087, 44.5598], [21.9121, 44.5506], [21.9232, 44.5481], [21.9307, 44.5406], [21.9401, 44.5407], [21.9676, 44.5473], [21.973, 44.5453], [21.9743, 44.5507], [21.967, 44.5531], [21.9668, 44.5572], [21.9783, 44.5626], [21.9801, 44.5687], [21.9879, 44.5731], [21.9903, 44.5853], [21.9971, 44.5856], [22.0094, 44.5984], [22.0004, 44.6104], [22.0022, 44.6155]]]}}, {"type": "Feature", "properties": {"slug": "kucevo", "name": "Kučevo"}, "geometry": {"type": "Polygon", "coordinates": [[[21.9401, 44.5407], [21.9307, 44.5406], [21.9232, 44.5481], [21.9121, 44.5506], [21.9087, 44.5598], [21.8906, 44.5634], [21.8909, 44.5742], [21.8861, 44.5762], [21.8753, 44.5729], [21.8616, 44.5779], [21.8488, 44.5753], [21.8364, 44.5794], [21.8381, 44.5868], [21.8343, 44.5922], [21.8064, 44.5903], [21.8044, 44.5945], [21.8095, 44.6089], [21.7953, 44.615], [21.7858, 44.6104], [21.7736, 44.6175], [21.7479, 44.613], [21.7361, 44.6168], [21.7367, 44.6214], [21.7312, 44.618], [21.7343, 44.6112], [21.7316, 44.6064], [21.7056, 44.5936], [21.7022, 44.5834], [21.6816, 44.5817], [21.6611, 44.5746], [21.6598, 44.5784], [21.6501, 44.5779], [21.6428, 44.5712], [21.6242, 44.5695], [21.6097, 44.5735], [21.5908, 44.5891], [21.581, 44.5879], [21.573, 44.5917], [21.5698, 44.5849], [21.5486, 44.5695], [21.543, 44.5692], [21.5399, 44.5905], [21.558, 44.5926], [21.5648, 44.5959], [21.5625, 44.5985], [21.5607, 44.5949], [21.554, 44.5947], [21.5432, 44.6005], [21.5323, 44.5934], [21.5021, 44.5901], [21.5049, 44.5865], [21.4987, 44.5835], [21.5012, 44.5811], [21.4975, 44.5736], [21.4855, 44.5743], [21.4805, 44.5703], [21.4843, 44.5694], [21.4788, 44.5666], [21.48, 44.5606], [21.4706, 44.5519], [21.5057, 44.5292], [21.5126, 44.518], [21.5103, 44.515], [21.5158, 44.5111], [21.5129, 44.4939], [21.5167, 44.4911], [21.5413, 44.4827], [21.5604, 44.4838], [21.5812, 44.4767], [21.581, 44.4713], [21.5732, 44.4632], [21.572, 44.4509], [21.5843, 44.4413], [21.5819, 44.438], [21.5874, 44.4304], [21.5964, 44.426], [21.5979, 44.4213], [21.5833, 44.4176], [21.593, 44.4097], [21.5946, 44.4002], [21.6107, 44.3964], [21.6125, 44.388], [21.6076, 44.3813], [21.6117, 44.3681], [21.6197, 44.362], [21.6427, 44.3589], [21.6635, 44.3621], [21.6876, 44.3474], [21.7124, 44.3395], [21.7212, 44.347], [21.7368, 44.3393], [21.7462, 44.3298], [21.7586, 44.3271], [21.7623, 44.3207], [21.7946, 44.3281], [21.7981, 44.3188], [21.8082, 44.3175], [21.817, 44.3208], [21.8193, 44.3257], [21.8143, 44.3353], [21.8231, 44.3486], [21.814, 44.3621], [21.7978, 44.3709], [21.8047, 44.3776], [21.8101, 44.3941], [21.8211, 44.3966], [21.835, 44.4085], [21.8369, 44.4117], [21.8317, 44.4136], [21.8402, 44.4227], [21.8607, 44.43], [21.8616, 44.4218], [21.8526, 44.4199], [21.8598, 44.4174], [21.8753, 44.4294], [21.8744, 44.438], [21.8828, 44.4375], [21.8826, 44.4528], [21.9212, 44.4481], [21.9292, 44.4524], [21.9259, 44.46], [21.93, 44.4623], [21.9336, 44.4755], [21.9251, 44.4793], [21.9256, 44.4834], [21.9355, 44.4936], [21.936, 44.5056], [21.9409, 44.5132], [21.9487, 44.5153], [21.9503, 44.5231], [21.9456, 44.5313], [21.9396, 44.5311], [21.9401, 44.5407]]]}}, {"type": "Feature", "properties": {"slug": "malo-crnice", "name": "Malo Crniće"}, "geometry": {"type": "Polygon", "coordinates": [[[21.2191, 44.5202], [21.2373, 44.5089], [21.2418, 44.497], [21.2556, 44.4843], [21.2686, 44.4815], [21.2679, 44.4775], [21.2935, 44.4548], [21.3172, 44.4634], [21.3126, 44.4682], [21.3198, 44.4814], [21.3443, 44.4829], [21.3777, 44.4761], [21.3944, 44.4848], [21.4008, 44.484], [21.4059, 44.4898], [21.4121, 44.4879], [21.4135, 44.4916], [21.4193, 44.4914], [21.4179, 44.4975], [21.4362, 44.4945], [21.4446, 44.5086], [21.4655, 44.5097], [21.4885, 44.5177], [21.5126, 44.518], [21.5057, 44.5292], [21.481, 44.5453], [21.4584, 44.5538], [21.4477, 44.5518], [21.4474, 44.5556], [21.43, 44.5623], [21.4113, 44.5879], [21.4158, 44.5977], [21.4201, 44.5968], [21.4176, 44.5988], [21.4251, 44.6038], [21.4264, 44.6166], [21.42, 44.6173], [21.4158, 44.6259], [21.4058, 44.6294], [21.4064, 44.6376], [21.3871, 44.644], [21.3697, 44.6286], [21.3564, 44.6232], [21.3205, 44.6217], [21.2946, 44.6258], [21.2942, 44.6134], [21.2982, 44.6106], [21.2964, 44.6007], [21.2686, 44.6005], [21.2628, 44.5963], [21.235, 44.5975], [21.2133, 44.5878], [21.2268, 44.5796], [21.2365, 44.5813], [21.235, 44.5721], [21.2298, 44.5681], [21.2489, 44.5668], [21.2448, 44.5626], [21.2199, 44.5619], [21.2184, 44.5588], [21.2194, 44.548], [21.2106, 44.532], [21.219, 44.527], [21.2191, 44.5202]]]}}, {"type": "Feature", "properties": {"slug": "petrovac-na-mlavi", "name": "Petrovac na Mlavi"}, "geometry": {"type": "Polygon", "coordinates": [[[21.5005, 44.2019], [21.4984, 44.2112], [21.5333, 44.2189], [21.5515, 44.2323], [21.5469, 44.2449], [21.5274, 44.2472], [21.5201, 44.2557], [21.5193, 44.2629], [21.5384, 44.277], [21.5517, 44.276], [21.5516, 44.2907], [21.5592, 44.3089], [21.5705, 44.3235], [21.579, 44.3165], [21.5821, 44.3194], [21.5782, 44.3249], [21.6176, 44.3347], [21.6194, 44.3458], [21.6328, 44.3519], [21.632, 44.3588], [21.6117, 44.3681], [21.6076, 44.3813], [21.6125, 44.388], [21.6107, 44.3964], [21.5946, 44.4002], [21.593, 44.4097], [21.5833, 44.4176], [21.5979, 44.4213], [21.5819, 44.438], [21.5843, 44.4413], [21.572, 44.4509], [21.5732, 44.4632], [21.581, 44.4713], [21.5812, 44.4767], [21.5604, 44.4838], [21.5413, 44.4827], [21.5167, 44.4911], [21.5129, 44.4939], [21.5158, 44.5111], [21.5131, 44.5153], [21.4885, 44.5177], [21.4655, 44.5097], [21.4446, 44.5086], [21.4362, 44.4945], [21.4179, 44.4975], [21.4193, 44.4914], [21.4135, 44.4916], [21.4121, 44.4879], [21.4059, 44.4898], [21.4008, 44.484], [21.3944, 44.4848], [21.3777, 44.4761], [21.3443, 44.4829], [21.3198, 44.4814], [21.3126, 44.4682], [21.3172, 44.4634], [21.298, 44.4549], [21.2997, 44.4471], [21.2925, 44.4465], [21.2933, 44.4408], [21.2879, 44.4391], [21.3028, 44.4261], [21.3051, 44.4295], [21.3092, 44.4275], [21.3049, 44.4207], [21.2981, 44.4198], [21.304, 44.4178], [21.3013, 44.4133], [21.308, 44.4116], [21.3102, 44.4028], [21.3019, 44.3887], [21.2946, 44.384], [21.3025, 44.3576], [21.2993, 44.3513], [21.2913, 44.3495], [21.2859, 44.3374], [21.2725, 44.3323], [21.2706, 44.3268], [21.276, 44.3232], [21.2727, 44.3203], [21.2786, 44.3202], [21.2855, 44.315], [21.2834, 44.3126], [21.2964, 44.3073], [21.2824, 44.3003], [21.2936, 44.2986], [21.2976, 44.3059], [21.3098, 44.3054], [21.3153, 44.2992], [21.3123, 44.2978], [21.3162, 44.2935], [21.3121, 44.2912], [21.3385, 44.2801], [21.3419, 44.2578], [21.3489, 44.2527], [21.3459, 44.2459], [21.3661, 44.2471], [21.3777, 44.2394], [21.3736, 44.2265], [21.3646, 44.2189], [21.3605, 44.2042], [21.3724, 44.2078], [21.3806, 44.2024], [21.4022, 44.2035], [21.4052, 44.2058], [21.3986, 44.2098], [21.4116, 44.2167], [21.4397, 44.2178], [21.4495, 44.2158], [21.4651, 44.2013], [21.4728, 44.2007], [21.4759, 44.2053], [21.5005, 44.2019]]]}}, {"type": "Feature", "properties": {"slug": "nova-varos", "name": "Nova Varoš"}, "geometry": {"type": "Polygon", "coordinates": [[[20.057, 43.4363], [20.0589, 43.4434], [20.0452, 43.4517], [20.0292, 43.4954], [20.0078, 43.5037], [19.9844, 43.505], [19.9825, 43.5078], [19.9882, 43.5135], [19.9805, 43.5106], [19.9804, 43.5191], [19.9454, 43.5217], [19.9278, 43.5343], [19.9238, 43.5469], [19.916, 43.5511], [19.9159, 43.5553], [19.943, 43.571], [19.939, 43.5752], [19.9409, 43.5808], [19.9505, 43.5879], [19.9273, 43.5919], [19.9272, 43.5961], [19.8848, 43.5916], [19.8634, 43.6027], [19.8383, 43.5997], [19.8266, 43.6066], [19.813, 43.6065], [19.8016, 43.5952], [19.79, 43.5938], [19.776, 43.63], [19.7585, 43.6397], [19.7489, 43.6312], [19.7433, 43.6186], [19.7355, 43.6186], [19.7164, 43.6044], [19.7146, 43.5946], [19.6883, 43.5845], [19.693, 43.5722], [19.7001, 43.5742], [19.698, 43.5679], [19.7027, 43.5639], [19.6736, 43.5458], [19.6578, 43.5451], [19.6611, 43.531], [19.6495, 43.5205], [19.6543, 43.5167], [19.6492, 43.5143], [19.6509, 43.5082], [19.6322, 43.4918], [19.6486, 43.475], [19.6479, 43.4673], [19.6645, 43.4557], [19.6929, 43.449], [19.7, 43.4403], [19.7114, 43.4388], [19.7136, 43.4487], [19.7278, 43.4437], [19.7373, 43.4456], [19.7386, 43.442], [19.7635, 43.4345], [19.7653, 43.4239], [19.788, 43.4165], [19.7881, 43.4107], [19.8033, 43.4073], [19.8033, 43.3968], [19.8105, 43.3947], [19.8214, 43.3794], [19.8204, 43.3704], [19.8537, 43.3695], [19.8597, 43.3628], [19.8585, 43.3534], [19.8775, 43.3429], [19.8904, 43.3468], [19.8939, 43.3527], [19.9094, 43.3518], [19.9138, 43.3585], [19.9068, 43.3653], [19.9089, 43.375], [19.9245, 43.3854], [19.9417, 43.4065], [19.9493, 43.4093], [19.9532, 43.4051], [20.0091, 43.3997], [20.0071, 43.4151], [20.0129, 43.4137], [20.0167, 43.4222], [20.0263, 43.4194], [20.0282, 43.425], [20.057, 43.4363]]]}}, {"type": "Feature", "properties": {"slug": "priboj", "name": "Priboj"}, "geometry": {"type": "Polygon", "coordinates": [[[19.6899, 43.5861], [19.6836, 43.5973], [19.6696, 43.5935], [19.6745, 43.5881], [19.6704, 43.5871], [19.6723, 43.5802], [19.6635, 43.5806], [19.6623, 43.5714], [19.6555, 43.5721], [19.6559, 43.5803], [19.6506, 43.5791], [19.6479, 43.585], [19.6244, 43.5972], [19.6191, 43.5958], [19.6119, 43.6057], [19.6011, 43.6105], [19.5974, 43.6087], [19.5952, 43.6132], [19.5787, 43.6112], [19.5539, 43.6223], [19.5393, 43.6187], [19.5366, 43.6237], [19.5069, 43.6281], [19.5073, 43.6333], [19.5005, 43.6334], [19.4988, 43.6389], [19.4881, 43.6324], [19.4917, 43.62], [19.4995, 43.6161], [19.4918, 43.5964], [19.4971, 43.5981], [19.5111, 43.5862], [19.4808, 43.5717], [19.4461, 43.5819], [19.4181, 43.5783], [19.4223, 43.5753], [19.4084, 43.5698], [19.4025, 43.5703], [19.4052, 43.5772], [19.3924, 43.5737], [19.3879, 43.5772], [19.3995, 43.5812], [19.402, 43.5876], [19.3957, 43.5917], [19.3848, 43.5915], [19.3819, 43.6016], [19.3709, 43.6052], [19.3694, 43.6107], [19.3567, 43.6056], [19.3368, 43.5885], [19.304, 43.5898], [19.2911, 43.6001], [19.2888, 43.5955], [19.2731, 43.5967], [19.2665, 43.6052], [19.2637, 43.6069], [19.2555, 43.5979], [19.2686, 43.6019], [19.2727, 43.5965], [19.2627, 43.5894], [19.2459, 43.5927], [19.2539, 43.5755], [19.2462, 43.5481], [19.2515, 43.5291], [19.2239, 43.5265], [19.2281, 43.512], [19.2238, 43.5036], [19.2272, 43.485], [19.2231, 43.4819], [19.2479, 43.4684], [19.2542, 43.4611], [19.2774, 43.4536], [19.2921, 43.4439], [19.3342, 43.4361], [19.35, 43.4155], [19.3608, 43.4106], [19.3832, 43.412], [19.394, 43.4009], [19.4126, 43.3919], [19.4448, 43.389], [19.4539, 43.3918], [19.4535, 43.3963], [19.4636, 43.3953], [19.4726, 43.4021], [19.4427, 43.4335], [19.4424, 43.4405], [19.4677, 43.458], [19.4827, 43.4629], [19.48, 43.4697], [19.4899, 43.4759], [19.493, 43.485], [19.5036, 43.4906], [19.5363, 43.486], [19.5689, 43.4784], [19.5734, 43.4715], [19.5984, 43.4831], [19.6089, 43.4971], [19.6192, 43.4983], [19.6322, 43.4918], [19.6509, 43.5082], [19.6492, 43.5143], [19.6543, 43.5167], [19.6495, 43.5205], [19.6611, 43.531], [19.6578, 43.5451], [19.6736, 43.5458], [19.7027, 43.5639], [19.698, 43.5679], [19.7001, 43.5742], [19.693, 43.5722], [19.6892, 43.5769], [19.6899, 43.5861]], [[19.429, 43.5532], [19.4214, 43.542], [19.4141, 43.5397], [19.4113, 43.547], [19.3951, 43.5539], [19.408, 43.5551], [19.4122, 43.5655], [19.4236, 43.5684], [19.4234, 43.559], [19.429, 43.5532]]]}}, {"type": "Feature", "properties": {"slug": "prijepolje", "name": "Prijepolje"}, "geometry": {"type": "Polygon", "coordinates": [[[19.6322, 43.4918], [19.6192, 43.4983], [19.6089, 43.4971], [19.5984, 43.4831], [19.5734, 43.4715], [19.5689, 43.4784], [19.5363, 43.486], [19.5036, 43.4906], [19.493, 43.485], [19.4899, 43.4759], [19.48, 43.4697], [19.4827, 43.4629], [19.4677, 43.458], [19.4424, 43.4405], [19.4427, 43.4335], [19.4726, 43.4021], [19.4636, 43.3953], [19.4535, 43.3963], [19.4539, 43.3918], [19.4448, 43.389], [19.4492, 43.3873], [19.4506, 43.3667], [19.4614, 43.3585], [19.4608, 43.3446], [19.4817, 43.3328], [19.4861, 43.3263], [19.5215, 43.3197], [19.5356, 43.3079], [19.538, 43.3024], [19.5307, 43.2986], [19.5255, 43.2816], [19.5424, 43.26], [19.5452, 43.2484], [19.5829, 43.2452], [19.6025, 43.2318], [19.6211, 43.2284], [19.6352, 43.2091], [19.6365, 43.1963], [19.6423, 43.1894], [19.6736, 43.1835], [19.681, 43.1784], [19.6802, 43.1728], [19.6877, 43.1688], [19.7279, 43.1717], [19.7408, 43.1591], [19.7534, 43.1592], [19.7703, 43.1663], [19.7718, 43.1759], [19.7601, 43.1913], [19.7717, 43.1871], [19.7871, 43.1928], [19.8372, 43.1888], [19.8583, 43.1945], [19.864, 43.2128], [19.8485, 43.2169], [19.8349, 43.2351], [19.8349, 43.2379], [19.8445, 43.2394], [19.8456, 43.2526], [19.8425, 43.2571], [19.8378, 43.2567], [19.8412, 43.2596], [19.8364, 43.2652], [19.8387, 43.2708], [19.8313, 43.2685], [19.8292, 43.2721], [19.8352, 43.2761], [19.8293, 43.2793], [19.8346, 43.2903], [19.8399, 43.2888], [19.8489, 43.2948], [19.8753, 43.2955], [19.8863, 43.3003], [19.8874, 43.3063], [19.8983, 43.3061], [19.8893, 43.316], [19.8792, 43.3189], [19.8807, 43.3369], [19.876, 43.3454], [19.8585, 43.3534], [19.8597, 43.3628], [19.8537, 43.3695], [19.8204, 43.3704], [19.8214, 43.3794], [19.8105, 43.3947], [19.8033, 43.3968], [19.8033, 43.4073], [19.7881, 43.4107], [19.788, 43.4165], [19.7653, 43.4239], [19.7635, 43.4345], [19.7386, 43.442], [19.7373, 43.4456], [19.7278, 43.4437], [19.7136, 43.4487], [19.7114, 43.4388], [19.7, 43.4403], [19.6929, 43.449], [19.6645, 43.4557], [19.6479, 43.4673], [19.6486, 43.475], [19.6322, 43.4918]]]}}, {"type": "Feature", "properties": {"slug": "kanjiza", "name": "Kanjiža"}, "geometry": {"type": "Polygon", "coordinates": [[[19.8094, 45.9267], [19.9371, 45.9415], [20.0225, 45.9621], [20.0696, 45.9869], [20.0335, 46.0126], [20.0322, 46.0184], [20.0503, 46.0157], [20.071, 46.0227], [20.089, 46.0527], [20.0855, 46.0603], [20.0407, 46.0819], [20.0426, 46.0888], [20.0781, 46.1066], [20.0813, 46.1121], [20.0772, 46.121], [20.0632, 46.1315], [20.0668, 46.1412], [20.0581, 46.1479], [20.0344, 46.1458], [20.023, 46.1733], [20.0158, 46.1768], [19.9351, 46.1762], [19.9149, 46.164], [19.8727, 46.1512], [19.8987, 46.1266], [19.8839, 46.106], [19.8675, 46.1018], [19.8646, 46.0853], [19.8674, 46.0555], [19.8641, 46.046], [19.81, 45.9765], [19.8094, 45.9267]]]}}, {"type": "Feature", "properties": {"slug": "senta", "name": "Senta"}, "geometry": {"type": "Polygon", "coordinates": [[[19.7886, 45.8802], [19.8193, 45.8479], [19.8226, 45.8398], [19.8203, 45.8233], [19.8279, 45.8108], [19.941, 45.8417], [20.0221, 45.8426], [20.0849, 45.8536], [20.0871, 45.8633], [20.1184, 45.8782], [20.1298, 45.8873], [20.134, 45.8961], [20.1153, 45.9043], [20.0929, 45.9349], [20.0933, 45.944], [20.0993, 45.9519], [20.0907, 45.9638], [20.1024, 45.9875], [20.0696, 45.9869], [20.0225, 45.9621], [19.9371, 45.9415], [19.8094, 45.9267], [19.8273, 45.9037], [19.7886, 45.8802]]]}}, {"type": "Feature", "properties": {"slug": "backa-topola", "name": "Bačka Topola"}, "geometry": {"type": "Polygon", "coordinates": [[[19.374, 45.9403], [19.3348, 45.9158], [19.3558, 45.8798], [19.3443, 45.8699], [19.3605, 45.8394], [19.3786, 45.8222], [19.3948, 45.8164], [19.4215, 45.7939], [19.4518, 45.754], [19.4906, 45.7315], [19.5027, 45.7341], [19.5226, 45.7471], [19.5341, 45.7481], [19.5856, 45.7248], [19.6403, 45.7579], [19.6997, 45.7596], [19.7358, 45.7677], [19.7666, 45.7308], [19.8364, 45.7493], [19.8594, 45.7621], [19.8769, 45.7632], [19.8703, 45.7752], [19.8651, 45.7732], [19.8628, 45.7795], [19.8534, 45.7833], [19.8449, 45.7821], [19.8498, 45.7885], [19.8342, 45.7922], [19.8358, 45.7961], [19.826, 45.7992], [19.8293, 45.8031], [19.8203, 45.8233], [19.8226, 45.8398], [19.8193, 45.8479], [19.7757, 45.895], [19.7554, 45.8848], [19.7565, 45.9009], [19.7245, 45.8798], [19.7284, 45.8517], [19.6976, 45.8581], [19.6613, 45.895], [19.6601, 45.8911], [19.6371, 45.8871], [19.6362, 45.8937], [19.6319, 45.8943], [19.6317, 45.8915], [19.5997, 45.8866], [19.5662, 45.8769], [19.5513, 45.8648], [19.5306, 45.8819], [19.5302, 45.9016], [19.4951, 45.9245], [19.4358, 45.9426], [19.374, 45.9403]]]}}, {"type": "Feature", "properties": {"slug": "ada", "name": "Ada"}, "geometry": {"type": "Polygon", "coordinates": [[[20.161, 45.7883], [20.1461, 45.7895], [20.148, 45.8016], [20.1427, 45.8161], [20.1083, 45.8363], [20.0868, 45.8432], [20.0849, 45.8536], [20.0221, 45.8426], [19.941, 45.8417], [19.8279, 45.8108], [19.8293, 45.8031], [19.826, 45.7992], [19.8358, 45.7961], [19.8342, 45.7922], [19.8498, 45.7885], [19.8449, 45.7821], [19.8534, 45.7833], [19.8628, 45.7795], [19.8651, 45.7732], [19.8703, 45.7752], [19.8769, 45.7632], [19.9532, 45.7632], [20.0045, 45.7497], [20.0691, 45.7463], [20.1175, 45.7311], [20.1384, 45.7116], [20.1672, 45.7335], [20.1461, 45.7622], [20.1711, 45.7787], [20.161, 45.7883]]]}}, {"type": "Feature", "properties": {"slug": "novi-knezevac", "name": "Novi Kneževac"}, "geometry": {"type": "Polygon", "coordinates": [[[20.0564, 45.9954], [20.0817, 46.0015], [20.1401, 45.9984], [20.1964, 45.9855], [20.2619, 45.9893], [20.2628, 46.0025], [20.3327, 46.0343], [20.3362, 46.0418], [20.3459, 46.0478], [20.3095, 46.0725], [20.3024, 46.0867], [20.2735, 46.0982], [20.2685, 46.1037], [20.2649, 46.109], [20.2671, 46.1123], [20.2832, 46.1181], [20.2649, 46.1177], [20.262, 46.1205], [20.2643, 46.1264], [20.2549, 46.1158], [20.2496, 46.1199], [20.2516, 46.1265], [20.2482, 46.1298], [20.2332, 46.1238], [20.2298, 46.1291], [20.2103, 46.1355], [20.208, 46.1439], [20.1818, 46.16], [20.1692, 46.1528], [20.1373, 46.1442], [20.1324, 46.1502], [20.1069, 46.1627], [20.106, 46.1747], [20.0958, 46.1772], [20.0637, 46.1437], [20.0668, 46.1412], [20.0635, 46.1385], [20.065, 46.1287], [20.0807, 46.1169], [20.0781, 46.1066], [20.04, 46.0847], [20.0855, 46.0603], [20.089, 46.0527], [20.071, 46.0227], [20.0503, 46.0157], [20.0322, 46.0184], [20.0335, 46.0126], [20.0564, 45.9954]]]}}, {"type": "Feature", "properties": {"slug": "bujanovac", "name": "Bujanovac"}, "geometry": {"type": "Polygon", "coordinates": [[[21.7904, 42.6512], [21.7793, 42.6467], [21.7703, 42.6338], [21.7596, 42.6379], [21.7533, 42.6303], [21.7577, 42.6196], [21.7508, 42.6075], [21.7435, 42.6089], [21.735, 42.6027], [21.7348, 42.5973], [21.7475, 42.581], [21.7448, 42.5652], [21.7478, 42.5589], [21.7283, 42.547], [21.7063, 42.5495], [21.6961, 42.5366], [21.6967, 42.5313], [21.7106, 42.5166], [21.707, 42.5134], [21.6922, 42.5151], [21.6907, 42.5024], [21.6672, 42.493], [21.6714, 42.4846], [21.6582, 42.4838], [21.6572, 42.4757], [21.6402, 42.4674], [21.6225, 42.4521], [21.6377, 42.4294], [21.637, 42.421], [21.646, 42.4149], [21.6449, 42.4083], [21.6668, 42.3874], [21.7007, 42.3838], [21.7268, 42.3758], [21.7227, 42.3413], [21.7433, 42.3374], [21.7768, 42.3452], [21.8045, 42.3453], [21.8579, 42.3226], [21.8656, 42.3175], [21.8691, 42.3096], [21.8833, 42.3133], [21.8924, 42.3006], [21.923, 42.3062], [21.9288, 42.3104], [21.9331, 42.3354], [21.94, 42.3414], [21.924, 42.363], [21.9372, 42.37], [21.9504, 42.3644], [21.9428, 42.3784], [21.9447, 42.3853], [21.9315, 42.3867], [21.9371, 42.3937], [21.9541, 42.3895], [21.956, 42.3923], [21.9522, 42.3951], [21.9559, 42.4035], [21.9432, 42.4148], [21.8982, 42.4199], [21.8839, 42.4397], [21.7706, 42.531], [21.7772, 42.5558], [21.7852, 42.5682], [21.8485, 42.596], [21.8624, 42.6165], [21.8336, 42.649], [21.7904, 42.6512]]]}}, {"type": "Feature", "properties": {"slug": "presevo", "name": "Preševo"}, "geometry": {"type": "Polygon", "coordinates": [[[21.6449, 42.4083], [21.6357, 42.4036], [21.6357, 42.3979], [21.6166, 42.3762], [21.6062, 42.3752], [21.5943, 42.3839], [21.5748, 42.376], [21.5783, 42.3664], [21.571, 42.3631], [21.5615, 42.3678], [21.5537, 42.3669], [21.5526, 42.3624], [21.5397, 42.3737], [21.5325, 42.3659], [21.5335, 42.353], [21.5254, 42.3422], [21.5283, 42.3308], [21.5256, 42.3254], [21.5386, 42.3192], [21.5379, 42.3105], [21.5589, 42.3153], [21.5663, 42.3104], [21.5636, 42.3017], [21.5661, 42.2998], [21.5617, 42.2989], [21.5843, 42.2828], [21.5836, 42.2754], [21.5902, 42.2662], [21.5866, 42.2627], [21.601, 42.2542], [21.6157, 42.2566], [21.6586, 42.2486], [21.6759, 42.2408], [21.6849, 42.2421], [21.6987, 42.2322], [21.7209, 42.2507], [21.7265, 42.2641], [21.756, 42.2568], [21.7738, 42.2653], [21.7725, 42.2683], [21.7767, 42.267], [21.7753, 42.2716], [21.7895, 42.2845], [21.7949, 42.2982], [21.8041, 42.2938], [21.8161, 42.2945], [21.8357, 42.3112], [21.8344, 42.3217], [21.8462, 42.3254], [21.8045, 42.3453], [21.7768, 42.3452], [21.7433, 42.3374], [21.7227, 42.3413], [21.7268, 42.3758], [21.7007, 42.3838], [21.6668, 42.3874], [21.6449, 42.4083]]]}}, {"type": "Feature", "properties": {"slug": "bogatic", "name": "Bogatić"}, "geometry": {"type": "Polygon", "coordinates": [[[19.3546, 44.8928], [19.3525, 44.8858], [19.3678, 44.8794], [19.3597, 44.8666], [19.3675, 44.8561], [19.3519, 44.8586], [19.346, 44.8525], [19.3455, 44.8397], [19.3555, 44.8345], [19.3532, 44.8264], [19.3357, 44.828], [19.3333, 44.8177], [19.3266, 44.8229], [19.3179, 44.8216], [19.3241, 44.8128], [19.3131, 44.8126], [19.3101, 44.8055], [19.3173, 44.7956], [19.3047, 44.7943], [19.2943, 44.7844], [19.3108, 44.7804], [19.318, 44.7855], [19.325, 44.7832], [19.3219, 44.7745], [19.305, 44.7733], [19.3012, 44.7691], [19.307, 44.7641], [19.3238, 44.7637], [19.3244, 44.7577], [19.3148, 44.7535], [19.3299, 44.7497], [19.3229, 44.738], [19.3322, 44.7305], [19.3399, 44.7342], [19.3428, 44.7313], [19.3459, 44.7354], [19.3577, 44.7336], [19.3653, 44.7345], [19.3656, 44.7381], [19.3836, 44.7381], [19.3841, 44.7423], [19.3974, 44.7427], [19.397, 44.74], [19.4116, 44.7365], [19.413, 44.7406], [19.4294, 44.7408], [19.429, 44.7467], [19.4346, 44.75], [19.4256, 44.7518], [19.4237, 44.76], [19.4351, 44.7593], [19.4517, 44.7764], [19.4916, 44.769], [19.4886, 44.7658], [19.504, 44.7602], [19.5035, 44.7524], [19.5117, 44.7529], [19.4999, 44.7389], [19.5062, 44.7389], [19.5218, 44.7514], [19.5271, 44.7496], [19.536, 44.7552], [19.544, 44.7637], [19.547, 44.7613], [19.5643, 44.7695], [19.5659, 44.7819], [19.5594, 44.7908], [19.5649, 44.79], [19.5713, 44.7988], [19.5885, 44.8044], [19.5915, 44.8154], [19.5968, 44.8122], [19.6003, 44.8171], [19.5957, 44.8261], [19.5888, 44.8284], [19.5877, 44.8477], [19.6029, 44.8516], [19.6002, 44.8528], [19.6173, 44.8622], [19.6135, 44.8714], [19.6232, 44.8711], [19.6321, 44.8904], [19.6289, 44.9021], [19.6392, 44.9007], [19.6385, 44.909], [19.6576, 44.9104], [19.6749, 44.9183], [19.6563, 44.9147], [19.6402, 44.9217], [19.6303, 44.9184], [19.6207, 44.9201], [19.6081, 44.9136], [19.6093, 44.9095], [19.604, 44.9052], [19.5686, 44.9047], [19.565, 44.908], [19.5444, 44.9088], [19.525, 44.924], [19.5192, 44.9216], [19.5173, 44.911], [19.5125, 44.9114], [19.5113, 44.906], [19.4985, 44.9], [19.4802, 44.9048], [19.4803, 44.9094], [19.4717, 44.9149], [19.472, 44.9293], [19.4393, 44.9401], [19.4294, 44.9366], [19.4389, 44.9245], [19.4252, 44.9229], [19.4229, 44.9157], [19.4179, 44.9197], [19.4036, 44.9199], [19.3841, 44.9118], [19.3238, 44.9208], [19.3198, 44.9164], [19.321, 44.9118], [19.3344, 44.904], [19.3523, 44.8998], [19.3546, 44.8928]]]}}, {"type": "Feature", "properties": {"slug": "pecinci", "name": "Pećinci"}, "geometry": {"type": "Polygon", "coordinates": [[[20.1445, 44.8546], [20.1282, 44.8613], [20.0875, 44.9237], [20.0699, 44.92], [20.0675, 44.9109], [20.0609, 44.911], [20.0563, 44.9151], [20.0582, 44.9217], [20.0543, 44.9233], [20.0566, 44.9299], [20.0144, 44.951], [19.9792, 44.9384], [19.9471, 44.9401], [19.9096, 44.9254], [19.901, 44.9073], [19.9108, 44.8952], [19.9391, 44.8897], [19.9402, 44.8868], [19.8911, 44.8781], [19.8766, 44.8486], [19.9311, 44.8417], [19.9166, 44.8342], [19.9091, 44.8235], [19.8911, 44.8106], [19.9028, 44.8041], [19.9123, 44.8074], [19.9144, 44.8025], [19.8774, 44.7941], [19.8742, 44.7862], [19.8956, 44.7746], [19.9037, 44.7657], [19.8994, 44.7593], [19.9253, 44.7566], [19.9139, 44.7542], [19.8864, 44.7603], [19.8797, 44.7596], [19.8748, 44.754], [19.8809, 44.7457], [19.9053, 44.7289], [19.9011, 44.6951], [19.9296, 44.6897], [19.9947, 44.6922], [19.9988, 44.6846], [19.9947, 44.6758], [19.97, 44.6629], [19.9342, 44.6585], [19.9209, 44.6512], [19.9223, 44.6391], [19.952, 44.6296], [19.9685, 44.6317], [19.9887, 44.645], [19.9989, 44.6598], [20.0378, 44.6829], [20.1068, 44.6994], [20.1304, 44.7134], [20.1139, 44.715], [20.0987, 44.7257], [20.1202, 44.7265], [20.1187, 44.7332], [20.1301, 44.7383], [20.1123, 44.7489], [20.1117, 44.7562], [20.1339, 44.7606], [20.1336, 44.7646], [20.1247, 44.7723], [20.1141, 44.7726], [20.0827, 44.7848], [20.0982, 44.8078], [20.1368, 44.8026], [20.1448, 44.8335], [20.1445, 44.8546]]]}}, {"type": "Feature", "properties": {"slug": "ruma", "name": "Ruma"}, "geometry": {"type": "Polygon", "coordinates": [[[19.7525, 44.8924], [19.7397, 44.8839], [19.7298, 44.8629], [19.721, 44.8535], [19.7159, 44.8574], [19.6948, 44.814], [19.6928, 44.7913], [19.7038, 44.7679], [19.7234, 44.7492], [19.782, 44.748], [19.8037, 44.7432], [19.8585, 44.7093], [19.9011, 44.6951], [19.9053, 44.7289], [19.8809, 44.7457], [19.8748, 44.754], [19.8797, 44.7596], [19.8864, 44.7603], [19.9139, 44.7542], [19.9253, 44.7566], [19.8994, 44.7593], [19.9037, 44.7657], [19.8956, 44.7746], [19.8742, 44.7862], [19.8774, 44.7941], [19.9144, 44.8025], [19.9123, 44.8074], [19.9028, 44.8041], [19.8911, 44.8106], [19.9091, 44.8235], [19.9166, 44.8342], [19.9311, 44.8417], [19.8766, 44.8486], [19.8911, 44.8781], [19.9402, 44.8868], [19.9391, 44.8897], [19.9108, 44.8952], [19.901, 44.9073], [19.9096, 44.9254], [19.9471, 44.9401], [19.9792, 44.9384], [20.0144, 44.951], [20.0148, 44.9859], [20.0266, 45.0061], [20.0248, 45.0114], [20.0221, 45.0134], [20.0059, 45.0037], [20.0097, 45.0167], [20.0007, 45.0278], [20.0063, 45.0407], [20.003, 45.0475], [19.9868, 45.0462], [19.9697, 45.0561], [19.9375, 45.0319], [19.9334, 45.0315], [19.9245, 45.0406], [19.898, 45.0413], [19.8829, 45.0517], [19.7956, 45.0287], [19.7968, 45.0357], [19.8027, 45.0401], [19.8082, 45.0696], [19.8043, 45.0704], [19.7981, 45.0846], [19.7898, 45.085], [19.7843, 45.0697], [19.7741, 45.0675], [19.7743, 45.0555], [19.7669, 45.047], [19.768, 45.0255], [19.7438, 45.0175], [19.7493, 45.064], [19.7406, 45.0647], [19.7311, 45.0719], [19.7282, 45.0699], [19.7356, 45.0761], [19.7338, 45.0969], [19.7284, 45.1075], [19.7199, 45.0939], [19.7134, 45.0717], [19.7081, 45.0379], [19.7088, 45.0092], [19.6797, 45.0016], [19.688, 44.9875], [19.7167, 44.9801], [19.7512, 44.978], [19.75, 44.9868], [19.7625, 44.9873], [19.7659, 44.9722], [19.762, 44.9701], [19.7844, 44.9489], [19.822, 44.9452], [19.8212, 44.9351], [19.8162, 44.9332], [19.7901, 44.8945], [19.7829, 44.8966], [19.7739, 44.8869], [19.7525, 44.8924]]]}}, {"type": "Feature", "properties": {"slug": "indjija", "name": "Inđija"}, "geometry": {"type": "Polygon", "coordinates": [[[20.275, 45.1345], [20.2168, 45.1745], [20.1765, 45.1829], [20.152, 45.1779], [20.1438, 45.1856], [20.1172, 45.19], [20.1034, 45.1862], [20.0911, 45.1697], [20.0535, 45.1669], [20.0301, 45.1703], [20.0464, 45.1859], [20.0468, 45.2015], [20.0399, 45.2073], [20.0316, 45.2081], [20.0205, 45.2039], [20.0142, 45.1968], [20.0074, 45.1788], [20.0022, 45.178], [19.998, 45.1681], [19.9404, 45.1459], [19.962, 45.132], [19.9789, 45.1146], [19.9762, 45.1114], [19.979, 45.1098], [19.9726, 45.108], [19.982, 45.0977], [19.9843, 45.0852], [19.9978, 45.0707], [20.0063, 45.0407], [20.0007, 45.0278], [20.0088, 45.0213], [20.0059, 45.0037], [20.0221, 45.0134], [20.0266, 45.0061], [20.022, 44.9995], [20.0554, 45.0072], [20.0919, 45.0094], [20.1339, 45.0446], [20.1333, 45.0295], [20.2234, 45.0227], [20.2371, 45.0287], [20.2377, 45.0609], [20.2307, 45.0674], [20.2988, 45.1031], [20.275, 45.1345]]]}}, {"type": "Feature", "properties": {"slug": "irig", "name": "Irig"}, "geometry": {"type": "Polygon", "coordinates": [[[19.7284, 45.1075], [19.7338, 45.0969], [19.7356, 45.0761], [19.7282, 45.0699], [19.7311, 45.0719], [19.7406, 45.0647], [19.7493, 45.064], [19.7438, 45.0175], [19.768, 45.0255], [19.7669, 45.047], [19.7743, 45.0555], [19.7741, 45.0675], [19.7843, 45.0697], [19.7898, 45.085], [19.7981, 45.0846], [19.8043, 45.0704], [19.8082, 45.0696], [19.8027, 45.0401], [19.7968, 45.0357], [19.7956, 45.0287], [19.8829, 45.0517], [19.898, 45.0413], [19.9245, 45.0406], [19.9334, 45.0315], [19.9697, 45.0561], [19.9868, 45.0462], [20.003, 45.0475], [19.9978, 45.0707], [19.9843, 45.0852], [19.982, 45.0977], [19.9726, 45.108], [19.979, 45.1098], [19.9762, 45.1114], [19.9789, 45.1146], [19.962, 45.132], [19.9465, 45.1431], [19.9406, 45.1431], [19.9436, 45.1496], [19.911, 45.151], [19.9044, 45.1448], [19.8887, 45.154], [19.872, 45.1577], [19.841, 45.1541], [19.8395, 45.1497], [19.8325, 45.1479], [19.7614, 45.1604], [19.7272, 45.1525], [19.718, 45.1545], [19.7143, 45.149], [19.73, 45.1198], [19.7284, 45.1075]]]}}, {"type": "Feature", "properties": {"slug": "stara-pazova", "name": "Stara Pazova"}, "geometry": {"type": "Polygon", "coordinates": [[[20.2988, 45.1031], [20.2334, 45.0704], [20.2307, 45.0674], [20.2377, 45.0609], [20.2371, 45.0287], [20.2234, 45.0227], [20.1333, 45.0295], [20.1339, 45.0446], [20.0919, 45.0094], [20.0554, 45.0072], [20.022, 44.9995], [20.0148, 44.9859], [20.0144, 44.951], [20.0566, 44.9299], [20.0543, 44.9233], [20.0582, 44.9217], [20.0563, 44.9151], [20.0609, 44.911], [20.0675, 44.9109], [20.0699, 44.92], [20.0875, 44.9237], [20.1282, 44.8613], [20.1445, 44.8546], [20.1578, 44.862], [20.1641, 44.8705], [20.1618, 44.8844], [20.1701, 44.8954], [20.17, 44.9055], [20.2216, 44.9079], [20.2216, 44.9162], [20.2691, 44.9348], [20.2737, 44.9315], [20.2935, 44.9384], [20.2991, 44.9435], [20.2896, 44.9567], [20.2864, 44.9745], [20.2943, 44.9882], [20.3049, 44.9954], [20.3459, 45.0032], [20.3605, 45.0112], [20.3626, 45.0213], [20.3515, 45.0553], [20.3382, 45.0699], [20.3156, 45.0834], [20.2988, 45.1031]]]}}, {"type": "Feature", "properties": {"slug": "apatin", "name": "Apatin"}, "geometry": {"type": "Polygon", "coordinates": [[[18.8947, 45.7544], [18.9009, 45.7217], [18.9086, 45.7052], [18.9247, 45.6908], [18.9591, 45.6767], [18.9663, 45.6664], [18.9625, 45.6591], [18.9379, 45.6416], [18.9338, 45.6318], [18.9058, 45.6161], [18.9134, 45.5954], [18.8902, 45.5761], [18.8881, 45.5683], [18.892, 45.5625], [18.9176, 45.5545], [18.9287, 45.5439], [18.9504, 45.534], [18.9838, 45.5369], [18.9922, 45.5403], [19.0089, 45.5567], [19.0211, 45.5572], [19.0347, 45.5349], [19.0765, 45.5283], [19.0891, 45.5439], [19.1104, 45.5403], [19.106, 45.5445], [19.1097, 45.5485], [19.1324, 45.5528], [19.1483, 45.5715], [19.1431, 45.5934], [19.1527, 45.6142], [19.1677, 45.6338], [19.1556, 45.6422], [19.1378, 45.6437], [19.137, 45.6562], [19.1257, 45.6621], [19.1252, 45.672], [19.1177, 45.6764], [19.1439, 45.6788], [19.1306, 45.7037], [19.0426, 45.708], [19.0336, 45.7225], [19.0554, 45.7357], [19.0551, 45.75], [19.0037, 45.7554], [18.9711, 45.7511], [18.9671, 45.7704], [18.9601, 45.7705], [18.9276, 45.745], [18.9164, 45.7448], [18.9009, 45.7546], [18.8947, 45.7544]]]}}, {"type": "Feature", "properties": {"slug": "sid", "name": "Šid"}, "geometry": {"type": "Polygon", "coordinates": [[[19.4656, 45.1604], [19.4507, 45.1475], [19.4283, 45.1566], [19.4235, 45.1606], [19.4243, 45.1674], [19.3868, 45.1728], [19.3726, 45.17], [19.3531, 45.1806], [19.342, 45.174], [19.3216, 45.1973], [19.3189, 45.2076], [19.2877, 45.2059], [19.2803, 45.2091], [19.2809, 45.2025], [19.2879, 45.1949], [19.2799, 45.1936], [19.2951, 45.173], [19.2866, 45.1711], [19.2354, 45.1791], [19.1897, 45.2009], [19.1706, 45.1997], [19.166, 45.1897], [19.1945, 45.1789], [19.1872, 45.166], [19.1421, 45.1299], [19.0866, 45.1454], [19.0875, 45.1384], [19.0779, 45.1273], [19.0768, 45.1137], [19.0843, 45.1114], [19.0837, 45.1074], [19.0935, 45.1016], [19.0928, 45.0907], [19.1059, 45.0792], [19.0952, 45.0585], [19.1059, 45.0515], [19.0942, 45.0374], [19.0988, 45.0329], [19.0974, 45.0225], [19.1027, 45.0107], [19.094, 44.998], [19.0809, 44.9885], [19.0519, 44.9773], [19.0757, 44.9711], [19.0843, 44.9743], [19.1111, 44.9699], [19.1187, 44.9757], [19.1383, 44.9807], [19.1474, 44.9754], [19.1474, 44.9577], [19.1543, 44.9577], [19.1565, 44.9529], [19.1431, 44.9468], [19.1432, 44.9413], [19.1242, 44.939], [19.0869, 44.9253], [19.0842, 44.9194], [19.0874, 44.9162], [19.0805, 44.9134], [19.087, 44.9104], [19.0698, 44.9015], [19.0441, 44.9126], [19.0354, 44.9215], [19.0254, 44.9225], [18.998, 44.9156], [18.9892, 44.9058], [18.9924, 44.8939], [19.0144, 44.8691], [19.0191, 44.8552], [19.0606, 44.8604], [19.0741, 44.8651], [19.0889, 44.8798], [19.1191, 44.8869], [19.1283, 44.8984], [19.1532, 44.9068], [19.1706, 44.9203], [19.1918, 44.9203], [19.1923, 44.9276], [19.2103, 44.9281], [19.2108, 44.9477], [19.2504, 44.9477], [19.2504, 44.9376], [19.2615, 44.9376], [19.2876, 44.9449], [19.2953, 44.9408], [19.3071, 44.943], [19.3313, 44.9553], [19.3469, 44.9564], [19.3546, 44.9524], [19.3607, 44.9665], [19.3501, 44.9731], [19.3533, 44.9737], [19.3427, 44.9937], [19.3471, 45.0001], [19.3286, 45.0167], [19.3118, 45.0225], [19.3072, 45.0377], [19.3203, 45.031], [19.3402, 45.0364], [19.3619, 45.0294], [19.3638, 45.0318], [19.3563, 45.0368], [19.3599, 45.0402], [19.3403, 45.0407], [19.3821, 45.0546], [19.3842, 45.0603], [19.4442, 45.0572], [19.4494, 45.0675], [19.4632, 45.0784], [19.4708, 45.1129], [19.4624, 45.1207], [19.4657, 45.1366], [19.4809, 45.1574], [19.4656, 45.1604]]]}}, {"type": "Feature", "properties": {"slug": "alibunar", "name": "Alibunar"}, "geometry": {"type": "Polygon", "coordinates": [[[20.9111, 44.9929], [20.8981, 45.0063], [20.9065, 45.0173], [20.963, 44.9765], [20.9768, 44.9505], [21.0065, 44.9772], [21.062, 44.9453], [21.0703, 44.946], [21.0906, 44.9724], [21.0912, 44.976], [21.0848, 44.9787], [21.0876, 44.9845], [21.0799, 44.9942], [21.0841, 45.0081], [21.0808, 45.0085], [21.1073, 45.0964], [21.1013, 45.12], [21.1082, 45.1216], [21.1035, 45.1449], [20.8624, 45.2573], [20.8024, 45.2161], [20.7786, 45.1829], [20.8096, 45.1656], [20.8171, 45.1525], [20.8367, 45.1473], [20.8201, 45.1145], [20.8156, 45.1159], [20.7928, 45.0703], [20.7982, 45.0549], [20.7728, 45.0449], [20.8161, 45.0187], [20.8224, 45.022], [20.8757, 44.974], [20.9111, 44.9929]]]}}, {"type": "Feature", "properties": {"slug": "bela-crkva", "name": "Bela Crkva"}, "geometry": {"type": "Polygon", "coordinates": [[[21.2902, 44.8085], [21.3308, 44.8232], [21.3583, 44.8225], [21.3548, 44.8292], [21.3604, 44.8318], [21.3548, 44.8322], [21.3532, 44.8395], [21.3603, 44.8407], [21.3571, 44.844], [21.3608, 44.8561], [21.358, 44.8599], [21.371, 44.8678], [21.4065, 44.8671], [21.4263, 44.8724], [21.4426, 44.868], [21.442, 44.8734], [21.4465, 44.8748], [21.4652, 44.8674], [21.4696, 44.8709], [21.4835, 44.8698], [21.5192, 44.8853], [21.5528, 44.8908], [21.5586, 44.8961], [21.56, 44.9047], [21.5564, 44.9186], [21.5408, 44.9386], [21.5278, 44.9442], [21.5044, 44.9483], [21.4708, 44.9631], [21.4297, 44.9617], [21.4089, 44.9711], [21.4036, 44.9764], [21.4125, 44.9933], [21.3866, 44.9992], [21.3832, 45.0014], [21.3873, 45.0037], [21.3774, 45.0061], [21.3607, 45.0197], [21.346, 45.0095], [21.3569, 44.9967], [21.3326, 44.9827], [21.3258, 44.9742], [21.3262, 44.9658], [21.3338, 44.9598], [21.3304, 44.9546], [21.3245, 44.9607], [21.3071, 44.9666], [21.3044, 44.9594], [21.2985, 44.9601], [21.2939, 44.951], [21.2788, 44.9525], [21.2609, 44.9325], [21.25, 44.9384], [21.23, 44.9405], [21.2304, 44.9527], [21.1687, 44.9638], [21.1606, 44.9527], [21.1669, 44.9478], [21.1592, 44.9421], [21.1341, 44.9547], [21.1297, 44.9527], [21.1802, 44.9136], [21.1635, 44.8996], [21.2128, 44.8681], [21.2036, 44.8578], [21.2405, 44.837], [21.2579, 44.8544], [21.2894, 44.8371], [21.2659, 44.8128], [21.2731, 44.8107], [21.2876, 44.7945], [21.2993, 44.7952], [21.2902, 44.8085]]]}}, {"type": "Feature", "properties": {"slug": "kovacica", "name": "Kovačica"}, "geometry": {"type": "Polygon", "coordinates": [[[20.7607, 45.0396], [20.7982, 45.0549], [20.7928, 45.0703], [20.8156, 45.1159], [20.8201, 45.1145], [20.8367, 45.1473], [20.8171, 45.1525], [20.8096, 45.1656], [20.7786, 45.1829], [20.8097, 45.2219], [20.7956, 45.2241], [20.7833, 45.2085], [20.7647, 45.214], [20.7368, 45.1678], [20.7188, 45.1832], [20.6773, 45.197], [20.6904, 45.2062], [20.6891, 45.2097], [20.6778, 45.211], [20.6278, 45.231], [20.6294, 45.2225], [20.6252, 45.2221], [20.5958, 45.2361], [20.5815, 45.2364], [20.5756, 45.232], [20.5754, 45.2119], [20.5712, 45.2076], [20.5521, 45.2109], [20.5485, 45.2053], [20.5499, 45.2152], [20.5396, 45.2137], [20.5377, 45.2172], [20.5283, 45.2059], [20.5189, 45.209], [20.5179, 45.2033], [20.5136, 45.2038], [20.498, 45.2107], [20.5105, 45.2168], [20.505, 45.2207], [20.4874, 45.2048], [20.4882, 45.1912], [20.4763, 45.1962], [20.4773, 45.1886], [20.4833, 45.1853], [20.4796, 45.1826], [20.5131, 45.1757], [20.5359, 45.1543], [20.5918, 45.116], [20.5927, 45.1083], [20.6025, 45.1012], [20.5909, 45.1001], [20.5721, 45.0673], [20.5714, 45.06], [20.5809, 45.0428], [20.604, 45.0284], [20.6075, 45.0131], [20.6282, 44.9814], [20.623, 44.9795], [20.6259, 44.9747], [20.6397, 44.9791], [20.6383, 44.9842], [20.6445, 44.9863], [20.6479, 44.9784], [20.7161, 45.0026], [20.6986, 45.0262], [20.7393, 45.0436], [20.7607, 45.0396]]]}}, {"type": "Feature", "properties": {"slug": "kovin", "name": "Kovin"}, "geometry": {"type": "Polygon", "coordinates": [[[20.7998, 44.6591], [20.8169, 44.6629], [20.8355, 44.6586], [20.9108, 44.6676], [20.9948, 44.7191], [21.0738, 44.7196], [21.1073, 44.7325], [21.1422, 44.7376], [21.1568, 44.7442], [21.1848, 44.7759], [21.2654, 44.7952], [21.2876, 44.7945], [21.2731, 44.8107], [21.2659, 44.8128], [21.2894, 44.8371], [21.2579, 44.8544], [21.2405, 44.837], [21.2036, 44.8578], [21.2128, 44.8681], [21.152, 44.9067], [21.1327, 44.8918], [21.0519, 44.9369], [21.062, 44.9453], [21.0065, 44.9772], [20.9768, 44.9505], [20.963, 44.9765], [20.9065, 45.0173], [20.8981, 45.0063], [20.9111, 44.9929], [20.9196, 44.9235], [20.9531, 44.9002], [20.9498, 44.8947], [20.8678, 44.8694], [20.8045, 44.8392], [20.7941, 44.8266], [20.8136, 44.8219], [20.8106, 44.8116], [20.8175, 44.805], [20.8215, 44.7915], [20.8511, 44.7928], [20.8449, 44.7836], [20.8502, 44.7837], [20.8606, 44.7339], [20.8602, 44.7294], [20.8378, 44.7126], [20.8234, 44.6915], [20.7998, 44.6899], [20.7998, 44.6591]]]}}, {"type": "Feature", "properties": {"slug": "opovo", "name": "Opovo"}, "geometry": {"type": "Polygon", "coordinates": [[[20.6062, 45.0201], [20.604, 45.0284], [20.5809, 45.0428], [20.5714, 45.06], [20.5721, 45.0673], [20.5909, 45.1001], [20.6025, 45.1012], [20.5927, 45.1083], [20.5918, 45.116], [20.5359, 45.1543], [20.5131, 45.1757], [20.4695, 45.1836], [20.471, 45.1714], [20.465, 45.172], [20.4655, 45.1673], [20.4578, 45.1686], [20.4661, 45.1621], [20.4586, 45.1511], [20.4662, 45.1453], [20.4577, 45.1451], [20.4444, 45.1317], [20.4331, 45.1313], [20.4523, 45.1254], [20.4189, 45.1019], [20.4159, 45.0872], [20.4117, 45.0837], [20.4177, 45.0782], [20.4157, 45.0508], [20.4257, 45.0349], [20.4543, 45.0199], [20.4752, 44.9953], [20.4906, 44.9887], [20.4972, 44.9883], [20.5199, 45.0101], [20.6062, 45.0201]]]}}, {"type": "Feature", "properties": {"slug": "plandiste", "name": "Plandište"}, "geometry": {"type": "Polygon", "coordinates": [[[21.1082, 45.1216], [21.2319, 45.2025], [21.2174, 45.2159], [21.2108, 45.2467], [21.2189, 45.2503], [21.2026, 45.2653], [21.2088, 45.2751], [21.1913, 45.2867], [21.1887, 45.2979], [21.1809, 45.3079], [21.1838, 45.3159], [21.1805, 45.3187], [21.1835, 45.3206], [21.176, 45.3252], [21.1664, 45.3196], [21.1615, 45.325], [21.1526, 45.3192], [21.1495, 45.3158], [21.1541, 45.3121], [21.1444, 45.3046], [21.1281, 45.3044], [21.0963, 45.2957], [21.081, 45.3178], [21.0709, 45.3138], [21.0608, 45.3156], [21.0637, 45.3319], [20.9468, 45.3162], [20.9003, 45.3025], [20.8691, 45.2838], [20.824, 45.2741], [21.1035, 45.1449], [21.1082, 45.1216]]]}}, {"type": "Feature", "properties": {"slug": "vrsac", "name": "Vršac"}, "geometry": {"type": "Polygon", "coordinates": [[[21.062, 44.9453], [21.0519, 44.9369], [21.1327, 44.8918], [21.152, 44.9067], [21.1635, 44.8996], [21.1802, 44.9136], [21.1297, 44.9527], [21.1341, 44.9547], [21.1592, 44.9421], [21.1669, 44.9478], [21.1606, 44.9527], [21.1687, 44.9638], [21.2062, 44.9576], [21.2304, 44.9527], [21.23, 44.9405], [21.25, 44.9384], [21.2609, 44.9325], [21.2788, 44.9525], [21.2939, 44.951], [21.2985, 44.9601], [21.3044, 44.9594], [21.3071, 44.9666], [21.3245, 44.9607], [21.3304, 44.9546], [21.3338, 44.9598], [21.3262, 44.9658], [21.3258, 44.9742], [21.3326, 44.9827], [21.3569, 44.9967], [21.346, 45.0095], [21.3552, 45.0185], [21.3746, 45.0279], [21.3815, 45.0278], [21.382, 45.0247], [21.3843, 45.0282], [21.4016, 45.0295], [21.4054, 45.0372], [21.4212, 45.0363], [21.4223, 45.0323], [21.4562, 45.0398], [21.4483, 45.0539], [21.4507, 45.0606], [21.4834, 45.0911], [21.4713, 45.1031], [21.4787, 45.1208], [21.4963, 45.1243], [21.5273, 45.1382], [21.5289, 45.1472], [21.5148, 45.1713], [21.4934, 45.1728], [21.4829, 45.192], [21.4381, 45.2019], [21.4321, 45.2121], [21.4108, 45.2208], [21.403, 45.2289], [21.3953, 45.2183], [21.3696, 45.2258], [21.36, 45.2216], [21.3381, 45.233], [21.3395, 45.2355], [21.2923, 45.2423], [21.2745, 45.2297], [21.2235, 45.2528], [21.2108, 45.2467], [21.2174, 45.2159], [21.2319, 45.2025], [21.1013, 45.12], [21.1073, 45.0964], [21.0808, 45.0085], [21.0841, 45.0081], [21.0799, 44.9942], [21.0876, 44.9845], [21.0848, 44.9787], [21.0912, 44.976], [21.0906, 44.9724], [21.0703, 44.946], [21.062, 44.9453]]]}}, {"type": "Feature", "properties": {"slug": "coka", "name": "Čoka"}, "geometry": {"type": "Polygon", "coordinates": [[[20.4061, 45.9652], [20.348, 45.9994], [20.3527, 46.0001], [20.3574, 46.0076], [20.3395, 46.0414], [20.3362, 46.0418], [20.3327, 46.0343], [20.2628, 46.0025], [20.2619, 45.9893], [20.1964, 45.9855], [20.1401, 45.9984], [20.0817, 46.0015], [20.0564, 45.9954], [20.0696, 45.9869], [20.1024, 45.9875], [20.0907, 45.9638], [20.0993, 45.9519], [20.0933, 45.944], [20.0929, 45.9349], [20.1153, 45.9043], [20.134, 45.8961], [20.1298, 45.8873], [20.1184, 45.8782], [20.0871, 45.8633], [20.0868, 45.8432], [20.1083, 45.8363], [20.1427, 45.8161], [20.148, 45.8016], [20.1461, 45.7895], [20.1918, 45.7927], [20.2391, 45.8048], [20.251, 45.8145], [20.2534, 45.8191], [20.2451, 45.8686], [20.2593, 45.8829], [20.3044, 45.8973], [20.2967, 45.9278], [20.2911, 45.9292], [20.3036, 45.94], [20.3171, 45.9392], [20.3193, 45.9467], [20.3077, 45.9586], [20.3171, 45.9628], [20.3084, 45.9649], [20.3158, 45.9669], [20.3164, 45.9727], [20.324, 45.9783], [20.3308, 45.9816], [20.3795, 45.9613], [20.4061, 45.9652]]]}}, {"type": "Feature", "properties": {"slug": "mali-idjos", "name": "Mali Iđoš"}, "geometry": {"type": "Polygon", "coordinates": [[[19.5856, 45.7248], [19.5691, 45.7033], [19.6168, 45.6784], [19.6261, 45.6628], [19.5976, 45.6468], [19.7048, 45.6111], [19.741, 45.6239], [19.7513, 45.6393], [19.75, 45.6589], [19.7577, 45.666], [19.7786, 45.7037], [19.764, 45.7301], [19.7666, 45.7308], [19.7358, 45.7677], [19.6997, 45.7596], [19.6403, 45.7579], [19.5856, 45.7248]]]}}, {"type": "Feature", "properties": {"slug": "nova-crnja", "name": "Nova Crnja"}, "geometry": {"type": "Polygon", "coordinates": [[[20.535, 45.6132], [20.5492, 45.6276], [20.5752, 45.6216], [20.5732, 45.6142], [20.6492, 45.5848], [20.6527, 45.5965], [20.6872, 45.6049], [20.6768, 45.638], [20.7556, 45.6537], [20.7466, 45.686], [20.752, 45.6936], [20.7706, 45.6942], [20.7959, 45.6869], [20.8022, 45.6998], [20.7988, 45.7021], [20.8024, 45.7378], [20.8078, 45.7484], [20.8175, 45.7517], [20.8231, 45.7749], [20.7829, 45.7859], [20.774, 45.7545], [20.7324, 45.7558], [20.7142, 45.7488], [20.6999, 45.7507], [20.6967, 45.7604], [20.6924, 45.7598], [20.6907, 45.7664], [20.6944, 45.7668], [20.6813, 45.7975], [20.651, 45.7913], [20.6556, 45.7688], [20.6309, 45.7479], [20.6272, 45.7043], [20.5564, 45.708], [20.5452, 45.6919], [20.5308, 45.6846], [20.5222, 45.6853], [20.5152, 45.6609], [20.535, 45.6132]]]}}, {"type": "Feature", "properties": {"slug": "novi-becej", "name": "Novi Bečej"}, "geometry": {"type": "Polygon", "coordinates": [[[20.1711, 45.7787], [20.1461, 45.7622], [20.1478, 45.7563], [20.1653, 45.7399], [20.1672, 45.7335], [20.1631, 45.728], [20.1384, 45.7116], [20.1196, 45.7078], [20.0932, 45.7093], [20.1009, 45.6949], [20.0978, 45.687], [20.0893, 45.6805], [20.0902, 45.6745], [20.1147, 45.658], [20.0569, 45.6517], [20.0351, 45.6464], [20.0308, 45.6398], [20.0391, 45.6278], [20.0498, 45.6242], [20.0595, 45.6262], [20.0776, 45.6416], [20.0957, 45.63], [20.0852, 45.6133], [20.0567, 45.6039], [20.0691, 45.5874], [20.0785, 45.5845], [20.1125, 45.5929], [20.1323, 45.5875], [20.1276, 45.5802], [20.1128, 45.5761], [20.08, 45.5572], [20.0483, 45.55], [20.0646, 45.5409], [20.0648, 45.5292], [20.0525, 45.4991], [20.0539, 45.4743], [20.0869, 45.4911], [20.0869, 45.5204], [20.1076, 45.5192], [20.1467, 45.491], [20.1812, 45.5068], [20.1885, 45.5007], [20.1837, 45.4986], [20.2173, 45.4891], [20.2351, 45.4889], [20.2832, 45.5001], [20.2877, 45.5113], [20.2662, 45.5331], [20.3466, 45.634], [20.3605, 45.6351], [20.3699, 45.6461], [20.3685, 45.6502], [20.3475, 45.6617], [20.3554, 45.6796], [20.3609, 45.6774], [20.3535, 45.668], [20.3609, 45.6638], [20.3644, 45.6675], [20.3836, 45.6647], [20.3946, 45.6806], [20.4133, 45.6741], [20.4157, 45.6843], [20.4311, 45.6954], [20.4238, 45.7062], [20.3946, 45.7171], [20.3836, 45.7431], [20.3643, 45.7646], [20.3642, 45.7801], [20.3402, 45.784], [20.3339, 45.7755], [20.308, 45.7858], [20.1711, 45.7787]]]}}, {"type": "Feature", "properties": {"slug": "secanj", "name": "Sečanj"}, "geometry": {"type": "Polygon", "coordinates": [[[20.6951, 45.2066], [20.7368, 45.1678], [20.7647, 45.214], [20.7833, 45.2085], [20.7956, 45.2241], [20.8097, 45.2219], [20.8624, 45.2573], [20.824, 45.2741], [20.8691, 45.2838], [20.9003, 45.3025], [20.9468, 45.3162], [21.0171, 45.3242], [21.0094, 45.3414], [20.9992, 45.3417], [20.9823, 45.357], [20.961, 45.3667], [20.9517, 45.3747], [20.949, 45.3855], [20.9316, 45.3866], [20.9305, 45.3921], [20.9362, 45.3925], [20.921, 45.4171], [20.901, 45.4168], [20.8649, 45.4317], [20.8697, 45.4325], [20.8679, 45.4365], [20.8752, 45.4379], [20.8738, 45.446], [20.8813, 45.4463], [20.8791, 45.4545], [20.8717, 45.4554], [20.8661, 45.4646], [20.8334, 45.4797], [20.7715, 45.4797], [20.7716, 45.4878], [20.7549, 45.4793], [20.74, 45.4925], [20.7268, 45.4909], [20.6895, 45.4761], [20.6753, 45.4604], [20.7067, 45.452], [20.7009, 45.4422], [20.6786, 45.4262], [20.6692, 45.4312], [20.6566, 45.4261], [20.6647, 45.4168], [20.6533, 45.4068], [20.6799, 45.3852], [20.6748, 45.3767], [20.6811, 45.3452], [20.6726, 45.342], [20.6886, 45.3281], [20.6788, 45.3251], [20.6625, 45.3305], [20.659, 45.3228], [20.6608, 45.3074], [20.6484, 45.3031], [20.6459, 45.297], [20.6766, 45.2949], [20.7196, 45.2824], [20.691, 45.2375], [20.7015, 45.2179], [20.6951, 45.2066]]]}}, {"type": "Feature", "properties": {"slug": "zitiste", "name": "Žitište"}, "geometry": {"type": "Polygon", "coordinates": [[[20.3943, 45.602], [20.4258, 45.562], [20.4923, 45.5011], [20.4869, 45.4941], [20.4706, 45.4925], [20.4737, 45.4791], [20.4997, 45.4815], [20.508, 45.4716], [20.4861, 45.4636], [20.487, 45.459], [20.4985, 45.4618], [20.5057, 45.4532], [20.516, 45.4576], [20.5535, 45.4202], [20.5501, 45.4074], [20.5607, 45.4119], [20.5691, 45.4032], [20.5775, 45.4054], [20.5754, 45.4096], [20.5858, 45.4142], [20.5825, 45.4189], [20.5952, 45.4254], [20.6042, 45.4151], [20.63, 45.4261], [20.6189, 45.4373], [20.6324, 45.435], [20.6535, 45.4452], [20.6811, 45.4287], [20.7009, 45.4422], [20.7067, 45.452], [20.6753, 45.4604], [20.6895, 45.4761], [20.7268, 45.4909], [20.74, 45.4925], [20.7549, 45.4793], [20.7775, 45.4903], [20.7693, 45.4999], [20.8066, 45.5152], [20.8331, 45.5357], [20.82, 45.55], [20.8231, 45.5518], [20.8115, 45.5657], [20.814, 45.5681], [20.7958, 45.5874], [20.7722, 45.5823], [20.766, 45.6124], [20.7793, 45.6223], [20.7888, 45.6448], [20.8048, 45.6572], [20.7998, 45.6718], [20.8029, 45.682], [20.7706, 45.6942], [20.752, 45.6936], [20.7466, 45.686], [20.7556, 45.6537], [20.6768, 45.638], [20.6872, 45.6049], [20.6527, 45.5965], [20.6492, 45.5848], [20.5732, 45.6142], [20.5752, 45.6216], [20.5492, 45.6276], [20.535, 45.6132], [20.45, 45.62], [20.3943, 45.602]]]}}, {"type": "Feature", "properties": {"slug": "kula", "name": "Kula"}, "geometry": {"type": "Polygon", "coordinates": [[[19.3475, 45.6476], [19.3141, 45.6197], [19.3215, 45.5994], [19.3677, 45.6042], [19.3723, 45.586], [19.351, 45.5708], [19.3383, 45.5531], [19.3714, 45.5453], [19.3806, 45.5367], [19.4041, 45.526], [19.4266, 45.5269], [19.4563, 45.5389], [19.4889, 45.5239], [19.5264, 45.542], [19.5305, 45.5681], [19.54, 45.5721], [19.5757, 45.5747], [19.5707, 45.6045], [19.5976, 45.6468], [19.6261, 45.6628], [19.6168, 45.6784], [19.5691, 45.7033], [19.5856, 45.7248], [19.5341, 45.7481], [19.5226, 45.7471], [19.5027, 45.7341], [19.4906, 45.7315], [19.4518, 45.754], [19.4215, 45.7939], [19.3358, 45.7526], [19.3168, 45.7318], [19.329, 45.7262], [19.3344, 45.7178], [19.2835, 45.7317], [19.2795, 45.717], [19.2681, 45.7063], [19.3245, 45.6981], [19.2897, 45.6749], [19.301, 45.6714], [19.3045, 45.6665], [19.3245, 45.6657], [19.3475, 45.6476]]]}}, {"type": "Feature", "properties": {"slug": "odzaci", "name": "Odžaci"}, "geometry": {"type": "Polygon", "coordinates": [[[19.1483, 45.5715], [19.1324, 45.5528], [19.1097, 45.5485], [19.106, 45.5445], [19.1104, 45.5403], [19.0891, 45.5439], [19.0765, 45.5283], [19.0959, 45.5203], [19.1011, 45.5143], [19.1023, 45.5055], [19.0955, 45.4949], [19.0823, 45.4883], [19.034, 45.4868], [19.0328, 45.4683], [19.0528, 45.4623], [19.055, 45.4697], [19.0685, 45.4716], [19.0736, 45.4708], [19.0781, 45.459], [19.1098, 45.4574], [19.1145, 45.4521], [19.1034, 45.4414], [19.1032, 45.4358], [19.1152, 45.4414], [19.1496, 45.4397], [19.1594, 45.448], [19.1952, 45.4401], [19.2, 45.4193], [19.2139, 45.4267], [19.2178, 45.4244], [19.2714, 45.434], [19.2778, 45.4536], [19.3053, 45.4229], [19.3411, 45.4359], [19.3711, 45.433], [19.3846, 45.4407], [19.3707, 45.459], [19.3701, 45.4837], [19.4162, 45.4995], [19.4119, 45.5105], [19.4158, 45.5255], [19.3925, 45.5305], [19.3714, 45.5453], [19.3383, 45.5531], [19.351, 45.5708], [19.3723, 45.586], [19.3677, 45.6042], [19.3215, 45.5994], [19.3141, 45.6197], [19.3338, 45.6367], [19.3164, 45.6416], [19.2766, 45.6423], [19.2618, 45.6537], [19.2328, 45.6515], [19.212, 45.6332], [19.2232, 45.6296], [19.2415, 45.5919], [19.2339, 45.5839], [19.1778, 45.5667], [19.1483, 45.5715]]]}}, {"type": "Feature", "properties": {"slug": "bac", "name": "Bač"}, "geometry": {"type": "Polygon", "coordinates": [[[19.034, 45.4868], [19.011, 45.4962], [19.0002, 45.4943], [18.9934, 45.4847], [18.9871, 45.4552], [18.9914, 45.4419], [19.0283, 45.4219], [19.0293, 45.4088], [19.0155, 45.4009], [18.9931, 45.4], [18.9762, 45.3943], [18.9695, 45.3868], [18.9716, 45.3772], [19.0237, 45.3445], [19.0779, 45.3412], [19.0928, 45.3351], [19.0994, 45.3266], [19.0991, 45.3104], [19.1082, 45.297], [19.1445, 45.2802], [19.1882, 45.2671], [19.1974, 45.2845], [19.1988, 45.2998], [19.2123, 45.3049], [19.2337, 45.323], [19.2594, 45.3255], [19.2643, 45.3464], [19.2802, 45.3687], [19.3227, 45.3854], [19.3187, 45.3968], [19.3216, 45.4048], [19.3303, 45.4098], [19.3682, 45.4165], [19.3711, 45.433], [19.3579, 45.4359], [19.3411, 45.4359], [19.3053, 45.4229], [19.2778, 45.4536], [19.2714, 45.434], [19.2178, 45.4244], [19.2139, 45.4267], [19.2, 45.4193], [19.1952, 45.4401], [19.1594, 45.448], [19.1496, 45.4397], [19.1152, 45.4414], [19.1032, 45.4358], [19.1034, 45.4414], [19.1145, 45.4521], [19.1098, 45.4574], [19.0781, 45.459], [19.0736, 45.4708], [19.0685, 45.4716], [19.055, 45.4697], [19.0528, 45.4623], [19.0425, 45.4631], [19.0312, 45.4707], [19.034, 45.4868]]]}}, {"type": "Feature", "properties": {"slug": "becej", "name": "Bečej"}, "geometry": {"type": "Polygon", "coordinates": [[[19.8364, 45.7493], [19.764, 45.7301], [19.7786, 45.7037], [19.7746, 45.6938], [19.8556, 45.6813], [19.8579, 45.6663], [19.87, 45.6411], [19.8803, 45.6255], [19.8991, 45.6115], [19.8718, 45.5949], [19.8756, 45.592], [19.8597, 45.5774], [19.8715, 45.5736], [19.8688, 45.5471], [19.8773, 45.543], [19.8981, 45.5435], [19.908, 45.5354], [19.918, 45.5333], [19.9223, 45.5356], [19.9215, 45.5414], [19.9385, 45.5429], [19.9495, 45.5183], [19.976, 45.5023], [19.9901, 45.4993], [20.0258, 45.5083], [20.0397, 45.5026], [20.0495, 45.5052], [20.0524, 45.5125], [20.06, 45.5147], [20.0646, 45.5409], [20.0483, 45.55], [20.08, 45.5572], [20.1321, 45.5839], [20.1261, 45.5916], [20.1125, 45.5929], [20.0785, 45.5845], [20.0691, 45.5874], [20.0567, 45.6039], [20.0852, 45.6133], [20.0957, 45.63], [20.0776, 45.6416], [20.0595, 45.6262], [20.0498, 45.6242], [20.0391, 45.6278], [20.0308, 45.6398], [20.0351, 45.6464], [20.0569, 45.6517], [20.1147, 45.658], [20.0902, 45.6745], [20.0893, 45.6805], [20.0978, 45.687], [20.1009, 45.6949], [20.0932, 45.7093], [20.1196, 45.7078], [20.1384, 45.7116], [20.1175, 45.7311], [20.0691, 45.7463], [20.0045, 45.7497], [19.9532, 45.7632], [19.867, 45.7638], [19.8364, 45.7493]]]}}, {"type": "Feature", "properties": {"slug": "backa-palanka", "name": "Bačka Palanka"}, "geometry": {"type": "Polygon", "coordinates": [[[19.5084, 45.169], [19.4943, 45.1929], [19.4885, 45.194], [19.4857, 45.2262], [19.4986, 45.2299], [19.5123, 45.2478], [19.5275, 45.2519], [19.5458, 45.2495], [19.56, 45.299], [19.5591, 45.3286], [19.5164, 45.3303], [19.499, 45.3544], [19.4947, 45.3573], [19.4788, 45.3548], [19.4758, 45.3613], [19.516, 45.3894], [19.5369, 45.4166], [19.5565, 45.4222], [19.5833, 45.4447], [19.5781, 45.4656], [19.5619, 45.4799], [19.536, 45.4831], [19.5049, 45.4753], [19.4906, 45.4651], [19.4776, 45.4921], [19.4231, 45.4903], [19.4162, 45.4995], [19.3701, 45.4837], [19.3707, 45.459], [19.3846, 45.4407], [19.3711, 45.433], [19.3682, 45.4165], [19.3303, 45.4098], [19.3216, 45.4048], [19.3187, 45.3968], [19.3227, 45.3854], [19.2802, 45.3687], [19.2643, 45.3464], [19.2594, 45.3255], [19.2337, 45.323], [19.2123, 45.3049], [19.1988, 45.2998], [19.1974, 45.2845], [19.1882, 45.2671], [19.241, 45.2478], [19.2849, 45.2373], [19.3356, 45.2325], [19.4206, 45.2335], [19.4274, 45.2175], [19.4471, 45.1963], [19.4281, 45.1872], [19.4359, 45.1727], [19.4243, 45.1674], [19.4235, 45.1606], [19.4507, 45.1475], [19.4619, 45.159], [19.4758, 45.1656], [19.4884, 45.1694], [19.5084, 45.169]]]}}, {"type": "Feature", "properties": {"slug": "backi-petrovac", "name": "Bački Petrovac"}, "geometry": {"type": "Polygon", "coordinates": [[[19.6331, 45.4011], [19.5827, 45.4119], [19.5565, 45.4222], [19.5369, 45.4166], [19.516, 45.3894], [19.4758, 45.3613], [19.4788, 45.3548], [19.4947, 45.3573], [19.499, 45.3544], [19.5164, 45.3303], [19.5591, 45.3286], [19.56, 45.299], [19.5458, 45.2495], [19.5556, 45.2437], [19.6017, 45.2666], [19.6014, 45.295], [19.6305, 45.2963], [19.6211, 45.3126], [19.6223, 45.317], [19.6331, 45.3189], [19.668, 45.3098], [19.6743, 45.3174], [19.6741, 45.3459], [19.6654, 45.3682], [19.6444, 45.3941], [19.6331, 45.4011]]]}}, {"type": "Feature", "properties": {"slug": "beocin", "name": "Beočin"}, "geometry": {"type": "Polygon", "coordinates": [[[19.7143, 45.149], [19.718, 45.1545], [19.7272, 45.1525], [19.7614, 45.1604], [19.7748, 45.1562], [19.7863, 45.1575], [19.7806, 45.1632], [19.7814, 45.171], [19.7954, 45.1892], [19.7844, 45.1949], [19.7823, 45.2098], [19.7732, 45.226], [19.7081, 45.2302], [19.683, 45.2224], [19.616, 45.2176], [19.6004, 45.2106], [19.5858, 45.2092], [19.5665, 45.22], [19.5556, 45.2437], [19.5383, 45.2518], [19.5275, 45.2519], [19.5092, 45.2463], [19.4986, 45.2299], [19.4857, 45.2262], [19.4885, 45.194], [19.4943, 45.1929], [19.5084, 45.169], [19.5205, 45.1713], [19.5301, 45.1615], [19.5392, 45.1645], [19.5641, 45.1553], [19.6009, 45.1504], [19.6147, 45.1412], [19.6496, 45.1495], [19.7143, 45.149]]]}}, {"type": "Feature", "properties": {"slug": "srbobran", "name": "Srbobran"}, "geometry": {"type": "Polygon", "coordinates": [[[19.7048, 45.6111], [19.7211, 45.5808], [19.7233, 45.5197], [19.7428, 45.5007], [19.777, 45.4946], [19.8037, 45.4849], [19.8243, 45.4723], [19.8534, 45.4732], [19.8869, 45.481], [19.9195, 45.4664], [19.922, 45.4692], [19.9175, 45.4714], [19.9649, 45.5087], [19.9495, 45.5183], [19.9385, 45.5429], [19.9215, 45.5414], [19.9223, 45.5356], [19.918, 45.5333], [19.908, 45.5354], [19.8981, 45.5435], [19.8773, 45.543], [19.8688, 45.5471], [19.8715, 45.5736], [19.8597, 45.5774], [19.8756, 45.592], [19.8718, 45.5949], [19.8991, 45.6115], [19.8803, 45.6255], [19.87, 45.6411], [19.8579, 45.6663], [19.8556, 45.6813], [19.7746, 45.6938], [19.75, 45.6589], [19.7513, 45.6393], [19.741, 45.6239], [19.7048, 45.6111]]]}}, {"type": "Feature", "properties": {"slug": "sremski-karlovci", "name": "Sremski Karlovci"}, "geometry": {"type": "Polygon", "coordinates": [[[19.8887, 45.154], [19.9044, 45.1448], [19.911, 45.151], [19.9436, 45.1496], [19.9732, 45.1566], [19.998, 45.1681], [20.0022, 45.178], [20.0074, 45.1788], [20.0142, 45.1968], [20.0101, 45.2001], [19.9983, 45.1987], [19.97, 45.2094], [19.9506, 45.2059], [19.9286, 45.2252], [19.9006, 45.2028], [19.9071, 45.1999], [19.9022, 45.1878], [19.9051, 45.1742], [19.8975, 45.1714], [19.8887, 45.154]]]}}, {"type": "Feature", "properties": {"slug": "temerin", "name": "Temerin"}, "geometry": {"type": "Polygon", "coordinates": [[[19.9288, 45.3609], [19.9523, 45.3817], [19.9406, 45.3949], [19.9575, 45.4282], [19.9752, 45.4521], [19.9447, 45.4669], [19.9195, 45.4664], [19.8869, 45.481], [19.8534, 45.4732], [19.8243, 45.4723], [19.8037, 45.4849], [19.777, 45.4946], [19.7656, 45.4821], [19.7611, 45.4499], [19.7248, 45.4213], [19.732, 45.4159], [19.749, 45.4217], [19.8142, 45.4218], [19.8268, 45.3968], [19.8606, 45.3698], [19.8534, 45.3517], [19.8874, 45.3359], [19.9288, 45.3609]]]}}, {"type": "Feature", "properties": {"slug": "titel", "name": "Titel"}, "geometry": {"type": "Polygon", "coordinates": [[[20.2481, 45.3471], [20.234, 45.3366], [20.253, 45.3306], [20.2439, 45.3166], [20.1608, 45.3164], [20.1679, 45.3282], [20.186, 45.3442], [20.1852, 45.3488], [20.1752, 45.355], [20.1552, 45.3459], [20.1603, 45.3308], [20.1508, 45.3185], [20.143, 45.3177], [20.1429, 45.3133], [20.1197, 45.3044], [20.1215, 45.3102], [20.1154, 45.3112], [20.1095, 45.3068], [20.0784, 45.304], [20.0749, 45.2983], [20.0511, 45.3005], [20.0614, 45.2523], [20.0827, 45.2533], [20.0795, 45.2344], [20.0924, 45.2352], [20.0909, 45.2278], [20.1037, 45.2281], [20.0977, 45.2162], [20.0974, 45.2054], [20.105, 45.1924], [20.1034, 45.1862], [20.1271, 45.1901], [20.1438, 45.1856], [20.152, 45.1779], [20.1765, 45.1829], [20.2111, 45.1764], [20.2389, 45.1614], [20.275, 45.1345], [20.2795, 45.1468], [20.276, 45.1689], [20.2843, 45.1766], [20.3007, 45.1786], [20.3073, 45.1836], [20.3123, 45.2201], [20.287, 45.2567], [20.2431, 45.2892], [20.2414, 45.2969], [20.2342, 45.3025], [20.242, 45.3093], [20.264, 45.3106], [20.2749, 45.3152], [20.2555, 45.3213], [20.2716, 45.3341], [20.2588, 45.3445], [20.2481, 45.3471]]]}}, {"type": "Feature", "properties": {"slug": "vrbas", "name": "Vrbas"}, "geometry": {"type": "Polygon", "coordinates": [[[19.7187, 45.4192], [19.7611, 45.4499], [19.7656, 45.4821], [19.777, 45.4946], [19.7428, 45.5007], [19.7233, 45.5197], [19.7211, 45.5808], [19.7048, 45.6111], [19.5976, 45.6468], [19.5707, 45.6045], [19.5757, 45.5747], [19.54, 45.5721], [19.5305, 45.5681], [19.5264, 45.542], [19.4925, 45.5245], [19.4563, 45.5389], [19.4154, 45.5246], [19.4119, 45.5105], [19.4231, 45.4903], [19.4776, 45.4921], [19.4906, 45.4651], [19.5049, 45.4753], [19.536, 45.4831], [19.5619, 45.4799], [19.5781, 45.4656], [19.5833, 45.4447], [19.5565, 45.4222], [19.5827, 45.4119], [19.6331, 45.4011], [19.6433, 45.4132], [19.6881, 45.4272], [19.705, 45.4293], [19.7187, 45.4192]]]}}, {"type": "Feature", "properties": {"slug": "zabalj", "name": "Žabalj"}, "geometry": {"type": "Polygon", "coordinates": [[[20.1467, 45.491], [20.1076, 45.5192], [20.0869, 45.5204], [20.0869, 45.4911], [20.0539, 45.4743], [20.0525, 45.4991], [20.06, 45.5147], [20.0524, 45.5125], [20.0495, 45.5052], [20.0436, 45.5027], [20.0258, 45.5083], [19.9901, 45.4993], [19.9649, 45.5087], [19.9175, 45.4714], [19.922, 45.4692], [19.9195, 45.4664], [19.9447, 45.4669], [19.9752, 45.4521], [19.9575, 45.4282], [19.9406, 45.3949], [19.9523, 45.3817], [19.9288, 45.3609], [19.981, 45.3445], [19.9836, 45.3424], [19.9737, 45.3267], [20.004, 45.308], [20.0051, 45.3034], [20.0749, 45.2983], [20.0784, 45.304], [20.1095, 45.3068], [20.1154, 45.3112], [20.1215, 45.3102], [20.1197, 45.3044], [20.1508, 45.3185], [20.1603, 45.3308], [20.1552, 45.3459], [20.1752, 45.355], [20.1852, 45.3488], [20.186, 45.3442], [20.1679, 45.3282], [20.1608, 45.3164], [20.2439, 45.3166], [20.253, 45.3306], [20.234, 45.3366], [20.2481, 45.3471], [20.2337, 45.356], [20.2131, 45.3605], [20.2023, 45.3698], [20.204, 45.3901], [20.2239, 45.4175], [20.2226, 45.4337], [20.2134, 45.432], [20.2051, 45.4243], [20.1639, 45.4245], [20.1587, 45.4519], [20.1657, 45.454], [20.1652, 45.4587], [20.183, 45.4581], [20.1467, 45.491]]]}}, {"type": "Feature", "properties": {"slug": "vladimirci", "name": "Vladimirci"}, "geometry": {"type": "Polygon", "coordinates": [[[19.6393, 44.5241], [19.6435, 44.5187], [19.6628, 44.5247], [19.6884, 44.5197], [19.6885, 44.5155], [19.6808, 44.5139], [19.6832, 44.5043], [19.7107, 44.5007], [19.7163, 44.5064], [19.7093, 44.5313], [19.7105, 44.5494], [19.7161, 44.5537], [19.7278, 44.5539], [19.7458, 44.5446], [19.7703, 44.5632], [19.7953, 44.5707], [19.8013, 44.5695], [19.8077, 44.5571], [19.8368, 44.5606], [19.8471, 44.5469], [19.855, 44.5457], [19.8702, 44.5544], [19.8738, 44.5614], [19.9042, 44.5787], [19.9198, 44.5791], [19.9318, 44.5724], [19.9781, 44.5846], [19.9957, 44.596], [19.9698, 44.6184], [19.9698, 44.6241], [19.9816, 44.6297], [19.9834, 44.6444], [19.9817, 44.6393], [19.9685, 44.6317], [19.952, 44.6296], [19.9268, 44.6362], [19.9194, 44.6468], [19.9209, 44.6512], [19.9342, 44.6585], [19.97, 44.6629], [19.9947, 44.6758], [19.9988, 44.6846], [19.9947, 44.6922], [19.9296, 44.6897], [19.9011, 44.6951], [19.8708, 44.7039], [19.8522, 44.7143], [19.8426, 44.7073], [19.8428, 44.7003], [19.8059, 44.6688], [19.7956, 44.6841], [19.7817, 44.6868], [19.764, 44.6809], [19.7643, 44.6696], [19.7506, 44.6624], [19.7227, 44.6705], [19.6911, 44.6645], [19.6853, 44.6602], [19.6875, 44.6517], [19.7078, 44.6337], [19.706, 44.6252], [19.7101, 44.6182], [19.7063, 44.6125], [19.7004, 44.6138], [19.6788, 44.6051], [19.6771, 44.5938], [19.687, 44.5925], [19.6833, 44.5854], [19.6735, 44.5796], [19.6699, 44.5654], [19.6583, 44.5554], [19.6393, 44.5241]]]}}, {"type": "Feature", "properties": {"slug": "koceljeva", "name": "Koceljeva"}, "geometry": {"type": "Polygon", "coordinates": [[[19.5675, 44.4762], [19.5674, 44.4723], [19.5795, 44.4641], [19.5776, 44.4613], [19.6037, 44.4478], [19.616, 44.4369], [19.6375, 44.4387], [19.6644, 44.4533], [19.6957, 44.454], [19.6995, 44.4583], [19.7093, 44.4585], [19.7157, 44.4474], [19.7356, 44.4394], [19.7513, 44.4412], [19.7574, 44.4357], [19.7829, 44.4348], [19.7958, 44.4099], [19.8527, 44.4111], [19.8587, 44.4084], [19.8596, 44.4323], [19.8553, 44.442], [19.8649, 44.4478], [19.8646, 44.4534], [19.8741, 44.462], [19.8794, 44.4747], [19.8786, 44.4943], [19.888, 44.5043], [19.8835, 44.5182], [19.8715, 44.5236], [19.8671, 44.5361], [19.8723, 44.5516], [19.8702, 44.5544], [19.855, 44.5457], [19.8471, 44.5469], [19.8368, 44.5606], [19.8116, 44.5558], [19.8013, 44.5695], [19.7953, 44.5707], [19.7703, 44.5632], [19.7458, 44.5446], [19.7278, 44.5539], [19.7123, 44.5522], [19.7093, 44.5313], [19.7163, 44.5064], [19.7107, 44.5007], [19.6832, 44.5043], [19.6808, 44.5139], [19.6885, 44.5155], [19.6884, 44.5197], [19.6628, 44.5247], [19.6435, 44.5187], [19.6393, 44.5241], [19.6333, 44.524], [19.6237, 44.514], [19.6239, 44.5041], [19.6181, 44.4998], [19.6204, 44.4885], [19.6165, 44.4856], [19.5926, 44.4895], [19.5888, 44.4838], [19.5675, 44.4762]]]}}, {"type": "Feature", "properties": {"slug": "krupanj", "name": "Krupanj"}, "geometry": {"type": "Polygon", "coordinates": [[[19.5675, 44.4762], [19.5393, 44.4832], [19.5237, 44.4759], [19.5017, 44.4813], [19.4504, 44.4749], [19.4385, 44.4719], [19.4291, 44.4534], [19.4174, 44.4462], [19.3954, 44.453], [19.3953, 44.46], [19.3892, 44.4656], [19.3712, 44.4696], [19.3694, 44.4625], [19.3636, 44.4596], [19.3399, 44.4565], [19.3284, 44.4408], [19.3142, 44.4505], [19.2868, 44.4374], [19.2769, 44.4387], [19.273, 44.4358], [19.2791, 44.4302], [19.2674, 44.423], [19.2757, 44.4089], [19.276, 44.3976], [19.2548, 44.3732], [19.2391, 44.3701], [19.2053, 44.3725], [19.208, 44.3456], [19.218, 44.3415], [19.2263, 44.3303], [19.24, 44.3347], [19.2658, 44.3351], [19.2735, 44.3423], [19.2814, 44.3438], [19.2958, 44.3241], [19.3233, 44.3359], [19.3412, 44.3333], [19.3494, 44.3249], [19.3773, 44.3182], [19.3794, 44.3154], [19.3735, 44.3125], [19.3936, 44.3014], [19.3958, 44.2929], [19.4039, 44.2874], [19.3983, 44.2745], [19.4104, 44.269], [19.4125, 44.2633], [19.452, 44.2681], [19.4538, 44.2781], [19.4477, 44.2837], [19.4711, 44.2968], [19.4784, 44.3196], [19.4922, 44.3226], [19.5196, 44.3372], [19.5134, 44.3442], [19.5014, 44.3469], [19.5053, 44.3512], [19.5011, 44.3596], [19.4912, 44.3595], [19.4873, 44.3552], [19.4774, 44.3565], [19.473, 44.372], [19.4768, 44.3777], [19.4868, 44.3765], [19.5005, 44.3809], [19.5063, 44.3881], [19.5154, 44.4179], [19.529, 44.4252], [19.5228, 44.435], [19.5109, 44.4363], [19.5008, 44.4432], [19.5145, 44.4505], [19.5342, 44.455], [19.5501, 44.4524], [19.5776, 44.4613], [19.5795, 44.4641], [19.5674, 44.4723], [19.5675, 44.4762]]]}}, {"type": "Feature", "properties": {"slug": "ljubovija", "name": "Ljubovija"}, "geometry": {"type": "Polygon", "coordinates": [[[19.5965, 44.1818], [19.5939, 44.2088], [19.5817, 44.2228], [19.5517, 44.2366], [19.5319, 44.2364], [19.5099, 44.2489], [19.4921, 44.2473], [19.4662, 44.2555], [19.4641, 44.2597], [19.4302, 44.2678], [19.4125, 44.2633], [19.4104, 44.269], [19.3983, 44.2745], [19.4039, 44.2874], [19.3958, 44.2929], [19.3936, 44.3014], [19.3735, 44.3125], [19.3794, 44.3154], [19.3773, 44.3182], [19.3494, 44.3249], [19.3412, 44.3333], [19.3233, 44.3359], [19.2958, 44.3241], [19.2877, 44.3311], [19.2854, 44.3424], [19.2563, 44.3194], [19.2449, 44.3037], [19.2432, 44.2923], [19.2496, 44.2768], [19.2364, 44.2621], [19.2514, 44.2627], [19.2793, 44.2767], [19.2981, 44.2694], [19.3157, 44.2732], [19.3252, 44.2713], [19.3299, 44.2505], [19.3422, 44.243], [19.3488, 44.2317], [19.3436, 44.2189], [19.3598, 44.2074], [19.3554, 44.1996], [19.3591, 44.1843], [19.4083, 44.1691], [19.42, 44.144], [19.4437, 44.1318], [19.4488, 44.1316], [19.4665, 44.1488], [19.4817, 44.1459], [19.4821, 44.1384], [19.4711, 44.1294], [19.4697, 44.1214], [19.4745, 44.1172], [19.4932, 44.1152], [19.499, 44.097], [19.5152, 44.0971], [19.525, 44.1029], [19.5251, 44.0972], [19.5566, 44.1075], [19.5623, 44.1175], [19.5935, 44.1364], [19.6054, 44.1365], [19.6214, 44.1282], [19.6273, 44.1325], [19.6367, 44.1525], [19.6346, 44.1596], [19.6384, 44.1653], [19.5965, 44.1818]]]}}, {"type": "Feature", "properties": {"slug": "surdulica", "name": "Surdulica"}, "geometry": {"type": "Polygon", "coordinates": [[[22.235, 42.5655], [22.2428, 42.5681], [22.2532, 42.5846], [22.2712, 42.5995], [22.2736, 42.6093], [22.2796, 42.6147], [22.2907, 42.6073], [22.2919, 42.5947], [22.3208, 42.6008], [22.3372, 42.5877], [22.3618, 42.5842], [22.3639, 42.5884], [22.4076, 42.5857], [22.4128, 42.5757], [22.4262, 42.5767], [22.4332, 42.5667], [22.4392, 42.5651], [22.4406, 42.5886], [22.4498, 42.5952], [22.4584, 42.6312], [22.4649, 42.6325], [22.4676, 42.6408], [22.4539, 42.6464], [22.4615, 42.6484], [22.4587, 42.6551], [22.4727, 42.6669], [22.476, 42.6758], [22.4696, 42.682], [22.4604, 42.6838], [22.4584, 42.6895], [22.4722, 42.6951], [22.4756, 42.7101], [22.486, 42.7214], [22.4966, 42.7226], [22.4962, 42.733], [22.5014, 42.7396], [22.4849, 42.7511], [22.4763, 42.7672], [22.4598, 42.7778], [22.4557, 42.7932], [22.4493, 42.7959], [22.4487, 42.8024], [22.4408, 42.8058], [22.4413, 42.8253], [22.4375, 42.8254], [22.4372, 42.8186], [22.4187, 42.819], [22.4185, 42.815], [22.4111, 42.8151], [22.409, 42.8111], [22.3904, 42.8102], [22.3813, 42.8145], [22.3749, 42.7956], [22.3596, 42.7851], [22.3108, 42.774], [22.3032, 42.7687], [22.3008, 42.7579], [22.2913, 42.7527], [22.2801, 42.7516], [22.2731, 42.7599], [22.2673, 42.756], [22.2544, 42.7577], [22.2325, 42.7664], [22.222, 42.7803], [22.2103, 42.775], [22.1933, 42.7783], [22.1836, 42.7758], [22.1694, 42.7594], [22.162, 42.7638], [22.1447, 42.7615], [22.1482, 42.7544], [22.1279, 42.7326], [22.1295, 42.727], [22.1425, 42.721], [22.1379, 42.7057], [22.1224, 42.702], [22.1115, 42.7107], [22.1036, 42.7054], [22.1006, 42.6858], [22.0947, 42.6832], [22.098, 42.6733], [22.0864, 42.6694], [22.0899, 42.6637], [22.0975, 42.6635], [22.0954, 42.6608], [22.0692, 42.6686], [22.0724, 42.6587], [22.0714, 42.6391], [22.0765, 42.6277], [22.0845, 42.6345], [22.0858, 42.6232], [22.1176, 42.6139], [22.1349, 42.6162], [22.1392, 42.6244], [22.1682, 42.5983], [22.1661, 42.5942], [22.181, 42.5881], [22.2057, 42.5874], [22.2092, 42.5817], [22.2204, 42.5772], [22.2201, 42.5716], [22.2315, 42.5698], [22.235, 42.5655]]]}}, {"type": "Feature", "properties": {"slug": "bosilegrad", "name": "Bosilegrad"}, "geometry": {"type": "Polygon", "coordinates": [[[22.2119, 42.4916], [22.2347, 42.4714], [22.2845, 42.4521], [22.2921, 42.4435], [22.2937, 42.4334], [22.3015, 42.4319], [22.3167, 42.4203], [22.3165, 42.416], [22.3107, 42.4146], [22.3136, 42.376], [22.3, 42.3733], [22.2914, 42.3524], [22.3132, 42.3331], [22.323, 42.3337], [22.3342, 42.3207], [22.3445, 42.3201], [22.3603, 42.3111], [22.3659, 42.3239], [22.4004, 42.3262], [22.4038, 42.3326], [22.4155, 42.3293], [22.4236, 42.3338], [22.4323, 42.323], [22.4529, 42.3317], [22.4633, 42.3449], [22.4595, 42.3618], [22.4694, 42.3762], [22.4806, 42.3803], [22.4781, 42.3943], [22.5211, 42.3978], [22.5229, 42.4127], [22.5353, 42.4212], [22.5355, 42.4314], [22.544, 42.4487], [22.5405, 42.454], [22.544, 42.4637], [22.5593, 42.4803], [22.5474, 42.5074], [22.5213, 42.5272], [22.5136, 42.527], [22.499, 42.5354], [22.4922, 42.5463], [22.4774, 42.5538], [22.4711, 42.5619], [22.4514, 42.5669], [22.4351, 42.5652], [22.4262, 42.5767], [22.4128, 42.5757], [22.4076, 42.5857], [22.3639, 42.5884], [22.3618, 42.5842], [22.3372, 42.5877], [22.3208, 42.6008], [22.2919, 42.5947], [22.2907, 42.6073], [22.2796, 42.6147], [22.2736, 42.6093], [22.2712, 42.5995], [22.2532, 42.5846], [22.2428, 42.5681], [22.235, 42.5655], [22.2304, 42.5342], [22.2108, 42.5259], [22.2146, 42.5216], [22.2086, 42.5145], [22.2142, 42.5059], [22.2119, 42.4916]]]}}, {"type": "Feature", "properties": {"slug": "trgoviste", "name": "Trgovište"}, "geometry": {"type": "Polygon", "coordinates": [[[21.9634, 42.4105], [21.9522, 42.3951], [21.956, 42.3923], [21.9541, 42.3895], [21.9371, 42.3937], [21.9315, 42.3867], [21.9447, 42.3853], [21.9428, 42.3784], [21.9504, 42.3644], [21.9372, 42.37], [21.924, 42.363], [21.94, 42.3414], [21.9479, 42.3442], [21.9743, 42.3284], [21.9936, 42.3226], [22.0261, 42.2998], [22.0322, 42.2983], [22.0419, 42.3064], [22.0507, 42.3077], [22.0687, 42.2995], [22.11, 42.3092], [22.1179, 42.3148], [22.1326, 42.3069], [22.1455, 42.3215], [22.1667, 42.3129], [22.1819, 42.3249], [22.1815, 42.3326], [22.1971, 42.3403], [22.2064, 42.3365], [22.2187, 42.3389], [22.2224, 42.335], [22.2321, 42.3369], [22.244, 42.3464], [22.2366, 42.3504], [22.2501, 42.3503], [22.2533, 42.3616], [22.2601, 42.3666], [22.273, 42.3615], [22.2939, 42.3735], [22.2983, 42.3651], [22.3, 42.3733], [22.3136, 42.376], [22.3107, 42.4146], [22.3165, 42.416], [22.3167, 42.4203], [22.3015, 42.4319], [22.2937, 42.4334], [22.2921, 42.4435], [22.2845, 42.4521], [22.2347, 42.4714], [22.2158, 42.4902], [22.201, 42.4806], [22.1991, 42.468], [22.1954, 42.4652], [22.1784, 42.4638], [22.1765, 42.4569], [22.152, 42.4498], [22.1388, 42.4512], [22.1312, 42.4596], [22.1086, 42.4651], [22.103, 42.44], [22.1125, 42.4303], [22.1049, 42.4233], [22.0898, 42.433], [22.0766, 42.4316], [22.0465, 42.4148], [22.0351, 42.419], [22.0313, 42.4259], [22.02, 42.4329], [22.0124, 42.4287], [22.0144, 42.4175], [22.0087, 42.4133], [21.9993, 42.4147], [21.9861, 42.4091], [21.9634, 42.4105]]]}}, {"type": "Feature", "properties": {"slug": "vladicin-han", "name": "Vladičin Han"}, "geometry": {"type": "Polygon", "coordinates": [[[22.1176, 42.6139], [22.0858, 42.6232], [22.0845, 42.6345], [22.0765, 42.6277], [22.0714, 42.6391], [22.0724, 42.6587], [22.0692, 42.6686], [22.0954, 42.6608], [22.0975, 42.6635], [22.0899, 42.6637], [22.0864, 42.6694], [22.098, 42.6733], [22.0947, 42.6832], [22.1006, 42.6858], [22.1036, 42.7054], [22.1115, 42.7107], [22.1224, 42.702], [22.1379, 42.7057], [22.1425, 42.721], [22.1295, 42.727], [22.1279, 42.7326], [22.1482, 42.7544], [22.1447, 42.7615], [22.162, 42.7638], [22.1694, 42.7594], [22.1836, 42.7758], [22.216, 42.7762], [22.222, 42.7803], [22.2243, 42.7897], [22.2171, 42.794], [22.2156, 42.8022], [22.2099, 42.801], [22.2077, 42.7915], [22.1999, 42.7835], [22.1781, 42.7936], [22.1709, 42.8006], [22.1845, 42.8139], [22.1641, 42.813], [22.141, 42.7959], [22.13, 42.7975], [22.1155, 42.806], [22.131, 42.8206], [22.1151, 42.8373], [22.1076, 42.8362], [22.1036, 42.8308], [22.0852, 42.8326], [22.0549, 42.8197], [22.0399, 42.8174], [22.0325, 42.8176], [22.024, 42.8355], [22.0014, 42.8279], [21.9947, 42.8035], [21.991, 42.8022], [21.9894, 42.8091], [21.9857, 42.8092], [21.9759, 42.7985], [21.9522, 42.7924], [21.9475, 42.7816], [21.9356, 42.7738], [21.9406, 42.7653], [21.9382, 42.7599], [21.9446, 42.7459], [21.9438, 42.7362], [21.926, 42.7025], [21.934, 42.6856], [21.9289, 42.6693], [21.9228, 42.664], [21.9239, 42.6543], [21.9272, 42.6487], [21.9752, 42.6382], [21.9864, 42.6156], [21.978, 42.605], [21.9872, 42.6018], [21.994, 42.5932], [21.9977, 42.593], [22.0104, 42.6104], [22.0218, 42.6113], [22.0398, 42.6257], [22.0413, 42.6201], [22.0671, 42.6148], [22.0704, 42.6091], [22.0868, 42.6029], [22.0983, 42.6065], [22.1169, 42.6043], [22.1211, 42.6096], [22.1176, 42.6139]]]}}, {"type": "Feature", "properties": {"slug": "crna-trava", "name": "Crna Trava"}, "geometry": {"type": "Polygon", "coordinates": [[[22.208, 42.7983], [22.2156, 42.8022], [22.2171, 42.794], [22.2243, 42.7897], [22.222, 42.7803], [22.2325, 42.7664], [22.2544, 42.7577], [22.2673, 42.756], [22.2731, 42.7599], [22.2801, 42.7516], [22.2913, 42.7527], [22.3008, 42.7579], [22.3032, 42.7687], [22.3108, 42.774], [22.3596, 42.7851], [22.3749, 42.7956], [22.3813, 42.8145], [22.3904, 42.8102], [22.409, 42.8111], [22.4111, 42.8151], [22.4185, 42.815], [22.4187, 42.819], [22.4372, 42.8186], [22.4394, 42.8267], [22.4465, 42.8249], [22.4648, 42.8334], [22.475, 42.8317], [22.5157, 42.8568], [22.5169, 42.8702], [22.492, 42.8804], [22.4515, 42.8808], [22.4362, 42.8894], [22.4151, 42.8938], [22.396, 42.9053], [22.3923, 42.9166], [22.3586, 42.9394], [22.3347, 42.94], [22.3111, 42.9486], [22.3071, 42.9406], [22.3213, 42.9281], [22.3154, 42.9202], [22.3007, 42.9205], [22.2857, 42.9141], [22.2715, 42.9279], [22.2657, 42.92], [22.2602, 42.9215], [22.2563, 42.9161], [22.2359, 42.9139], [22.2282, 42.9047], [22.2278, 42.885], [22.2129, 42.857], [22.2072, 42.8556], [22.2016, 42.8471], [22.1903, 42.8443], [22.1922, 42.8415], [22.1979, 42.8443], [22.1998, 42.8401], [22.2112, 42.8444], [22.2189, 42.8403], [22.2171, 42.8305], [22.2326, 42.8111], [22.2193, 42.8137], [22.1984, 42.8094], [22.1907, 42.8121], [22.1889, 42.8079], [22.208, 42.7983]]]}}, {"type": "Feature", "properties": {"slug": "vlasotince", "name": "Vlasotince"}, "geometry": {"type": "Polygon", "coordinates": [[[22.2295, 42.8948], [22.2282, 42.9047], [22.2359, 42.9139], [22.2563, 42.9161], [22.2602, 42.9215], [22.2657, 42.92], [22.2715, 42.9279], [22.2857, 42.9141], [22.3007, 42.9205], [22.3154, 42.9202], [22.3213, 42.9281], [22.3071, 42.9406], [22.3111, 42.9486], [22.3347, 42.94], [22.3586, 42.9394], [22.3676, 42.9338], [22.387, 42.9407], [22.3911, 42.9534], [22.3854, 42.9605], [22.3624, 42.9677], [22.3586, 42.9734], [22.3336, 42.9751], [22.3145, 42.9865], [22.2819, 42.9939], [22.2743, 43.001], [22.2511, 42.997], [22.2321, 43.0127], [22.2205, 43.0128], [22.2167, 43.0171], [22.2109, 43.0143], [22.2091, 43.02], [22.1975, 43.0187], [22.1957, 43.03], [22.2113, 43.0369], [22.225, 43.0494], [22.2561, 43.0618], [22.2581, 43.0674], [22.2543, 43.0703], [22.2256, 43.0804], [22.2121, 43.0693], [22.2101, 43.061], [22.1777, 43.0653], [22.172, 43.071], [22.1606, 43.0724], [22.1433, 43.0669], [22.1358, 43.0558], [22.1169, 43.0501], [22.117, 43.0431], [22.1113, 43.043], [22.1113, 43.0389], [22.1018, 43.0388], [22.0981, 43.0318], [22.081, 43.0247], [22.0887, 43.022], [22.0888, 43.0164], [22.0945, 43.0137], [22.0852, 43.0025], [22.0623, 43.0023], [22.0548, 42.9939], [22.0549, 42.9869], [22.0398, 42.9812], [22.0419, 42.9659], [22.0384, 42.945], [22.0403, 42.9408], [22.0556, 42.9409], [22.0537, 42.9367], [22.0576, 42.9284], [22.0654, 42.9215], [22.0862, 42.9314], [22.0899, 42.9384], [22.1184, 42.94], [22.1185, 42.9316], [22.1243, 42.9303], [22.1282, 42.9233], [22.1472, 42.9249], [22.1492, 42.9207], [22.1416, 42.9193], [22.1551, 42.9068], [22.1647, 42.9041], [22.1647, 42.8999], [22.1763, 42.8916], [22.1934, 42.889], [22.2295, 42.8948]]]}}, {"type": "Feature", "properties": {"slug": "bojnik", "name": "Bojnik"}, "geometry": {"type": "Polygon", "coordinates": [[[21.7844, 43.1137], [21.7576, 43.1041], [21.7346, 43.1028], [21.7289, 43.1001], [21.7307, 43.0945], [21.6962, 43.0849], [21.6788, 43.0682], [21.6558, 43.0614], [21.6444, 43.0643], [21.6482, 43.067], [21.6272, 43.0658], [21.629, 43.0615], [21.6078, 43.0449], [21.5905, 43.038], [21.5657, 43.0382], [21.5389, 43.0327], [21.5254, 43.0272], [21.5254, 43.0216], [21.5139, 43.0175], [21.508, 43.0092], [21.4889, 43.0051], [21.4888, 42.9981], [21.5079, 42.9954], [21.5155, 42.987], [21.5328, 42.9815], [21.5501, 42.9648], [21.5694, 42.9635], [21.5732, 42.9706], [21.5867, 42.9777], [21.6215, 42.9693], [21.6312, 42.9651], [21.6312, 42.9609], [21.6448, 42.9567], [21.6679, 42.9667], [21.6698, 42.9751], [21.6756, 42.978], [21.6736, 42.9836], [21.6774, 42.9851], [21.693, 42.9766], [21.7123, 42.9767], [21.7239, 42.9725], [21.7317, 42.9655], [21.7336, 42.9697], [21.7296, 42.9782], [21.7373, 42.9853], [21.7432, 42.9811], [21.7431, 42.9909], [21.7528, 42.9896], [21.7682, 42.9967], [21.7721, 42.9925], [21.772, 42.9953], [21.7798, 42.9925], [21.7817, 42.9868], [21.7856, 42.9883], [21.8079, 43.0145], [21.8097, 43.0281], [21.8207, 43.0418], [21.8355, 43.0446], [21.8411, 43.0501], [21.8335, 43.0569], [21.8315, 43.0732], [21.8259, 43.0718], [21.8165, 43.0813], [21.8126, 43.0962], [21.7957, 43.1029], [21.7844, 43.1137]]]}}, {"type": "Feature", "properties": {"slug": "lebane", "name": "Lebane"}, "geometry": {"type": "Polygon", "coordinates": [[[21.7933, 42.9954], [21.7817, 42.9868], [21.7798, 42.9925], [21.772, 42.9953], [21.7721, 42.9925], [21.7682, 42.9967], [21.7528, 42.9896], [21.7431, 42.9909], [21.7432, 42.9811], [21.7373, 42.9853], [21.7296, 42.9782], [21.7336, 42.9697], [21.7317, 42.9655], [21.7239, 42.9725], [21.7123, 42.9767], [21.693, 42.9766], [21.6774, 42.9851], [21.6736, 42.9836], [21.6756, 42.978], [21.6698, 42.9751], [21.6679, 42.9667], [21.6448, 42.9567], [21.6312, 42.9609], [21.6312, 42.9651], [21.6215, 42.9693], [21.5867, 42.9777], [21.5732, 42.9706], [21.5694, 42.9635], [21.5501, 42.9648], [21.552, 42.9579], [21.5578, 42.9551], [21.5578, 42.9439], [21.5636, 42.9426], [21.5636, 42.937], [21.5884, 42.9413], [21.6133, 42.9316], [21.6228, 42.9344], [21.6306, 42.9107], [21.6554, 42.9122], [21.6631, 42.8982], [21.6746, 42.8941], [21.6747, 42.8829], [21.6804, 42.8774], [21.6767, 42.8689], [21.6806, 42.8578], [21.6787, 42.8494], [21.6712, 42.8424], [21.6826, 42.8368], [21.6904, 42.8214], [21.6751, 42.8228], [21.6561, 42.8129], [21.6523, 42.8073], [21.66, 42.8017], [21.6639, 42.7919], [21.6754, 42.7878], [21.6888, 42.7724], [21.6851, 42.7654], [21.6985, 42.7557], [21.6967, 42.7487], [21.7024, 42.7431], [21.7006, 42.7305], [21.7064, 42.7207], [21.7045, 42.7151], [21.7103, 42.7137], [21.6894, 42.701], [21.6877, 42.6946], [21.7222, 42.7123], [21.7201, 42.7301], [21.7349, 42.737], [21.744, 42.7535], [21.7698, 42.7783], [21.7659, 42.7946], [21.7714, 42.796], [21.7695, 42.8056], [21.7824, 42.8111], [21.7842, 42.8193], [21.7897, 42.8235], [21.7841, 42.8262], [21.7803, 42.8357], [21.7874, 42.8631], [21.7818, 42.8685], [21.7817, 42.8767], [21.8057, 42.8905], [21.8074, 42.9014], [21.8148, 42.911], [21.8316, 42.9097], [21.8444, 42.9221], [21.8557, 42.9167], [21.8575, 42.9208], [21.8835, 42.9264], [21.8946, 42.9333], [21.8588, 42.9644], [21.8644, 42.9672], [21.8625, 42.9699], [21.8381, 42.9902], [21.8231, 42.9983], [21.8193, 42.9983], [21.8157, 42.9914], [21.7933, 42.9954]]]}}, {"type": "Feature", "properties": {"slug": "medvedja", "name": "Medveđa"}, "geometry": {"type": "Polygon", "coordinates": [[[21.4888, 42.9981], [21.4485, 42.9871], [21.4637, 42.9773], [21.4673, 42.9563], [21.4768, 42.9478], [21.471, 42.945], [21.469, 42.9353], [21.4594, 42.9325], [21.4497, 42.9186], [21.4592, 42.9143], [21.4534, 42.9102], [21.4591, 42.9073], [21.459, 42.8989], [21.4514, 42.899], [21.459, 42.8933], [21.4456, 42.8892], [21.4435, 42.8766], [21.4303, 42.8728], [21.4357, 42.8729], [21.4369, 42.8517], [21.4235, 42.8468], [21.4249, 42.8347], [21.4175, 42.8252], [21.4234, 42.8087], [21.4109, 42.807], [21.4064, 42.7961], [21.414, 42.7941], [21.4079, 42.7821], [21.4127, 42.7777], [21.4072, 42.7667], [21.4015, 42.767], [21.3889, 42.758], [21.3889, 42.7526], [21.3984, 42.7441], [21.4073, 42.7436], [21.4476, 42.7499], [21.4669, 42.7395], [21.4798, 42.7474], [21.5037, 42.7329], [21.538, 42.7237], [21.56, 42.7383], [21.5715, 42.7278], [21.5943, 42.7257], [21.5924, 42.7152], [21.5863, 42.7086], [21.5874, 42.7034], [21.5936, 42.7047], [21.6057, 42.6979], [21.6251, 42.6954], [21.6285, 42.6999], [21.637, 42.6995], [21.646, 42.6781], [21.6613, 42.6667], [21.6732, 42.6755], [21.6742, 42.6868], [21.679, 42.6867], [21.6894, 42.701], [21.7103, 42.7137], [21.7045, 42.7151], [21.7064, 42.7207], [21.7006, 42.7305], [21.7024, 42.7431], [21.6967, 42.7487], [21.6985, 42.7557], [21.6851, 42.7654], [21.6888, 42.7724], [21.6754, 42.7878], [21.6639, 42.7919], [21.66, 42.8017], [21.6523, 42.8073], [21.6561, 42.8129], [21.6751, 42.8228], [21.6904, 42.8214], [21.6826, 42.8368], [21.6712, 42.8424], [21.6787, 42.8494], [21.6806, 42.8578], [21.6767, 42.8689], [21.6804, 42.8774], [21.6747, 42.8829], [21.6746, 42.8941], [21.6631, 42.8982], [21.6554, 42.9122], [21.6306, 42.9107], [21.6228, 42.9344], [21.6133, 42.9316], [21.5884, 42.9413], [21.5636, 42.937], [21.5636, 42.9426], [21.5578, 42.9439], [21.5578, 42.9551], [21.5328, 42.9815], [21.5155, 42.987], [21.5079, 42.9954], [21.4888, 42.9981]]]}}, {"type": "Feature", "properties": {"slug": "zitoradja", "name": "Žitorađa"}, "geometry": {"type": "Polygon", "coordinates": [[[21.8134, 43.1442], [21.7906, 43.1555], [21.806, 43.1652], [21.8041, 43.1694], [21.7889, 43.1835], [21.7737, 43.2073], [21.7719, 43.217], [21.7815, 43.224], [21.7816, 43.231], [21.774, 43.2394], [21.7741, 43.2547], [21.7473, 43.2604], [21.7377, 43.2563], [21.732, 43.2563], [21.7244, 43.2633], [21.7013, 43.2592], [21.6994, 43.2523], [21.7051, 43.248], [21.7012, 43.2425], [21.7049, 43.2257], [21.701, 43.2187], [21.6571, 43.2413], [21.6494, 43.2399], [21.6436, 43.2274], [21.655, 43.219], [21.655, 43.212], [21.6511, 43.2079], [21.6378, 43.2135], [21.6338, 43.1954], [21.6242, 43.1801], [21.649, 43.1716], [21.6374, 43.1577], [21.645, 43.1563], [21.6488, 43.1479], [21.6334, 43.1368], [21.6333, 43.1145], [21.6446, 43.0949], [21.6445, 43.0865], [21.6655, 43.0823], [21.6788, 43.0682], [21.6962, 43.0849], [21.7307, 43.0945], [21.7289, 43.1001], [21.7346, 43.1028], [21.7729, 43.1082], [21.8056, 43.1275], [21.8076, 43.1331], [21.8172, 43.1344], [21.8134, 43.1442]]]}}, {"type": "Feature", "properties": {"slug": "blace", "name": "Blace"}, "geometry": {"type": "Polygon", "coordinates": [[[21.2289, 43.3714], [21.2289, 43.3658], [21.2193, 43.3631], [21.2212, 43.3575], [21.2135, 43.3589], [21.2191, 43.3394], [21.2171, 43.3352], [21.1979, 43.3255], [21.1921, 43.3186], [21.1767, 43.3131], [21.1669, 43.288], [21.1688, 43.2796], [21.1515, 43.2783], [21.1514, 43.2658], [21.1437, 43.2602], [21.159, 43.2504], [21.1627, 43.2392], [21.1723, 43.2336], [21.1799, 43.2182], [21.1913, 43.214], [21.197, 43.2056], [21.2028, 43.214], [21.199, 43.2209], [21.2067, 43.2167], [21.2067, 43.2195], [21.2258, 43.2195], [21.2335, 43.2152], [21.2412, 43.218], [21.243, 43.2124], [21.2507, 43.2138], [21.2583, 43.2068], [21.2641, 43.2137], [21.2775, 43.2123], [21.2968, 43.2374], [21.3121, 43.2359], [21.3217, 43.2289], [21.3332, 43.2344], [21.3542, 43.2246], [21.3639, 43.2371], [21.3753, 43.2329], [21.3792, 43.2426], [21.3946, 43.2537], [21.3947, 43.2607], [21.389, 43.2677], [21.4006, 43.2788], [21.395, 43.2997], [21.3761, 43.3207], [21.3762, 43.3318], [21.38, 43.336], [21.3782, 43.3485], [21.4111, 43.3929], [21.392, 43.3958], [21.3824, 43.3902], [21.3729, 43.3986], [21.3537, 43.4015], [21.3364, 43.3932], [21.3096, 43.3919], [21.298, 43.385], [21.2904, 43.3878], [21.273, 43.3754], [21.2404, 43.3685], [21.2347, 43.3728], [21.2289, 43.3714]]]}}, {"type": "Feature", "properties": {"slug": "kursumlija", "name": "Kuršumlija"}, "geometry": {"type": "Polygon", "coordinates": [[[21.4888, 42.999], [21.4639, 43.0005], [21.4544, 43.0131], [21.4391, 43.0174], [21.4353, 43.0244], [21.4373, 43.0314], [21.4315, 43.0328], [21.4335, 43.0384], [21.4258, 43.0412], [21.4278, 43.0454], [21.4144, 43.0469], [21.4029, 43.0427], [21.403, 43.0595], [21.3877, 43.0652], [21.3935, 43.0735], [21.3916, 43.0819], [21.3974, 43.0931], [21.4051, 43.0973], [21.3937, 43.1113], [21.3995, 43.1113], [21.3995, 43.1155], [21.4052, 43.1155], [21.4168, 43.1252], [21.413, 43.1308], [21.4053, 43.1322], [21.4016, 43.1392], [21.4074, 43.1462], [21.394, 43.1546], [21.4017, 43.1588], [21.4057, 43.1812], [21.3981, 43.1938], [21.3733, 43.2092], [21.3656, 43.2064], [21.3617, 43.1995], [21.3655, 43.1911], [21.3597, 43.1855], [21.3597, 43.1799], [21.3463, 43.1883], [21.3329, 43.187], [21.3329, 43.194], [21.3234, 43.1968], [21.3253, 43.201], [21.3215, 43.201], [21.3234, 43.2038], [21.3196, 43.2066], [21.3273, 43.2121], [21.3159, 43.2219], [21.3178, 43.2247], [21.3235, 43.2219], [21.3197, 43.2261], [21.3217, 43.2289], [21.3121, 43.2359], [21.2968, 43.2374], [21.2814, 43.2137], [21.2641, 43.2137], [21.2583, 43.2068], [21.2507, 43.2138], [21.243, 43.2124], [21.2412, 43.218], [21.2335, 43.2152], [21.2258, 43.2195], [21.2067, 43.2195], [21.2067, 43.2167], [21.199, 43.2209], [21.2028, 43.214], [21.197, 43.2056], [21.1913, 43.214], [21.1799, 43.2182], [21.1723, 43.2336], [21.1627, 43.2392], [21.159, 43.2504], [21.1437, 43.2602], [21.1303, 43.2561], [21.1245, 43.2491], [21.1015, 43.2464], [21.0842, 43.2493], [21.0747, 43.2563], [21.071, 43.2661], [21.0557, 43.2717], [21.0326, 43.2593], [21.0154, 43.2635], [21.0097, 43.2705], [20.9905, 43.2706], [20.9943, 43.2608], [20.9865, 43.2539], [20.9923, 43.2525], [20.9923, 43.2483], [20.9808, 43.2483], [20.9673, 43.24], [20.973, 43.2316], [20.9709, 43.2177], [20.9766, 43.2135], [20.9708, 43.2037], [20.9765, 43.1981], [20.9745, 43.1883], [20.9611, 43.1814], [20.9476, 43.1801], [20.936, 43.1605], [20.9225, 43.1481], [20.9335, 43.1435], [20.9374, 43.1346], [20.9681, 43.1226], [20.9727, 43.1237], [20.9728, 43.1305], [20.9787, 43.1339], [20.9989, 43.1384], [21.0144, 43.1354], [21.0271, 43.1301], [21.053, 43.1085], [21.0792, 43.1165], [21.0833, 43.13], [21.0902, 43.1356], [21.0979, 43.1308], [21.1034, 43.1201], [21.1154, 43.1137], [21.1372, 43.1135], [21.1524, 43.0911], [21.1427, 43.0815], [21.1541, 43.0618], [21.1543, 43.038], [21.1598, 43.0295], [21.1689, 43.0273], [21.1657, 43.0163], [21.1665, 43.0094], [21.1734, 43.0044], [21.1717, 43.0014], [21.177, 43.0004], [21.1942, 43.0097], [21.1936, 43.0168], [21.1992, 43.0233], [21.2088, 43.0255], [21.2241, 43.0214], [21.2316, 43.0106], [21.2372, 43.0093], [21.2381, 42.9912], [21.2438, 42.9811], [21.2365, 42.9527], [21.245, 42.9355], [21.2713, 42.9087], [21.2747, 42.8974], [21.2827, 42.8963], [21.292, 42.9041], [21.2994, 42.9013], [21.3051, 42.9057], [21.3402, 42.9003], [21.3529, 42.8888], [21.3508, 42.8802], [21.3638, 42.8713], [21.3752, 42.8734], [21.3855, 42.8665], [21.3947, 42.8679], [21.4019, 42.875], [21.4303, 42.8728], [21.4435, 42.8766], [21.4456, 42.8892], [21.459, 42.8933], [21.4514, 42.899], [21.459, 42.8989], [21.4591, 42.9073], [21.4534, 42.9102], [21.4592, 42.9143], [21.4497, 42.9186], [21.4594, 42.9325], [21.469, 42.9353], [21.471, 42.945], [21.4768, 42.9478], [21.4673, 42.9563], [21.4637, 42.9773], [21.4485, 42.9871], [21.4888, 42.999]]]}}, {"type": "Feature", "properties": {"slug": "prokuplje", "name": "Prokuplje"}, "geometry": {"type": "Polygon", "coordinates": [[[21.4111, 43.3929], [21.3782, 43.3485], [21.38, 43.336], [21.3762, 43.3318], [21.3761, 43.3207], [21.395, 43.2997], [21.4006, 43.2788], [21.389, 43.2677], [21.3947, 43.2607], [21.3946, 43.2537], [21.3792, 43.2426], [21.3753, 43.2329], [21.3639, 43.2371], [21.3542, 43.2246], [21.3332, 43.2344], [21.3217, 43.2289], [21.3197, 43.2261], [21.3235, 43.2219], [21.3178, 43.2247], [21.3159, 43.2219], [21.3273, 43.2121], [21.3196, 43.2066], [21.3234, 43.2038], [21.3215, 43.201], [21.3253, 43.201], [21.3234, 43.1968], [21.3329, 43.194], [21.3329, 43.187], [21.3463, 43.1883], [21.3597, 43.1799], [21.3597, 43.1855], [21.3655, 43.1911], [21.3617, 43.1995], [21.3656, 43.2064], [21.3733, 43.2092], [21.3981, 43.1938], [21.4057, 43.1812], [21.4017, 43.1588], [21.394, 43.1546], [21.4074, 43.1462], [21.4016, 43.1392], [21.4053, 43.1322], [21.413, 43.1308], [21.4168, 43.1252], [21.4052, 43.1155], [21.3995, 43.1155], [21.3995, 43.1113], [21.3937, 43.1113], [21.4051, 43.0973], [21.3974, 43.0931], [21.3916, 43.0819], [21.3935, 43.0735], [21.3877, 43.068], [21.403, 43.0595], [21.4029, 43.0427], [21.4144, 43.0469], [21.4278, 43.0454], [21.4258, 43.0412], [21.4335, 43.0384], [21.4315, 43.0328], [21.4373, 43.0314], [21.4353, 43.0244], [21.4391, 43.0174], [21.4544, 43.0131], [21.4639, 43.0005], [21.4888, 42.999], [21.4889, 43.0051], [21.508, 43.0092], [21.5139, 43.0175], [21.5254, 43.0216], [21.5254, 43.0272], [21.5389, 43.0327], [21.5657, 43.0382], [21.5905, 43.038], [21.6078, 43.0449], [21.629, 43.0615], [21.6272, 43.0658], [21.6482, 43.067], [21.6444, 43.0643], [21.6558, 43.0614], [21.6788, 43.0682], [21.6655, 43.0823], [21.6445, 43.0865], [21.6446, 43.0949], [21.6333, 43.1145], [21.6334, 43.1368], [21.6488, 43.1479], [21.645, 43.1563], [21.6374, 43.1577], [21.649, 43.1716], [21.6242, 43.1801], [21.6338, 43.1954], [21.6378, 43.2135], [21.6511, 43.2079], [21.655, 43.219], [21.6436, 43.2274], [21.6494, 43.2399], [21.6437, 43.2469], [21.638, 43.2511], [21.6285, 43.2512], [21.6247, 43.261], [21.6151, 43.2624], [21.6113, 43.268], [21.6152, 43.2735], [21.6383, 43.2818], [21.6364, 43.2846], [21.6172, 43.2833], [21.5981, 43.2932], [21.5849, 43.3141], [21.5831, 43.3336], [21.5947, 43.3489], [21.5929, 43.3559], [21.5987, 43.3601], [21.593, 43.367], [21.5795, 43.356], [21.5526, 43.3547], [21.4972, 43.3675], [21.48, 43.3773], [21.4781, 43.3829], [21.4666, 43.3801], [21.4552, 43.3857], [21.4456, 43.3844], [21.4361, 43.3956], [21.4208, 43.3998], [21.4111, 43.3929]]]}}, {"type": "Feature", "properties": {"slug": "aleksandrovac", "name": "Aleksandrovac"}, "geometry": {"type": "Polygon", "coordinates": [[[21.155, 43.5382], [21.155, 43.5229], [21.1455, 43.5188], [21.1474, 43.5132], [21.1417, 43.5076], [21.134, 43.5035], [21.1225, 43.5063], [21.1129, 43.5021], [21.0976, 43.5076], [21.1053, 43.5187], [21.1015, 43.5201], [21.0919, 43.5173], [21.0861, 43.5201], [21.0613, 43.5034], [21.0421, 43.5076], [21.0134, 43.534], [21.0077, 43.5353], [21.0057, 43.5409], [20.9981, 43.5437], [20.9885, 43.5395], [20.9847, 43.5312], [20.9751, 43.5339], [20.9694, 43.5284], [20.9502, 43.5284], [20.9424, 43.5172], [20.9289, 43.5187], [20.9114, 43.5118], [20.867, 43.519], [20.8517, 43.5359], [20.8304, 43.5248], [20.8303, 43.5206], [20.8014, 43.5249], [20.7956, 43.5319], [20.786, 43.532], [20.7782, 43.5278], [20.8106, 43.4772], [20.799, 43.4716], [20.8007, 43.4562], [20.7949, 43.4534], [20.7948, 43.445], [20.7831, 43.4296], [20.7848, 43.4085], [20.7964, 43.4001], [20.7983, 43.4029], [20.8157, 43.4], [20.8254, 43.4027], [20.8292, 43.3999], [20.8331, 43.4041], [20.8582, 43.3998], [20.8815, 43.4081], [20.8816, 43.4235], [20.8894, 43.4319], [20.9184, 43.436], [20.9204, 43.4402], [20.9476, 43.4541], [20.9553, 43.4526], [20.9552, 43.447], [20.961, 43.4442], [20.9688, 43.4512], [20.9746, 43.4498], [20.9843, 43.4553], [21.0016, 43.4426], [21.0034, 43.4356], [21.0188, 43.4229], [21.0187, 43.4187], [21.0341, 43.4116], [21.0419, 43.4144], [21.0381, 43.427], [21.044, 43.4354], [21.0517, 43.4326], [21.0614, 43.4353], [21.0786, 43.417], [21.0727, 43.4044], [21.0764, 43.3875], [21.0803, 43.3847], [21.0881, 43.3917], [21.0899, 43.3861], [21.115, 43.3845], [21.1247, 43.3803], [21.1305, 43.3831], [21.1287, 43.3985], [21.1365, 43.4027], [21.1518, 43.3942], [21.1519, 43.3984], [21.1423, 43.4041], [21.1481, 43.4069], [21.1481, 43.4111], [21.1733, 43.4211], [21.1771, 43.4366], [21.1984, 43.4452], [21.2158, 43.4636], [21.2177, 43.4678], [21.204, 43.4791], [21.2118, 43.4862], [21.2234, 43.4876], [21.237, 43.499], [21.2331, 43.5032], [21.2097, 43.5031], [21.2019, 43.5087], [21.1999, 43.5172], [21.2115, 43.5229], [21.2075, 43.5468], [21.1958, 43.5454], [21.1802, 43.551], [21.1783, 43.5425], [21.1764, 43.5453], [21.1628, 43.5439], [21.1609, 43.5382], [21.155, 43.5382]]]}}, {"type": "Feature", "properties": {"slug": "brus", "name": "Brus"}, "geometry": {"type": "Polygon", "coordinates": [[[21.1481, 43.4069], [21.1423, 43.4041], [21.1519, 43.3984], [21.1518, 43.3942], [21.1345, 43.4027], [21.1287, 43.3985], [21.1305, 43.3831], [21.1247, 43.3803], [21.115, 43.3845], [21.0899, 43.3861], [21.0881, 43.3917], [21.0803, 43.3847], [21.0727, 43.4002], [21.0786, 43.417], [21.0614, 43.4353], [21.0517, 43.4326], [21.044, 43.4354], [21.0381, 43.427], [21.0419, 43.4144], [21.0341, 43.4116], [21.0187, 43.4187], [21.0188, 43.4229], [21.0034, 43.4356], [21.0016, 43.4426], [20.9843, 43.4553], [20.9746, 43.4498], [20.9688, 43.4512], [20.961, 43.4442], [20.9552, 43.447], [20.9553, 43.4526], [20.9476, 43.4541], [20.9204, 43.4402], [20.9184, 43.436], [20.8894, 43.4319], [20.8816, 43.4235], [20.8815, 43.4081], [20.8582, 43.3998], [20.8447, 43.3998], [20.8522, 43.3787], [20.8502, 43.3731], [20.8541, 43.3689], [20.8501, 43.3605], [20.8558, 43.3478], [20.8382, 43.3254], [20.8246, 43.3198], [20.8282, 43.2889], [20.8223, 43.2847], [20.8203, 43.269], [20.8309, 43.2661], [20.8774, 43.2285], [20.8819, 43.2222], [20.8814, 43.2111], [20.8915, 43.205], [20.8907, 43.2023], [20.8637, 43.207], [20.8449, 43.2052], [20.8457, 43.1975], [20.8516, 43.1982], [20.8569, 43.1912], [20.8559, 43.1864], [20.8339, 43.1795], [20.8422, 43.1738], [20.8603, 43.1737], [20.8614, 43.169], [20.8705, 43.1647], [20.8812, 43.1676], [20.8918, 43.1572], [20.9225, 43.1481], [20.936, 43.1605], [20.9476, 43.1801], [20.9611, 43.1814], [20.9745, 43.1883], [20.9765, 43.1981], [20.9708, 43.2037], [20.9766, 43.2135], [20.9709, 43.2177], [20.973, 43.2316], [20.9673, 43.24], [20.9808, 43.2483], [20.9923, 43.2483], [20.9923, 43.2525], [20.9865, 43.2539], [20.9943, 43.2608], [20.9905, 43.2706], [21.0097, 43.2705], [21.0154, 43.2635], [21.0326, 43.2593], [21.0557, 43.2717], [21.071, 43.2661], [21.0747, 43.2563], [21.0842, 43.2493], [21.1015, 43.2464], [21.1245, 43.2491], [21.1303, 43.2561], [21.1476, 43.2616], [21.1514, 43.2658], [21.1515, 43.2783], [21.1688, 43.2796], [21.1669, 43.288], [21.1767, 43.3131], [21.1921, 43.3186], [21.1979, 43.3255], [21.2171, 43.3352], [21.2191, 43.3394], [21.2135, 43.3589], [21.2212, 43.3575], [21.2193, 43.3631], [21.2289, 43.3658], [21.2289, 43.3714], [21.2252, 43.3854], [21.204, 43.3883], [21.2021, 43.401], [21.1693, 43.4025], [21.1616, 43.3998], [21.1481, 43.4069]]]}}, {"type": "Feature", "properties": {"slug": "cicevac", "name": "Ćićevac"}, "geometry": {"type": "Polygon", "coordinates": [[[21.495, 43.614], [21.4911, 43.6169], [21.5108, 43.6196], [21.5109, 43.6225], [21.4892, 43.624], [21.4953, 43.6354], [21.4858, 43.6596], [21.478, 43.6654], [21.4701, 43.664], [21.4643, 43.6698], [21.4685, 43.6868], [21.4784, 43.691], [21.4824, 43.6995], [21.4903, 43.698], [21.4961, 43.6909], [21.502, 43.6922], [21.5081, 43.7107], [21.524, 43.7177], [21.526, 43.7233], [21.5202, 43.7305], [21.4832, 43.7535], [21.4834, 43.7691], [21.4756, 43.769], [21.4392, 43.7534], [21.4079, 43.7321], [21.394, 43.7337], [21.3884, 43.7496], [21.3786, 43.7526], [21.3724, 43.7455], [21.3759, 43.7239], [21.3897, 43.7208], [21.4017, 43.7235], [21.4215, 43.7161], [21.4331, 43.7044], [21.4271, 43.7016], [21.4133, 43.709], [21.393, 43.6905], [21.3909, 43.6862], [21.3984, 43.6703], [21.3804, 43.6662], [21.3842, 43.6561], [21.382, 43.6475], [21.3975, 43.6433], [21.4054, 43.6335], [21.4249, 43.6265], [21.4269, 43.6223], [21.4424, 43.6209], [21.4523, 43.6054], [21.4465, 43.5956], [21.4582, 43.59], [21.4834, 43.6013], [21.4912, 43.6014], [21.495, 43.614]]]}}, {"type": "Feature", "properties": {"slug": "trstenik", "name": "Trstenik"}, "geometry": {"type": "Polygon", "coordinates": [[[21.1715, 43.7016], [21.1527, 43.7116], [21.1367, 43.7136], [21.1305, 43.7242], [21.1013, 43.7351], [21.0918, 43.7281], [21.084, 43.728], [21.0684, 43.7391], [21.0336, 43.7401], [21.0083, 43.7497], [20.9988, 43.744], [20.9795, 43.7411], [20.9678, 43.7494], [20.9368, 43.7425], [20.9405, 43.7313], [20.9328, 43.7257], [20.9306, 43.7062], [20.9383, 43.695], [20.9111, 43.6797], [20.9032, 43.6686], [20.9051, 43.6644], [20.8954, 43.6602], [20.9186, 43.6559], [20.9283, 43.6615], [20.934, 43.6545], [20.9326, 43.6415], [20.9571, 43.639], [20.959, 43.6334], [20.9705, 43.6291], [20.953, 43.6208], [20.9491, 43.6124], [20.9297, 43.6097], [20.9218, 43.5916], [20.9217, 43.5733], [20.9371, 43.5705], [20.9332, 43.5621], [20.937, 43.5565], [20.933, 43.5495], [20.9446, 43.5452], [20.9445, 43.5312], [20.9502, 43.5284], [20.9694, 43.5284], [20.9751, 43.5339], [20.9847, 43.5312], [20.9885, 43.5395], [20.9981, 43.5437], [21.0057, 43.5409], [21.0077, 43.5353], [21.0134, 43.534], [21.0421, 43.5076], [21.0613, 43.5034], [21.0861, 43.5201], [21.0919, 43.5173], [21.1015, 43.5201], [21.1053, 43.5187], [21.0976, 43.5076], [21.1034, 43.5076], [21.1072, 43.5021], [21.1225, 43.5063], [21.134, 43.5035], [21.1417, 43.5076], [21.1474, 43.5132], [21.1455, 43.5188], [21.155, 43.5229], [21.155, 43.5424], [21.1531, 43.5396], [21.1472, 43.5424], [21.1472, 43.5509], [21.1646, 43.5692], [21.1704, 43.5679], [21.1859, 43.5778], [21.1917, 43.5891], [21.1839, 43.5904], [21.1838, 43.5989], [21.1663, 43.6017], [21.1644, 43.596], [21.1605, 43.596], [21.1624, 43.6045], [21.1701, 43.6115], [21.166, 43.6453], [21.1582, 43.6509], [21.1601, 43.6552], [21.1425, 43.6692], [21.1444, 43.6832], [21.1502, 43.6889], [21.156, 43.6889], [21.1559, 43.6974], [21.1715, 43.7016]]]}}, {"type": "Feature", "properties": {"slug": "varvarin", "name": "Varvarin"}, "geometry": {"type": "Polygon", "coordinates": [[[21.3781, 43.6362], [21.3842, 43.6561], [21.3804, 43.6662], [21.3984, 43.6703], [21.3909, 43.6862], [21.393, 43.6905], [21.4133, 43.709], [21.4271, 43.7016], [21.4331, 43.703], [21.4215, 43.7161], [21.4017, 43.7235], [21.3897, 43.7208], [21.3759, 43.7239], [21.3724, 43.7455], [21.3786, 43.7526], [21.3884, 43.7496], [21.3902, 43.7395], [21.398, 43.7322], [21.4079, 43.7321], [21.418, 43.7391], [21.4044, 43.7559], [21.4101, 43.7615], [21.408, 43.7685], [21.3947, 43.7586], [21.3714, 43.7612], [21.3713, 43.7667], [21.3938, 43.7735], [21.3974, 43.7815], [21.3848, 43.7858], [21.3798, 43.7819], [21.3789, 43.7743], [21.371, 43.7738], [21.3668, 43.7828], [21.3715, 43.792], [21.3627, 43.796], [21.3363, 43.7881], [21.3326, 43.7952], [21.3263, 43.7859], [21.2957, 43.7819], [21.2723, 43.7862], [21.2672, 43.7945], [21.2771, 43.8044], [21.2825, 43.8291], [21.2869, 43.8337], [21.2853, 43.8389], [21.2884, 43.8402], [21.2835, 43.8437], [21.2842, 43.8521], [21.2795, 43.8544], [21.2702, 43.8546], [21.2606, 43.8444], [21.2604, 43.8294], [21.2681, 43.8189], [21.2682, 43.8105], [21.2605, 43.8063], [21.2512, 43.7853], [21.232, 43.7823], [21.2282, 43.7753], [21.2147, 43.771], [21.2129, 43.7668], [21.2013, 43.7667], [21.188, 43.754], [21.1762, 43.7637], [21.1666, 43.7636], [21.1548, 43.7719], [21.1473, 43.7621], [21.1474, 43.7509], [21.1555, 43.7328], [21.1497, 43.7328], [21.1478, 43.7286], [21.1381, 43.7299], [21.1305, 43.7242], [21.1367, 43.7136], [21.1527, 43.7116], [21.2027, 43.6849], [21.2358, 43.6836], [21.2495, 43.678], [21.2748, 43.6752], [21.2884, 43.6781], [21.2962, 43.6739], [21.3097, 43.6824], [21.3195, 43.681], [21.3273, 43.6726], [21.3235, 43.6613], [21.3294, 43.6473], [21.3391, 43.6487], [21.3431, 43.6431], [21.3508, 43.6445], [21.3781, 43.6362]]]}}, {"type": "Feature", "properties": {"slug": "raska", "name": "Raška"}, "geometry": {"type": "Polygon", "coordinates": [[[20.4474, 43.3982], [20.4456, 43.3912], [20.4359, 43.3925], [20.434, 43.3897], [20.4379, 43.3813], [20.4457, 43.3785], [20.4458, 43.3673], [20.4362, 43.3546], [20.4382, 43.3462], [20.4344, 43.3392], [20.4306, 43.3378], [20.4266, 43.3462], [20.417, 43.3475], [20.4035, 43.3376], [20.4056, 43.3264], [20.3902, 43.3207], [20.3883, 43.3123], [20.3632, 43.3052], [20.3556, 43.2911], [20.3634, 43.2813], [20.3768, 43.2828], [20.3863, 43.2912], [20.4191, 43.2844], [20.4248, 43.29], [20.4634, 43.2874], [20.5176, 43.2555], [20.5216, 43.2499], [20.5505, 43.2402], [20.5777, 43.2207], [20.5894, 43.2068], [20.5971, 43.2054], [20.6033, 43.2109], [20.6154, 43.2045], [20.6343, 43.2085], [20.6769, 43.209], [20.6876, 43.2133], [20.6886, 43.2188], [20.6994, 43.2253], [20.7213, 43.2349], [20.7317, 43.2493], [20.7402, 43.2509], [20.7635, 43.2434], [20.795, 43.2457], [20.7945, 43.2597], [20.8045, 43.2667], [20.8203, 43.269], [20.8223, 43.2847], [20.8282, 43.2889], [20.8246, 43.3198], [20.8382, 43.3254], [20.8558, 43.3478], [20.8501, 43.3605], [20.8541, 43.3689], [20.8502, 43.3731], [20.8522, 43.3787], [20.8447, 43.3998], [20.8331, 43.4041], [20.8292, 43.3999], [20.8254, 43.4027], [20.8157, 43.4], [20.7983, 43.4029], [20.7964, 43.4001], [20.7848, 43.4085], [20.7831, 43.4296], [20.7948, 43.445], [20.7949, 43.4534], [20.7891, 43.4548], [20.758, 43.4576], [20.7444, 43.4478], [20.7231, 43.4449], [20.7134, 43.4393], [20.692, 43.4435], [20.692, 43.4379], [20.6784, 43.4364], [20.6843, 43.4294], [20.6823, 43.4181], [20.6629, 43.4209], [20.661, 43.4266], [20.6415, 43.4265], [20.6318, 43.4308], [20.628, 43.4237], [20.6124, 43.4237], [20.595, 43.4082], [20.5833, 43.4068], [20.5717, 43.3983], [20.562, 43.3997], [20.5483, 43.4138], [20.5328, 43.4194], [20.525, 43.4124], [20.5037, 43.411], [20.5115, 43.4081], [20.5018, 43.4011], [20.4882, 43.4025], [20.4823, 43.3982], [20.4843, 43.3954], [20.4765, 43.3926], [20.459, 43.3912], [20.4474, 43.3982]]]}}, {"type": "Feature", "properties": {"slug": "tutin", "name": "Tutin"}, "geometry": {"type": "Polygon", "coordinates": [[[20.3026, 43.176], [20.2174, 43.1515], [20.1902, 43.1527], [20.1806, 43.1371], [20.1612, 43.1313], [20.173, 43.1186], [20.1731, 43.1115], [20.1615, 43.1058], [20.1459, 43.1085], [20.1266, 43.1013], [20.0881, 43.0585], [20.0692, 43.0101], [20.0615, 43.0044], [20.0534, 43.0073], [20.0594, 42.9947], [20.0835, 42.9891], [20.0903, 42.9757], [20.0968, 42.9714], [20.1085, 42.9722], [20.1219, 42.9633], [20.1318, 42.9693], [20.1472, 42.9885], [20.155, 42.9893], [20.1604, 42.9818], [20.1595, 42.9729], [20.1753, 42.9701], [20.2004, 42.9564], [20.2118, 42.9561], [20.2268, 42.944], [20.2875, 42.9282], [20.3203, 42.914], [20.3451, 42.9107], [20.3491, 42.8957], [20.3423, 42.8686], [20.3484, 42.8462], [20.3539, 42.8417], [20.354, 42.8326], [20.4088, 42.8472], [20.4401, 42.8336], [20.4869, 42.8679], [20.5385, 42.8843], [20.5306, 42.8863], [20.5211, 42.8934], [20.5203, 42.8982], [20.5047, 42.907], [20.4855, 42.9323], [20.4907, 42.9402], [20.4954, 42.9395], [20.4999, 42.9512], [20.5146, 42.9644], [20.5129, 42.973], [20.5186, 42.9772], [20.5148, 42.987], [20.5186, 42.9884], [20.5089, 43.0011], [20.5166, 43.0053], [20.5147, 43.0123], [20.507, 43.0151], [20.5012, 43.0109], [20.457, 43.0038], [20.4397, 43.0206], [20.4262, 43.0262], [20.4281, 43.029], [20.4204, 43.0318], [20.4185, 43.0388], [20.4184, 43.0444], [20.428, 43.0571], [20.4241, 43.0697], [20.426, 43.0767], [20.3991, 43.0725], [20.401, 43.0823], [20.3914, 43.0795], [20.3721, 43.0935], [20.3508, 43.1285], [20.3316, 43.1355], [20.3296, 43.1425], [20.3162, 43.148], [20.3065, 43.1606], [20.3046, 43.1648], [20.3084, 43.1677], [20.3026, 43.176]]]}}, {"type": "Feature", "properties": {"slug": "vrnjacka-banja", "name": "Vrnjačka Banja"}, "geometry": {"type": "Polygon", "coordinates": [[[20.7782, 43.5278], [20.7956, 43.5319], [20.8014, 43.5249], [20.8303, 43.5206], [20.8304, 43.5248], [20.8517, 43.5359], [20.867, 43.519], [20.8786, 43.5161], [20.9114, 43.5118], [20.9289, 43.5187], [20.9424, 43.5172], [20.9502, 43.5284], [20.9426, 43.534], [20.9446, 43.5452], [20.933, 43.5495], [20.937, 43.5565], [20.9332, 43.5621], [20.9371, 43.5705], [20.9217, 43.5733], [20.9218, 43.5916], [20.9297, 43.6097], [20.9491, 43.6124], [20.953, 43.6208], [20.9705, 43.6291], [20.959, 43.6334], [20.9571, 43.639], [20.9326, 43.6415], [20.934, 43.6545], [20.9283, 43.6615], [20.9186, 43.6559], [20.907, 43.656], [20.8954, 43.6602], [20.8936, 43.6726], [20.882, 43.6713], [20.8782, 43.6797], [20.8724, 43.6811], [20.8704, 43.6727], [20.8666, 43.6728], [20.8628, 43.677], [20.861, 43.6923], [20.8455, 43.6924], [20.8437, 43.7022], [20.8263, 43.7051], [20.8263, 43.7009], [20.8147, 43.6981], [20.803, 43.687], [20.7971, 43.6759], [20.766, 43.6551], [20.7679, 43.6509], [20.7524, 43.6384], [20.7617, 43.609], [20.7713, 43.6034], [20.7713, 43.5978], [20.7809, 43.5893], [20.7789, 43.5824], [20.7866, 43.5823], [20.7942, 43.5739], [20.8135, 43.564], [20.8095, 43.5556], [20.7921, 43.5529], [20.7709, 43.5586], [20.7419, 43.5546], [20.738, 43.5434], [20.7418, 43.535], [20.7782, 43.5278]]]}}, {"type": "Feature", "properties": {"slug": "aleksinac", "name": "Aleksinac"}, "geometry": {"type": "Polygon", "coordinates": [[[21.4838, 43.3759], [21.5048, 43.3646], [21.5526, 43.3547], [21.5795, 43.356], [21.593, 43.3643], [21.5968, 43.3713], [21.6084, 43.3728], [21.6121, 43.3813], [21.6237, 43.3857], [21.6413, 43.3774], [21.6453, 43.3704], [21.6743, 43.3791], [21.6956, 43.3808], [21.7035, 43.3766], [21.7362, 43.3925], [21.7729, 43.4013], [21.7767, 43.4084], [21.7571, 43.4181], [21.7647, 43.4266], [21.7531, 43.4237], [21.7529, 43.4349], [21.7586, 43.4406], [21.7819, 43.4395], [21.7937, 43.4339], [21.8072, 43.4383], [21.8452, 43.481], [21.8861, 43.4786], [21.8881, 43.4758], [21.9132, 43.4816], [21.9053, 43.4858], [21.9032, 43.497], [21.9187, 43.5], [21.9165, 43.5099], [21.9203, 43.5141], [21.9202, 43.524], [21.9142, 43.531], [21.9046, 43.5339], [21.8972, 43.5481], [21.8819, 43.5568], [21.8822, 43.5666], [21.8765, 43.5709], [21.8712, 43.5906], [21.854, 43.6007], [21.8482, 43.6022], [21.8462, 43.598], [21.8498, 43.5909], [21.8381, 43.5869], [21.8229, 43.5983], [21.7763, 43.5962], [21.7513, 43.6064], [21.7516, 43.6148], [21.7576, 43.6245], [21.7387, 43.6431], [21.7195, 43.6489], [21.7121, 43.6603], [21.7122, 43.6673], [21.7065, 43.6716], [21.7067, 43.6786], [21.6916, 43.6928], [21.6957, 43.7012], [21.6922, 43.7153], [21.6884, 43.7181], [21.6654, 43.7078], [21.6575, 43.709], [21.6307, 43.693], [21.6214, 43.6815], [21.6303, 43.652], [21.619, 43.6419], [21.6174, 43.632], [21.6, 43.6274], [21.5899, 43.6357], [21.5802, 43.6327], [21.5605, 43.6365], [21.5612, 43.6196], [21.5321, 43.5967], [21.5321, 43.591], [21.5476, 43.5738], [21.5453, 43.5553], [21.5589, 43.5409], [21.5726, 43.5394], [21.5745, 43.528], [21.5744, 43.5209], [21.5603, 43.5024], [21.5601, 43.4825], [21.5481, 43.4683], [21.5599, 43.4668], [21.5637, 43.4582], [21.5597, 43.4568], [21.5675, 43.4524], [21.5655, 43.4453], [21.5831, 43.4395], [21.5752, 43.4352], [21.5631, 43.4153], [21.5236, 43.4056], [21.5255, 43.3999], [21.5116, 43.3914], [21.486, 43.3845], [21.4838, 43.3759]]]}}, {"type": "Feature", "properties": {"slug": "doljevac", "name": "Doljevac"}, "geometry": {"type": "Polygon", "coordinates": [[[21.9015, 43.159], [21.9015, 43.1996], [21.9091, 43.2065], [21.9149, 43.2219], [21.8999, 43.2484], [21.8923, 43.2512], [21.8907, 43.2804], [21.8794, 43.286], [21.8716, 43.275], [21.8545, 43.2792], [21.8487, 43.2723], [21.8486, 43.264], [21.8371, 43.2613], [21.8371, 43.2557], [21.8026, 43.2421], [21.7988, 43.2421], [21.7894, 43.2546], [21.7894, 43.2602], [21.7761, 43.2631], [21.774, 43.2394], [21.7816, 43.231], [21.7815, 43.224], [21.7719, 43.217], [21.7737, 43.2073], [21.806, 43.1652], [21.7906, 43.1555], [21.802, 43.1471], [21.8269, 43.1553], [21.8556, 43.1509], [21.8729, 43.1606], [21.8805, 43.1606], [21.8883, 43.1717], [21.9015, 43.159]]]}}, {"type": "Feature", "properties": {"slug": "gadzin-han", "name": "Gadžin Han"}, "geometry": {"type": "Polygon", "coordinates": [[[22.1433, 43.0669], [22.1606, 43.0724], [22.172, 43.071], [22.1777, 43.0653], [22.2101, 43.061], [22.2121, 43.0693], [22.2492, 43.1069], [22.2589, 43.1125], [22.2879, 43.1164], [22.2842, 43.1277], [22.2729, 43.1405], [22.2769, 43.1489], [22.2673, 43.1518], [22.2656, 43.1616], [22.2598, 43.1617], [22.2558, 43.1547], [22.2211, 43.155], [22.2173, 43.1607], [22.2193, 43.1649], [22.1905, 43.1722], [22.1791, 43.1807], [22.093, 43.2206], [22.0719, 43.2458], [22.0393, 43.2583], [22.0125, 43.2541], [22.0087, 43.2569], [22.0029, 43.2499], [21.9895, 43.2443], [21.9761, 43.2443], [21.9417, 43.2247], [21.934, 43.2289], [21.9302, 43.2373], [21.9206, 43.2359], [21.9091, 43.2135], [21.9091, 43.2065], [21.9015, 43.1996], [21.8996, 43.1632], [21.9148, 43.1464], [21.9109, 43.1381], [21.9262, 43.1422], [21.9378, 43.156], [21.9416, 43.1504], [21.9607, 43.1517], [21.9781, 43.1656], [21.9895, 43.1627], [22.0447, 43.1429], [22.0636, 43.1232], [22.0921, 43.1049], [22.1017, 43.1063], [22.1092, 43.0979], [22.1415, 43.0809], [22.1396, 43.0739], [22.1453, 43.0725], [22.1433, 43.0669]]]}}, {"type": "Feature", "properties": {"slug": "merosina", "name": "Merošina"}, "geometry": {"type": "Polygon", "coordinates": [[[21.7093, 43.3795], [21.7035, 43.3766], [21.6956, 43.3808], [21.6743, 43.3791], [21.6453, 43.3704], [21.6413, 43.3774], [21.6237, 43.3857], [21.6121, 43.3813], [21.6084, 43.3728], [21.5968, 43.3713], [21.593, 43.367], [21.5987, 43.3601], [21.5929, 43.3559], [21.5947, 43.3489], [21.5831, 43.3336], [21.5849, 43.3141], [21.5981, 43.2932], [21.6172, 43.2833], [21.6326, 43.286], [21.6383, 43.2818], [21.6152, 43.2735], [21.6113, 43.268], [21.6151, 43.2624], [21.6228, 43.2624], [21.6285, 43.2554], [21.6265, 43.2526], [21.638, 43.2511], [21.6494, 43.2399], [21.6571, 43.2413], [21.701, 43.2187], [21.705, 43.2369], [21.7012, 43.2425], [21.7051, 43.248], [21.6994, 43.2523], [21.7052, 43.262], [21.7244, 43.2633], [21.732, 43.2563], [21.7473, 43.2604], [21.7741, 43.2547], [21.7761, 43.2631], [21.7894, 43.2602], [21.7894, 43.2546], [21.7988, 43.2421], [21.8371, 43.2557], [21.8334, 43.2656], [21.8084, 43.2673], [21.8143, 43.2743], [21.8106, 43.2799], [21.7953, 43.2829], [21.7843, 43.3055], [21.7514, 43.299], [21.7382, 43.3104], [21.7271, 43.3274], [21.7451, 43.3496], [21.7207, 43.3737], [21.7093, 43.3795]]]}}, {"type": "Feature", "properties": {"slug": "razanj", "name": "Ražanj"}, "geometry": {"type": "Polygon", "coordinates": [[[21.546, 43.6066], [21.5612, 43.6196], [21.5605, 43.6365], [21.5802, 43.6327], [21.5899, 43.6357], [21.6, 43.6274], [21.6174, 43.632], [21.619, 43.6419], [21.6303, 43.652], [21.6214, 43.6815], [21.6307, 43.693], [21.6575, 43.709], [21.6654, 43.7078], [21.6884, 43.7181], [21.6925, 43.7279], [21.7062, 43.7319], [21.7008, 43.7474], [21.6913, 43.7545], [21.6701, 43.759], [21.6762, 43.7701], [21.6879, 43.7714], [21.7004, 43.7637], [21.7124, 43.7693], [21.7027, 43.7736], [21.7073, 43.7779], [21.6682, 43.8062], [21.6588, 43.8187], [21.6289, 43.8095], [21.6167, 43.8086], [21.6009, 43.8148], [21.5801, 43.8101], [21.5591, 43.8111], [21.5218, 43.789], [21.5116, 43.7947], [21.5102, 43.7869], [21.5052, 43.7831], [21.4855, 43.7786], [21.4832, 43.7535], [21.5046, 43.742], [21.526, 43.7233], [21.524, 43.7177], [21.5081, 43.7107], [21.502, 43.6922], [21.4961, 43.6909], [21.4903, 43.698], [21.4824, 43.6995], [21.4784, 43.691], [21.4685, 43.6868], [21.4643, 43.6698], [21.4701, 43.664], [21.478, 43.6654], [21.4858, 43.6596], [21.4953, 43.6354], [21.4892, 43.624], [21.5109, 43.6225], [21.5108, 43.6196], [21.4911, 43.6169], [21.4911, 43.6141], [21.4989, 43.6126], [21.5008, 43.6069], [21.5067, 43.6054], [21.5126, 43.6068], [21.5206, 43.6181], [21.5323, 43.6109], [21.5481, 43.6151], [21.546, 43.6066]]]}}, {"type": "Feature", "properties": {"slug": "svrljig", "name": "Svrljig"}, "geometry": {"type": "Polygon", "coordinates": [[[22.1358, 43.3482], [22.1571, 43.3522], [22.1918, 43.3505], [22.2014, 43.3476], [22.2147, 43.3363], [22.2588, 43.3275], [22.2821, 43.3328], [22.3052, 43.3298], [22.3187, 43.3339], [22.3285, 43.3408], [22.3249, 43.3577], [22.3387, 43.3757], [22.3379, 43.3836], [22.3317, 43.3886], [22.3399, 43.4002], [22.3368, 43.4111], [22.345, 43.4225], [22.343, 43.4481], [22.3215, 43.4563], [22.3197, 43.4619], [22.3138, 43.4606], [22.2996, 43.4716], [22.2939, 43.4708], [22.2889, 43.4611], [22.2688, 43.4472], [22.2481, 43.4608], [22.2333, 43.4595], [22.2385, 43.4715], [22.2183, 43.4797], [22.1993, 43.481], [22.1899, 43.4719], [22.1644, 43.4693], [22.1299, 43.4783], [22.1321, 43.4856], [22.128, 43.4898], [22.1137, 43.4913], [22.1036, 43.4998], [22.095, 43.4991], [22.0763, 43.5084], [22.063, 43.4986], [22.0447, 43.5096], [22.0429, 43.519], [22.0371, 43.5245], [22.0232, 43.5292], [22.0261, 43.54], [22.0351, 43.5491], [22.028, 43.5544], [22.0118, 43.5552], [22.0065, 43.5642], [21.9973, 43.5642], [21.9817, 43.5877], [21.9586, 43.5964], [21.9508, 43.5937], [21.9468, 43.5882], [21.9482, 43.5685], [21.9634, 43.557], [21.9711, 43.5569], [21.9823, 43.5399], [21.9744, 43.5344], [21.9647, 43.5345], [21.9494, 43.5431], [21.9298, 43.5336], [21.9181, 43.5337], [21.9142, 43.531], [21.9202, 43.524], [21.9203, 43.5141], [21.9165, 43.5099], [21.9187, 43.5], [21.9032, 43.497], [21.9053, 43.4858], [21.9302, 43.4687], [21.9282, 43.4645], [21.9373, 43.4489], [21.9544, 43.4359], [21.9599, 43.4273], [21.9613, 43.4104], [21.9824, 43.4008], [21.9878, 43.3905], [22.0479, 43.3892], [22.0652, 43.3847], [22.0709, 43.379], [22.1016, 43.3686], [22.1128, 43.3571], [22.1322, 43.3554], [22.1358, 43.3482]]]}}, {"type": "Feature", "properties": {"slug": "sokobanja", "name": "Sokobanja"}, "geometry": {"type": "Polygon", "coordinates": [[[21.7073, 43.7779], [21.7027, 43.7736], [21.7129, 43.7671], [21.7004, 43.7637], [21.6879, 43.7714], [21.6762, 43.7701], [21.6701, 43.759], [21.6913, 43.7545], [21.7008, 43.7474], [21.7062, 43.7319], [21.6925, 43.7279], [21.6884, 43.7181], [21.6959, 43.7082], [21.6916, 43.6928], [21.7067, 43.6786], [21.7065, 43.6716], [21.7122, 43.6673], [21.7121, 43.6603], [21.7195, 43.6489], [21.7387, 43.6431], [21.7576, 43.6245], [21.7516, 43.6148], [21.7513, 43.6064], [21.7763, 43.5962], [21.8229, 43.5983], [21.8381, 43.5869], [21.8498, 43.5909], [21.8462, 43.598], [21.8482, 43.6022], [21.854, 43.6007], [21.8712, 43.5906], [21.8765, 43.5709], [21.8822, 43.5666], [21.8819, 43.5568], [21.8972, 43.5481], [21.9046, 43.5339], [21.9142, 43.531], [21.9298, 43.5336], [21.9494, 43.5431], [21.9647, 43.5345], [21.9744, 43.5344], [21.9823, 43.5399], [21.9711, 43.5569], [21.9634, 43.557], [21.9482, 43.5685], [21.9468, 43.5882], [21.9508, 43.5937], [21.9586, 43.5964], [21.9817, 43.5877], [21.9942, 43.568], [22.0049, 43.5762], [22.0093, 43.5898], [22.0349, 43.6041], [22.0503, 43.6051], [22.0634, 43.5935], [22.0902, 43.5974], [22.0935, 43.6032], [22.0594, 43.6195], [22.0634, 43.6371], [22.0683, 43.6398], [22.0538, 43.6614], [22.061, 43.6697], [22.0609, 43.6864], [22.0446, 43.6978], [22.0236, 43.7049], [22.0233, 43.7101], [21.9638, 43.7135], [21.9534, 43.7175], [21.946, 43.7252], [21.9406, 43.7393], [21.9419, 43.7471], [21.9279, 43.7602], [21.9186, 43.7622], [21.9074, 43.7716], [21.8733, 43.7764], [21.8069, 43.7599], [21.7818, 43.7637], [21.7772, 43.7697], [21.7317, 43.7718], [21.7073, 43.7779]]]}}, {"type": "Feature", "properties": {"slug": "rekovac", "name": "Rekovac"}, "geometry": {"type": "Polygon", "coordinates": [[[20.9639, 43.7493], [20.9736, 43.7466], [20.9776, 43.7411], [20.9988, 43.744], [21.0083, 43.7497], [21.0336, 43.7401], [21.0684, 43.7391], [21.084, 43.728], [21.0918, 43.7281], [21.1013, 43.7351], [21.1305, 43.7242], [21.1381, 43.7299], [21.1478, 43.7286], [21.1497, 43.7328], [21.1555, 43.7328], [21.1474, 43.7509], [21.1473, 43.7621], [21.1548, 43.7719], [21.1666, 43.7636], [21.1762, 43.7637], [21.188, 43.754], [21.2013, 43.7667], [21.2129, 43.7668], [21.2147, 43.771], [21.2282, 43.7753], [21.232, 43.7823], [21.2512, 43.7853], [21.2605, 43.8063], [21.2682, 43.8105], [21.2681, 43.8189], [21.2604, 43.8294], [21.2606, 43.8409], [21.236, 43.8479], [21.2316, 43.853], [21.2245, 43.8499], [21.2239, 43.8537], [21.2141, 43.8572], [21.2159, 43.8603], [21.2104, 43.8598], [21.2091, 43.8636], [21.1815, 43.8752], [21.1766, 43.8843], [21.1547, 43.8874], [21.1344, 43.8848], [21.1308, 43.8876], [21.1338, 43.8936], [21.1198, 43.8959], [21.1135, 43.9036], [21.1157, 43.9136], [21.1001, 43.9096], [21.0812, 43.9162], [21.0709, 43.9141], [21.0455, 43.9289], [21.0344, 43.9245], [21.0285, 43.9173], [21.0186, 43.9187], [21.0166, 43.9173], [21.0246, 43.8916], [21.0404, 43.8859], [21.0365, 43.8759], [21.0385, 43.8717], [21.0246, 43.8716], [21.0148, 43.8588], [20.9811, 43.853], [20.9653, 43.8444], [20.9594, 43.8259], [20.9278, 43.8258], [20.9318, 43.823], [20.93, 43.816], [20.9381, 43.7896], [20.946, 43.7827], [20.9403, 43.7715], [20.9617, 43.7633], [20.9657, 43.7577], [20.9639, 43.7493]]]}}, {"type": "Feature", "properties": {"slug": "smederevska-palanka", "name": "Smederevska Palanka"}, "geometry": {"type": "Polygon", "coordinates": [[[20.8119, 44.5167], [20.812, 44.5025], [20.8318, 44.4955], [20.8318, 44.4913], [20.8418, 44.4857], [20.8378, 44.4814], [20.8398, 44.4786], [20.8517, 44.4744], [20.8558, 44.4674], [20.8538, 44.4575], [20.8381, 44.4419], [20.8302, 44.4404], [20.8024, 44.4488], [20.8004, 44.4531], [20.7945, 44.4488], [20.7846, 44.4488], [20.7807, 44.4431], [20.7648, 44.4445], [20.7728, 44.4318], [20.7688, 44.4318], [20.761, 44.4119], [20.7455, 44.3936], [20.7615, 44.3771], [20.7852, 44.3744], [20.8048, 44.3767], [20.8068, 44.3739], [20.8029, 44.3668], [20.795, 44.3682], [20.7831, 44.3639], [20.7851, 44.3582], [20.7792, 44.354], [20.7892, 44.3427], [20.7893, 44.3229], [20.8349, 44.3188], [20.8291, 44.2947], [20.837, 44.289], [20.8371, 44.2848], [20.8569, 44.282], [20.8628, 44.2877], [20.8687, 44.2849], [20.8708, 44.2764], [20.8747, 44.2764], [20.8747, 44.2835], [20.8806, 44.2821], [20.8847, 44.2722], [20.8906, 44.2693], [20.9084, 44.2765], [20.9163, 44.2708], [20.9183, 44.2737], [20.9342, 44.2695], [20.9361, 44.2751], [20.9618, 44.2752], [20.9638, 44.2809], [20.9678, 44.2767], [20.9856, 44.281], [20.9855, 44.2909], [20.9914, 44.2952], [20.9873, 44.3136], [20.9952, 44.332], [20.9951, 44.3363], [20.9812, 44.3405], [20.9868, 44.3477], [20.995, 44.3532], [21.0326, 44.3519], [21.0504, 44.3563], [21.0405, 44.3647], [21.0424, 44.3746], [21.0166, 44.3873], [21.0146, 44.3915], [21.0008, 44.3844], [20.9849, 44.3858], [20.9829, 44.3957], [20.9868, 44.3985], [20.9829, 44.3985], [20.9789, 44.407], [20.9808, 44.4112], [21.0341, 44.4411], [21.0321, 44.4453], [21.036, 44.4481], [21.0379, 44.4609], [21.032, 44.4609], [21.0339, 44.4665], [21.0299, 44.4792], [21.01, 44.4848], [21.016, 44.4891], [21.012, 44.4919], [21.0139, 44.4947], [21.0258, 44.5004], [21.0277, 44.5089], [21.0198, 44.5074], [21.0041, 44.4904], [20.9922, 44.4918], [20.9903, 44.4833], [20.9942, 44.4819], [20.9686, 44.4691], [20.9507, 44.4705], [20.9507, 44.4761], [20.9309, 44.486], [20.9347, 44.4973], [20.9584, 44.5101], [20.9564, 44.5143], [20.9147, 44.5325], [20.8751, 44.5338], [20.8277, 44.5252], [20.8178, 44.5167], [20.8119, 44.5167]]]}}, {"type": "Feature", "properties": {"slug": "velika-plana", "name": "Velika Plana"}, "geometry": {"type": "Polygon", "coordinates": [[[21.016, 44.4891], [21.01, 44.4848], [21.0299, 44.4792], [21.0339, 44.4665], [21.032, 44.4609], [21.0379, 44.4609], [21.036, 44.4481], [21.0321, 44.4453], [21.0341, 44.4411], [20.9808, 44.4112], [20.9789, 44.407], [20.9829, 44.3985], [20.9868, 44.3985], [20.9829, 44.3957], [20.9849, 44.3858], [21.0008, 44.3844], [21.0146, 44.3915], [21.0166, 44.3873], [21.0424, 44.3746], [21.0405, 44.3647], [21.0504, 44.3563], [21.0326, 44.3519], [20.995, 44.3532], [20.9812, 44.3405], [20.9951, 44.3363], [20.9873, 44.3136], [20.9914, 44.2952], [20.9855, 44.2909], [20.9856, 44.281], [20.9935, 44.2796], [20.9916, 44.2597], [20.9976, 44.2583], [20.9937, 44.2541], [21.0413, 44.2372], [21.0572, 44.2302], [21.0592, 44.2259], [21.1582, 44.2248], [21.16, 44.239], [21.1719, 44.2504], [21.1599, 44.2617], [21.1618, 44.2716], [21.144, 44.2673], [21.1321, 44.2786], [21.1459, 44.2815], [21.1598, 44.2773], [21.1618, 44.283], [21.1479, 44.2843], [21.1399, 44.2956], [21.126, 44.3013], [21.1279, 44.3069], [21.1517, 44.3056], [21.1556, 44.3127], [21.1457, 44.324], [21.1279, 44.3225], [21.1259, 44.3253], [21.1357, 44.331], [21.1357, 44.3395], [21.1396, 44.341], [21.1456, 44.3396], [21.1436, 44.3311], [21.1614, 44.3439], [21.1654, 44.3396], [21.1752, 44.3425], [21.1731, 44.3487], [21.1775, 44.3574], [21.1734, 44.3642], [21.1684, 44.3644], [21.1683, 44.3691], [21.1642, 44.3692], [21.164, 44.374], [21.1392, 44.374], [21.1323, 44.3789], [21.1214, 44.379], [21.1185, 44.3861], [21.126, 44.3884], [21.1305, 44.4011], [21.1448, 44.4068], [21.1355, 44.4104], [21.1229, 44.4085], [21.118, 44.4125], [21.1375, 44.4213], [21.1455, 44.4315], [21.1581, 44.4332], [21.1637, 44.4277], [21.1699, 44.4277], [21.169, 44.4389], [21.1559, 44.4501], [21.1705, 44.4537], [21.1718, 44.4576], [21.1663, 44.4609], [21.1541, 44.4585], [21.1467, 44.4646], [21.171, 44.4736], [21.1549, 44.4847], [21.1593, 44.4979], [21.1429, 44.5033], [21.1433, 44.5148], [21.1343, 44.5161], [21.1278, 44.5125], [21.1244, 44.5043], [21.1069, 44.4972], [21.1017, 44.4886], [21.0757, 44.4792], [21.0496, 44.4892], [21.0437, 44.4863], [21.0417, 44.4906], [21.016, 44.4891]]]}}, {"type": "Feature", "properties": {"slug": "arandjelovac", "name": "Aranđelovac"}, "geometry": {"type": "Polygon", "coordinates": [[[20.3993, 44.3131], [20.4048, 44.3118], [20.4163, 44.3189], [20.4261, 44.3177], [20.4243, 44.3107], [20.4305, 44.2982], [20.423, 44.2883], [20.4253, 44.2758], [20.4413, 44.2634], [20.4393, 44.2577], [20.4532, 44.2506], [20.4493, 44.2492], [20.4493, 44.2407], [20.4453, 44.2364], [20.4513, 44.2294], [20.4514, 44.2081], [20.4553, 44.201], [20.4653, 44.1982], [20.4712, 44.201], [20.4791, 44.1953], [20.4791, 44.2024], [20.487, 44.201], [20.4949, 44.2067], [20.4949, 44.2038], [20.5048, 44.2052], [20.5146, 44.201], [20.5462, 44.201], [20.5718, 44.2251], [20.5836, 44.2279], [20.5876, 44.235], [20.6073, 44.2208], [20.6191, 44.2194], [20.6369, 44.235], [20.6132, 44.2505], [20.6033, 44.2618], [20.5935, 44.2632], [20.5974, 44.266], [20.6507, 44.2647], [20.6645, 44.2703], [20.6645, 44.2872], [20.6506, 44.3014], [20.6565, 44.3254], [20.6684, 44.3254], [20.6684, 44.331], [20.6506, 44.3395], [20.6605, 44.3437], [20.6624, 44.3479], [20.6565, 44.3522], [20.6604, 44.3593], [20.6425, 44.3634], [20.6365, 44.3804], [20.6384, 44.3861], [20.6325, 44.3875], [20.6364, 44.3974], [20.6166, 44.3987], [20.6158, 44.3954], [20.5907, 44.3887], [20.5712, 44.3868], [20.5562, 44.3779], [20.5498, 44.3806], [20.5443, 44.3994], [20.5487, 44.4169], [20.5174, 44.4239], [20.5076, 44.4196], [20.4917, 44.421], [20.4917, 44.4252], [20.4778, 44.4337], [20.452, 44.4421], [20.4421, 44.4378], [20.4342, 44.4265], [20.4224, 44.4264], [20.4125, 44.4193], [20.4185, 44.4038], [20.4305, 44.3953], [20.4444, 44.3925], [20.4424, 44.3897], [20.4524, 44.3798], [20.4346, 44.3741], [20.4149, 44.3557], [20.3993, 44.3131]]]}}, {"type": "Feature", "properties": {"slug": "batocina", "name": "Batočina"}, "geometry": {"type": "Polygon", "coordinates": [[[21.1831, 44.1232], [21.1795, 44.1426], [21.1691, 44.1452], [21.1461, 44.1418], [21.1403, 44.1461], [21.1169, 44.1494], [21.1129, 44.1551], [21.0713, 44.1748], [21.0513, 44.196], [21.0295, 44.196], [21.0276, 44.1903], [21.0315, 44.186], [21.0157, 44.1803], [21.0137, 44.1746], [21.0217, 44.1689], [21.0177, 44.1632], [21.0019, 44.1675], [20.99, 44.166], [20.984, 44.1575], [20.9781, 44.1603], [20.9741, 44.1574], [20.9781, 44.1518], [20.9523, 44.1474], [20.9524, 44.1375], [20.9643, 44.129], [20.9643, 44.1247], [20.9782, 44.1205], [20.9823, 44.1092], [20.9882, 44.1064], [20.9922, 44.0979], [20.9962, 44.1007], [21.0021, 44.0979], [20.9982, 44.0908], [20.9962, 44.0936], [20.9745, 44.0907], [20.9745, 44.0864], [20.9805, 44.0822], [21.024, 44.0852], [21.0399, 44.0782], [21.0419, 44.0696], [21.0539, 44.0661], [21.0742, 44.0694], [21.0768, 44.073], [21.0848, 44.0713], [21.0813, 44.0796], [21.1361, 44.0978], [21.1432, 44.1118], [21.155, 44.1165], [21.155, 44.1229], [21.1831, 44.1232]]]}}, {"type": "Feature", "properties": {"slug": "knic", "name": "Knić"}, "geometry": {"type": "Polygon", "coordinates": [[[20.9099, 43.8486], [20.9098, 43.8586], [20.9157, 43.8715], [20.9137, 43.88], [20.9058, 43.8814], [20.8939, 43.8743], [20.884, 43.8757], [20.88, 43.8871], [20.8701, 43.8914], [20.8721, 43.8999], [20.8602, 43.9113], [20.8503, 43.9113], [20.8463, 43.917], [20.8482, 43.927], [20.8027, 43.9383], [20.7927, 43.9725], [20.7926, 43.9868], [20.7787, 43.9939], [20.7886, 44.0039], [20.7846, 44.0153], [20.7747, 44.0195], [20.749, 44.0195], [20.7509, 44.0223], [20.7351, 44.0152], [20.7133, 44.018], [20.7113, 44.0208], [20.739, 44.0422], [20.735, 44.0494], [20.735, 44.0422], [20.7212, 44.0508], [20.6934, 44.0536], [20.6914, 44.0592], [20.6875, 44.0578], [20.6815, 44.0649], [20.6637, 44.0706], [20.6657, 44.0578], [20.6558, 44.0393], [20.6499, 44.0335], [20.638, 44.0307], [20.6381, 44.0207], [20.6302, 44.0193], [20.6202, 44.0292], [20.6123, 44.0264], [20.6123, 44.0207], [20.5965, 44.0078], [20.5808, 43.9864], [20.557, 43.975], [20.5531, 43.9679], [20.5472, 43.9679], [20.5571, 43.9565], [20.5551, 43.9493], [20.5631, 43.9465], [20.5651, 43.9308], [20.569, 43.9323], [20.571, 43.9266], [20.5948, 43.9223], [20.6047, 43.9166], [20.6266, 43.8853], [20.6484, 43.8753], [20.6683, 43.8525], [20.6782, 43.8525], [20.6723, 43.8411], [20.6763, 43.834], [20.6921, 43.8283], [20.6921, 43.8211], [20.706, 43.8126], [20.7041, 43.8097], [20.708, 43.804], [20.716, 43.8012], [20.7457, 43.7955], [20.7714, 43.7998], [20.7734, 43.8041], [20.7872, 43.8084], [20.7892, 43.8199], [20.7872, 43.8256], [20.7773, 43.8298], [20.7752, 43.8427], [20.795, 43.8499], [20.8326, 43.8528], [20.8544, 43.8457], [20.8643, 43.8485], [20.8564, 43.8571], [20.8584, 43.86], [20.8762, 43.86], [20.8782, 43.8557], [20.894, 43.8486], [20.9019, 43.8515], [20.9099, 43.8486]]]}}, {"type": "Feature", "properties": {"slug": "raca", "name": "Rača"}, "geometry": {"type": "Polygon", "coordinates": [[[20.9524, 44.1375], [20.9523, 44.1474], [20.9781, 44.1518], [20.9741, 44.1574], [20.9781, 44.1603], [20.984, 44.1575], [20.99, 44.166], [21.0019, 44.1675], [21.0177, 44.1632], [21.0217, 44.1689], [21.0137, 44.1746], [21.0157, 44.1803], [21.0315, 44.186], [21.0276, 44.1903], [21.0295, 44.196], [21.0514, 44.1946], [21.0474, 44.2017], [21.0295, 44.2017], [21.0196, 44.2073], [21.0215, 44.213], [21.0413, 44.2159], [21.0592, 44.2259], [21.0572, 44.2302], [20.9937, 44.2541], [20.9976, 44.2583], [20.9916, 44.2597], [20.9935, 44.2796], [20.9856, 44.281], [20.9678, 44.2767], [20.9638, 44.2809], [20.9618, 44.2752], [20.9361, 44.2751], [20.9342, 44.2695], [20.9183, 44.2737], [20.9163, 44.2708], [20.9084, 44.2765], [20.8906, 44.2693], [20.8847, 44.2722], [20.8806, 44.2821], [20.8747, 44.2835], [20.8747, 44.2764], [20.8708, 44.2764], [20.8687, 44.2849], [20.8628, 44.2877], [20.8569, 44.282], [20.8371, 44.2848], [20.8173, 44.2678], [20.8173, 44.2593], [20.8074, 44.2451], [20.8094, 44.2409], [20.8055, 44.2324], [20.8173, 44.2253], [20.8213, 44.2125], [20.8272, 44.2154], [20.8352, 44.2083], [20.8352, 44.1969], [20.8391, 44.2083], [20.845, 44.204], [20.845, 44.1984], [20.8391, 44.1941], [20.847, 44.1913], [20.8372, 44.187], [20.8451, 44.1828], [20.8411, 44.1785], [20.8669, 44.1743], [20.8808, 44.1857], [20.8927, 44.1815], [20.8848, 44.1786], [20.8848, 44.1715], [20.8788, 44.1772], [20.8748, 44.1757], [20.8828, 44.1629], [20.8769, 44.1615], [20.8809, 44.1573], [20.8651, 44.143], [20.8711, 44.1316], [20.887, 44.1245], [20.885, 44.1188], [20.8929, 44.1131], [20.9048, 44.116], [20.9246, 44.136], [20.9405, 44.1332], [20.9425, 44.1374], [20.9524, 44.1375]]]}}, {"type": "Feature", "properties": {"slug": "topola", "name": "Topola"}, "geometry": {"type": "Polygon", "coordinates": [[[20.8352, 44.1757], [20.8451, 44.1828], [20.8372, 44.187], [20.847, 44.1913], [20.8391, 44.1941], [20.845, 44.1984], [20.845, 44.204], [20.8391, 44.2083], [20.8352, 44.1969], [20.8352, 44.2083], [20.8272, 44.2154], [20.8213, 44.2125], [20.8173, 44.2253], [20.8055, 44.2324], [20.8094, 44.2409], [20.8074, 44.2451], [20.8173, 44.2593], [20.8173, 44.2678], [20.8371, 44.2848], [20.837, 44.289], [20.8291, 44.2947], [20.829, 44.3032], [20.8369, 44.3173], [20.7893, 44.3229], [20.7873, 44.3285], [20.7714, 44.3299], [20.7595, 44.3355], [20.7496, 44.3468], [20.7238, 44.3467], [20.7237, 44.3595], [20.7198, 44.3609], [20.702, 44.3566], [20.698, 44.3608], [20.6624, 44.3479], [20.6506, 44.3395], [20.6684, 44.331], [20.6684, 44.3254], [20.6565, 44.3254], [20.6506, 44.3014], [20.6645, 44.2872], [20.6645, 44.2703], [20.6507, 44.2647], [20.5974, 44.266], [20.5935, 44.2632], [20.6033, 44.2618], [20.6132, 44.2505], [20.6369, 44.235], [20.625, 44.2279], [20.6231, 44.2223], [20.6073, 44.2208], [20.5876, 44.235], [20.5836, 44.2279], [20.5757, 44.2279], [20.5521, 44.2038], [20.5422, 44.1996], [20.4949, 44.2038], [20.4949, 44.2067], [20.487, 44.201], [20.4791, 44.2024], [20.4811, 44.1968], [20.4732, 44.1797], [20.4812, 44.174], [20.501, 44.1755], [20.5148, 44.1684], [20.5287, 44.1585], [20.5486, 44.1273], [20.5604, 44.1415], [20.5802, 44.1472], [20.5921, 44.1557], [20.6197, 44.1586], [20.6336, 44.1699], [20.6434, 44.1713], [20.6415, 44.177], [20.6474, 44.1884], [20.6869, 44.187], [20.6968, 44.1785], [20.7027, 44.1813], [20.7186, 44.1756], [20.7205, 44.1714], [20.7284, 44.1714], [20.7324, 44.1643], [20.7561, 44.17], [20.7798, 44.17], [20.7798, 44.1657], [20.7917, 44.1714], [20.8134, 44.1643], [20.8372, 44.1672], [20.8352, 44.1757]]]}}, {"type": "Feature", "properties": {"slug": "gornji-milanovac", "name": "Gornji Milanovac"}, "geometry": {"type": "Polygon", "coordinates": [[[20.5486, 44.1273], [20.5287, 44.1585], [20.501, 44.1755], [20.4812, 44.174], [20.4752, 44.1769], [20.4752, 44.1896], [20.4791, 44.1953], [20.4712, 44.201], [20.4653, 44.1982], [20.4553, 44.201], [20.4494, 44.2166], [20.4513, 44.2294], [20.4453, 44.2364], [20.4493, 44.2407], [20.4493, 44.2492], [20.4532, 44.2506], [20.4393, 44.2577], [20.4413, 44.2634], [20.4373, 44.2662], [20.4258, 44.2605], [20.426, 44.2521], [20.4127, 44.2421], [20.4207, 44.2353], [20.4189, 44.2296], [20.3954, 44.2307], [20.3916, 44.2278], [20.3847, 44.197], [20.371, 44.1996], [20.3517, 44.1937], [20.3446, 44.1685], [20.3175, 44.1639], [20.3117, 44.1596], [20.3063, 44.1455], [20.2654, 44.1421], [20.2539, 44.1364], [20.2402, 44.1389], [20.1877, 44.1354], [20.1781, 44.1296], [20.1763, 44.1254], [20.1802, 44.1227], [20.1745, 44.1184], [20.1413, 44.1207], [20.1396, 44.1123], [20.1477, 44.1012], [20.142, 44.0955], [20.134, 44.1024], [20.1284, 44.0967], [20.1166, 44.0993], [20.1085, 44.109], [20.1027, 44.1061], [20.0714, 44.1113], [20.0891, 44.0932], [20.0795, 44.0778], [20.0777, 44.0638], [20.0818, 44.0429], [20.0917, 44.0318], [20.0898, 44.0262], [20.0937, 44.0206], [20.0744, 44.0107], [20.0706, 44.0009], [20.0882, 43.994], [20.0824, 43.9884], [20.0864, 43.9829], [20.1099, 43.9648], [20.1273, 43.976], [20.1737, 43.9579], [20.1795, 43.9648], [20.1873, 43.9635], [20.1931, 43.9718], [20.2027, 43.969], [20.2027, 43.9649], [20.2163, 43.9649], [20.2472, 43.9872], [20.2472, 44.0025], [20.253, 44.0094], [20.2743, 43.9941], [20.3091, 43.9997], [20.3188, 43.9956], [20.3323, 44.0011], [20.342, 43.9886], [20.3498, 43.9914], [20.3672, 43.9775], [20.3633, 43.965], [20.3653, 43.9524], [20.3711, 43.9441], [20.3788, 43.9441], [20.3866, 43.9511], [20.3982, 43.9455], [20.4059, 43.9594], [20.4175, 43.9678], [20.4349, 43.9636], [20.4485, 43.9748], [20.4504, 43.9817], [20.4659, 43.9803], [20.4678, 43.9734], [20.4794, 43.965], [20.4833, 43.9706], [20.5065, 43.9651], [20.5201, 43.9692], [20.5297, 43.9651], [20.5433, 43.9693], [20.5531, 43.9679], [20.557, 43.975], [20.5808, 43.9864], [20.5965, 44.0078], [20.6123, 44.0207], [20.6123, 44.0264], [20.6202, 44.0292], [20.6302, 44.0193], [20.6381, 44.0207], [20.638, 44.0307], [20.6499, 44.0335], [20.6558, 44.0421], [20.6161, 44.0719], [20.5963, 44.0833], [20.5804, 44.0847], [20.5586, 44.0988], [20.5507, 44.1059], [20.5486, 44.1273]]]}}, {"type": "Feature", "properties": {"slug": "ivanjica", "name": "Ivanjica"}, "geometry": {"type": "Polygon", "coordinates": [[[20.3955, 43.6164], [20.3858, 43.6306], [20.3721, 43.6292], [20.3702, 43.6335], [20.3546, 43.6364], [20.341, 43.6505], [20.3233, 43.6464], [20.296, 43.6493], [20.2803, 43.6437], [20.2785, 43.6607], [20.2551, 43.6707], [20.2433, 43.6679], [20.2336, 43.6707], [20.2277, 43.6665], [20.2218, 43.6708], [20.2023, 43.6709], [20.1926, 43.6666], [20.1908, 43.6553], [20.1811, 43.6525], [20.1597, 43.6608], [20.1325, 43.6592], [20.111, 43.6661], [20.1169, 43.6606], [20.1092, 43.6577], [20.1093, 43.6479], [20.1171, 43.6409], [20.1114, 43.6324], [20.1134, 43.6268], [20.1037, 43.6225], [20.0648, 43.6251], [20.0378, 43.6039], [20.0262, 43.6024], [20.0204, 43.5939], [20.0146, 43.5939], [20.0167, 43.584], [20.0128, 43.5784], [19.9799, 43.5698], [19.974, 43.5712], [19.976, 43.574], [19.9642, 43.5852], [19.9505, 43.5879], [19.9409, 43.5808], [19.939, 43.5752], [19.943, 43.571], [19.9159, 43.5553], [19.916, 43.5511], [19.9238, 43.5469], [19.9278, 43.5343], [19.9454, 43.5217], [19.9804, 43.5191], [19.9805, 43.5106], [19.9882, 43.5135], [19.9825, 43.5078], [19.9844, 43.505], [20.0078, 43.5037], [20.0292, 43.4954], [20.0452, 43.4517], [20.0589, 43.4434], [20.057, 43.4363], [20.065, 43.418], [20.0827, 43.4011], [20.0886, 43.3899], [20.1042, 43.3829], [20.1102, 43.3745], [20.1044, 43.3716], [20.1044, 43.3674], [20.1221, 43.3505], [20.1221, 43.3449], [20.1086, 43.3349], [20.1438, 43.3111], [20.1594, 43.3126], [20.1651, 43.3182], [20.1768, 43.3211], [20.1943, 43.3198], [20.1981, 43.3241], [20.2331, 43.3229], [20.2447, 43.3328], [20.266, 43.3343], [20.2679, 43.3386], [20.2836, 43.3288], [20.3014, 43.3105], [20.3112, 43.2923], [20.3306, 43.2797], [20.3538, 43.2742], [20.3634, 43.2813], [20.3556, 43.2911], [20.3632, 43.3052], [20.3883, 43.3123], [20.3902, 43.3207], [20.4056, 43.3264], [20.4035, 43.3376], [20.417, 43.3475], [20.4266, 43.3462], [20.4306, 43.3378], [20.4344, 43.3392], [20.4382, 43.3462], [20.4362, 43.3546], [20.4458, 43.3673], [20.4457, 43.3785], [20.4379, 43.3813], [20.434, 43.3897], [20.4359, 43.3925], [20.4456, 43.3912], [20.4474, 43.3982], [20.4436, 43.401], [20.432, 43.3939], [20.4243, 43.3967], [20.4165, 43.4107], [20.4338, 43.4164], [20.4241, 43.4205], [20.4201, 43.4317], [20.4334, 43.464], [20.4023, 43.4947], [20.3964, 43.5059], [20.3634, 43.5225], [20.3556, 43.5337], [20.3459, 43.5351], [20.342, 43.5435], [20.3362, 43.542], [20.3362, 43.5504], [20.3284, 43.549], [20.3303, 43.5532], [20.3419, 43.5546], [20.3803, 43.5786], [20.3918, 43.5912], [20.3917, 43.6108], [20.3955, 43.6164]]]}}, {"type": "Feature", "properties": {"slug": "lucani", "name": "Lučani"}, "geometry": {"type": "Polygon", "coordinates": [[[20.4274, 43.7297], [20.4098, 43.7311], [20.3921, 43.7566], [20.3941, 43.7651], [20.3882, 43.7736], [20.3824, 43.7736], [20.3706, 43.7835], [20.3647, 43.7962], [20.3667, 43.8004], [20.3608, 43.8033], [20.3608, 43.8075], [20.3334, 43.8273], [20.3255, 43.8231], [20.3216, 43.8301], [20.2961, 43.84], [20.2628, 43.8768], [20.2511, 43.8753], [20.2295, 43.8866], [20.2217, 43.8965], [20.2021, 43.9022], [20.2001, 43.9064], [20.1882, 43.8971], [20.1798, 43.8977], [20.1805, 43.9022], [20.1475, 43.8922], [20.1358, 43.8964], [20.1223, 43.8935], [20.1243, 43.8865], [20.1147, 43.878], [20.1205, 43.8725], [20.1109, 43.8668], [20.1149, 43.8584], [20.1246, 43.8543], [20.1188, 43.8486], [20.1247, 43.8459], [20.1287, 43.8361], [20.16, 43.811], [20.1465, 43.8039], [20.1447, 43.7941], [20.1369, 43.7913], [20.1448, 43.7857], [20.1547, 43.7689], [20.1489, 43.7576], [20.1705, 43.7423], [20.1958, 43.734], [20.194, 43.7228], [20.1882, 43.7157], [20.1942, 43.7045], [20.1806, 43.6988], [20.1788, 43.6918], [20.1983, 43.6849], [20.2042, 43.6694], [20.2218, 43.6708], [20.2277, 43.6665], [20.2336, 43.6707], [20.2433, 43.6679], [20.2551, 43.6707], [20.2785, 43.6607], [20.2803, 43.6437], [20.296, 43.6493], [20.3233, 43.6464], [20.341, 43.6505], [20.3546, 43.6364], [20.3702, 43.6335], [20.3721, 43.6292], [20.3858, 43.6306], [20.3955, 43.6164], [20.4012, 43.6262], [20.3837, 43.6387], [20.3855, 43.6499], [20.4201, 43.6696], [20.4299, 43.6613], [20.4376, 43.6613], [20.4453, 43.6655], [20.4547, 43.6865], [20.4469, 43.7018], [20.4507, 43.706], [20.4487, 43.72], [20.441, 43.7172], [20.4274, 43.7297]]]}}, {"type": "Feature", "properties": {"slug": "lajkovac", "name": "Lajkovac"}, "geometry": {"type": "Polygon", "coordinates": [[[20.0782, 44.3159], [20.1052, 44.3234], [20.127, 44.3156], [20.1366, 44.3186], [20.1446, 44.3132], [20.1494, 44.2923], [20.1638, 44.2759], [20.1871, 44.2792], [20.2031, 44.2698], [20.2107, 44.2742], [20.2266, 44.2704], [20.2264, 44.2746], [20.2204, 44.2772], [20.2158, 44.2926], [20.2253, 44.2998], [20.2231, 44.3069], [20.2152, 44.3111], [20.2231, 44.314], [20.2052, 44.3238], [20.2052, 44.3309], [20.2131, 44.3295], [20.2091, 44.3324], [20.2111, 44.3366], [20.2031, 44.338], [20.2032, 44.3338], [20.1972, 44.3323], [20.1913, 44.3351], [20.1952, 44.3408], [20.1873, 44.3436], [20.1971, 44.3507], [20.2248, 44.3522], [20.2089, 44.3678], [20.2128, 44.372], [20.2029, 44.3748], [20.2029, 44.3833], [20.2048, 44.3904], [20.2147, 44.3933], [20.2087, 44.3989], [20.2087, 44.406], [20.2146, 44.406], [20.2126, 44.4116], [20.2244, 44.4216], [20.2363, 44.423], [20.2422, 44.4315], [20.2421, 44.4442], [20.2461, 44.4428], [20.2421, 44.4471], [20.244, 44.4499], [20.2321, 44.4527], [20.2282, 44.4583], [20.2381, 44.4584], [20.238, 44.464], [20.2321, 44.464], [20.236, 44.4697], [20.2439, 44.4711], [20.236, 44.4753], [20.2439, 44.4796], [20.2438, 44.4838], [20.2379, 44.4866], [20.2418, 44.4965], [20.2319, 44.4979], [20.2262, 44.4895], [20.2068, 44.4838], [20.1973, 44.474], [20.2015, 44.4519], [20.1802, 44.4461], [20.1687, 44.4377], [20.1532, 44.4362], [20.1476, 44.4236], [20.1262, 44.4207], [20.1323, 44.4082], [20.1228, 44.3942], [20.1111, 44.3927], [20.0855, 44.4161], [20.0757, 44.4161], [20.0642, 44.409], [20.051, 44.3853], [20.0474, 44.3658], [20.0549, 44.3523], [20.0573, 44.3369], [20.0751, 44.3252], [20.0782, 44.3159]]]}}, {"type": "Feature", "properties": {"slug": "ljig", "name": "Ljig"}, "geometry": {"type": "Polygon", "coordinates": [[[20.2251, 44.3027], [20.2158, 44.2926], [20.2204, 44.2772], [20.2264, 44.2746], [20.2266, 44.2704], [20.2107, 44.2742], [20.18, 44.2594], [20.1841, 44.2539], [20.2, 44.2514], [20.2021, 44.2473], [20.181, 44.2369], [20.1795, 44.227], [20.1721, 44.217], [20.1865, 44.2033], [20.1791, 44.1918], [20.1636, 44.1887], [20.1465, 44.1756], [20.1372, 44.1627], [20.1513, 44.156], [20.1537, 44.1462], [20.1619, 44.1393], [20.1604, 44.128], [20.1647, 44.1196], [20.1745, 44.1184], [20.1802, 44.1227], [20.1763, 44.1254], [20.1781, 44.1296], [20.1877, 44.1354], [20.2402, 44.1389], [20.2539, 44.1364], [20.2654, 44.1421], [20.3063, 44.1455], [20.3117, 44.1596], [20.3175, 44.1639], [20.3446, 44.1685], [20.3517, 44.1937], [20.371, 44.1996], [20.3847, 44.197], [20.3916, 44.2278], [20.3954, 44.2307], [20.4189, 44.2296], [20.4207, 44.2353], [20.4127, 44.2421], [20.426, 44.2521], [20.4258, 44.2605], [20.4373, 44.2662], [20.4253, 44.2758], [20.4231, 44.2856], [20.4305, 44.2982], [20.4243, 44.3107], [20.4261, 44.3177], [20.4163, 44.3189], [20.4048, 44.3118], [20.3894, 44.3173], [20.3815, 44.3102], [20.3676, 44.3102], [20.3637, 44.2988], [20.3499, 44.2889], [20.3243, 44.2746], [20.3025, 44.2802], [20.2907, 44.2632], [20.2748, 44.2702], [20.2748, 44.2787], [20.2609, 44.2758], [20.253, 44.2801], [20.2549, 44.2872], [20.247, 44.2871], [20.2371, 44.2928], [20.239, 44.297], [20.2331, 44.297], [20.237, 44.3013], [20.2251, 44.3027]]]}}, {"type": "Feature", "properties": {"slug": "mionica", "name": "Mionica"}, "geometry": {"type": "Polygon", "coordinates": [[[20.0186, 44.1175], [20.0498, 44.1166], [20.1027, 44.1061], [20.1085, 44.109], [20.1166, 44.0993], [20.1284, 44.0967], [20.134, 44.1024], [20.142, 44.0955], [20.1477, 44.1012], [20.1396, 44.1123], [20.1413, 44.1207], [20.1647, 44.1196], [20.1604, 44.128], [20.1619, 44.1393], [20.1537, 44.1462], [20.1513, 44.156], [20.1372, 44.1627], [20.1465, 44.1756], [20.1636, 44.1887], [20.1791, 44.1918], [20.1865, 44.2033], [20.1721, 44.217], [20.1795, 44.227], [20.181, 44.2369], [20.2021, 44.2473], [20.2, 44.2514], [20.1841, 44.2539], [20.18, 44.2594], [20.1933, 44.2682], [20.2031, 44.2698], [20.2009, 44.2739], [20.1871, 44.2792], [20.1638, 44.2759], [20.1494, 44.2923], [20.1446, 44.3132], [20.1366, 44.3186], [20.127, 44.3156], [20.1052, 44.3234], [20.0782, 44.3159], [20.079, 44.2977], [20.0653, 44.3002], [20.0368, 44.2828], [20.029, 44.2813], [20.0054, 44.2877], [19.9824, 44.2774], [20.0005, 44.2653], [19.9994, 44.2443], [19.9827, 44.2258], [19.971, 44.2255], [19.9539, 44.2153], [19.9608, 44.2092], [19.947, 44.1942], [19.9401, 44.1731], [19.9485, 44.1593], [19.9453, 44.1452], [19.9516, 44.1328], [19.9575, 44.1315], [19.9671, 44.1359], [20.016, 44.1328], [20.0186, 44.1175]]]}}, {"type": "Feature", "properties": {"slug": "osecina", "name": "Osečina"}, "geometry": {"type": "Polygon", "coordinates": [[[19.6489, 44.4474], [19.6375, 44.4387], [19.616, 44.4369], [19.6037, 44.4478], [19.5776, 44.4613], [19.5697, 44.4612], [19.5501, 44.4524], [19.5342, 44.455], [19.5145, 44.4505], [19.5008, 44.4432], [19.5109, 44.4363], [19.5228, 44.435], [19.529, 44.4252], [19.5154, 44.4179], [19.5063, 44.3881], [19.5005, 44.3809], [19.4868, 44.3765], [19.4768, 44.3777], [19.473, 44.372], [19.4774, 44.3565], [19.4873, 44.3552], [19.4912, 44.3595], [19.5011, 44.3596], [19.5053, 44.3512], [19.5014, 44.3469], [19.5134, 44.3442], [19.5196, 44.3372], [19.4922, 44.3226], [19.4784, 44.3196], [19.4711, 44.2968], [19.4477, 44.2837], [19.4538, 44.2781], [19.452, 44.2681], [19.4362, 44.2665], [19.4641, 44.2597], [19.4662, 44.2555], [19.4921, 44.2473], [19.5099, 44.2489], [19.5319, 44.2364], [19.5517, 44.2366], [19.5817, 44.2228], [19.5939, 44.2088], [19.592, 44.2059], [19.5999, 44.2074], [19.6014, 44.2232], [19.619, 44.2348], [19.6184, 44.2576], [19.6, 44.2731], [19.6079, 44.2774], [19.6298, 44.2763], [19.6356, 44.2821], [19.6314, 44.2892], [19.6371, 44.3021], [19.661, 44.2996], [19.6748, 44.3041], [19.6786, 44.3112], [19.6886, 44.3114], [19.6864, 44.3185], [19.6522, 44.3294], [19.6581, 44.3337], [19.6616, 44.3494], [19.6776, 44.3468], [19.6814, 44.3526], [19.6844, 44.3882], [19.6801, 44.4009], [19.6837, 44.4124], [19.6755, 44.4222], [19.6593, 44.4305], [19.6631, 44.4377], [19.6569, 44.4461], [19.6489, 44.4474]]]}}, {"type": "Feature", "properties": {"slug": "ub", "name": "Ub"}, "geometry": {"type": "Polygon", "coordinates": [[[20.0495, 44.3603], [20.051, 44.3853], [20.0585, 44.402], [20.0757, 44.4161], [20.0855, 44.4161], [20.1111, 44.3927], [20.1189, 44.3928], [20.1323, 44.4082], [20.1262, 44.4207], [20.1476, 44.4236], [20.1532, 44.4362], [20.1687, 44.4377], [20.1802, 44.4461], [20.2015, 44.4519], [20.1973, 44.474], [20.2068, 44.4838], [20.2262, 44.4895], [20.2378, 44.5078], [20.2299, 44.5064], [20.2338, 44.5092], [20.2239, 44.512], [20.2219, 44.5078], [20.206, 44.5162], [20.2159, 44.519], [20.2139, 44.5219], [20.204, 44.5204], [20.2139, 44.5317], [20.2118, 44.5388], [20.2059, 44.5402], [20.2098, 44.5472], [20.2019, 44.5515], [20.2097, 44.5628], [20.1978, 44.5698], [20.1879, 44.5655], [20.184, 44.5585], [20.186, 44.5472], [20.1506, 44.5146], [20.1427, 44.5117], [20.1327, 44.5258], [20.1168, 44.5357], [20.1148, 44.5469], [20.1108, 44.5483], [20.1088, 44.5455], [20.089, 44.5483], [20.085, 44.5525], [20.0771, 44.5482], [20.0693, 44.5299], [20.0595, 44.5242], [20.0337, 44.5326], [20.0198, 44.5424], [20.0099, 44.5353], [20.0019, 44.5466], [19.988, 44.5522], [19.984, 44.5578], [19.982, 44.5677], [19.9898, 44.5804], [19.9838, 44.5889], [19.9531, 44.5757], [19.9318, 44.5724], [19.91, 44.5803], [19.8738, 44.5614], [19.8671, 44.5361], [19.8715, 44.5236], [19.8835, 44.5182], [19.888, 44.5043], [19.8786, 44.4943], [19.8794, 44.4747], [19.8741, 44.462], [19.8646, 44.4534], [19.8649, 44.4478], [19.8553, 44.442], [19.8596, 44.4323], [19.8753, 44.4255], [19.8774, 44.4144], [19.8931, 44.4089], [19.8874, 44.4006], [19.8932, 44.3992], [19.8974, 44.3798], [19.9167, 44.3939], [19.9226, 44.3897], [19.9227, 44.3828], [19.9345, 44.3759], [19.9616, 44.379], [19.9674, 44.3832], [19.9714, 44.3777], [19.9772, 44.3777], [19.9868, 44.3833], [19.9928, 44.3778], [20.0025, 44.3765], [20.0027, 44.364], [20.0165, 44.3544], [20.0242, 44.3586], [20.0495, 44.3603]]]}}, {"type": "Feature", "properties": {"slug": "arilje", "name": "Arilje"}, "geometry": {"type": "Polygon", "coordinates": [[[19.907, 43.6945], [19.9071, 43.6875], [19.9266, 43.6805], [19.9189, 43.6693], [19.9072, 43.6678], [19.9171, 43.6481], [19.886, 43.6466], [19.8841, 43.641], [19.89, 43.6311], [19.9095, 43.6256], [19.9116, 43.6115], [19.9039, 43.6016], [19.9156, 43.5961], [19.9272, 43.5961], [19.9273, 43.5919], [19.9642, 43.5852], [19.976, 43.574], [19.974, 43.5712], [19.9799, 43.5698], [20.0128, 43.5784], [20.0167, 43.584], [20.0146, 43.5939], [20.0204, 43.5939], [20.0262, 43.6024], [20.0378, 43.6039], [20.0648, 43.6251], [20.1037, 43.6225], [20.1134, 43.6268], [20.1114, 43.6324], [20.1171, 43.6409], [20.1093, 43.6479], [20.1092, 43.6577], [20.1169, 43.6606], [20.111, 43.6661], [20.1325, 43.6592], [20.1597, 43.6608], [20.1811, 43.6525], [20.1908, 43.6553], [20.1926, 43.6666], [20.2023, 43.6709], [20.1983, 43.6849], [20.1788, 43.6918], [20.1806, 43.6988], [20.1942, 43.7045], [20.1882, 43.7157], [20.194, 43.7228], [20.1958, 43.734], [20.1705, 43.7423], [20.1529, 43.7535], [20.1489, 43.7576], [20.1547, 43.7689], [20.1448, 43.7857], [20.1194, 43.794], [20.1136, 43.7925], [20.1002, 43.7785], [20.0944, 43.7812], [20.0809, 43.7755], [20.0692, 43.7769], [20.0693, 43.7699], [20.0596, 43.7684], [20.0405, 43.7459], [20.0288, 43.7472], [20.0038, 43.7359], [19.996, 43.74], [19.9766, 43.7413], [19.955, 43.765], [19.9394, 43.7649], [19.9434, 43.7523], [19.9358, 43.7368], [19.9495, 43.7242], [19.9495, 43.7186], [19.9244, 43.7086], [19.907, 43.6945]]]}}, {"type": "Feature", "properties": {"slug": "bajina-basta", "name": "Bajina Bašta"}, "geometry": {"type": "Polygon", "coordinates": [[[19.6384, 44.1653], [19.633, 44.1425], [19.6214, 44.1282], [19.6054, 44.1365], [19.5935, 44.1364], [19.5623, 44.1175], [19.5566, 44.1075], [19.5251, 44.0972], [19.525, 44.1029], [19.5152, 44.0971], [19.499, 44.097], [19.5113, 44.0813], [19.5568, 44.0704], [19.5744, 44.0464], [19.5813, 44.0482], [19.5821, 44.0676], [19.5892, 44.0721], [19.6004, 44.0693], [19.6044, 44.0507], [19.618, 44.0539], [19.6236, 44.0509], [19.6138, 44.035], [19.622, 44.0227], [19.6203, 44.0155], [19.5988, 44.0102], [19.5884, 44.0031], [19.5639, 43.9991], [19.5667, 43.9843], [19.539, 43.9735], [19.5265, 43.9561], [19.4328, 43.9578], [19.4036, 43.9686], [19.3887, 43.9603], [19.362, 43.972], [19.3566, 43.9813], [19.3343, 43.9826], [19.3047, 43.9975], [19.267, 44.0004], [19.2476, 44.0142], [19.2407, 44.0146], [19.2352, 44.0107], [19.2365, 43.9881], [19.2542, 43.9659], [19.2554, 43.9604], [19.2511, 43.9549], [19.269, 43.9453], [19.2718, 43.9385], [19.2837, 43.9311], [19.2839, 43.9269], [19.2942, 43.9196], [19.297, 43.9099], [19.3105, 43.8977], [19.3156, 43.8831], [19.3358, 43.8696], [19.3538, 43.8461], [19.3747, 43.8344], [19.372, 43.8246], [19.3934, 43.8043], [19.3982, 43.8107], [19.4118, 43.8108], [19.4196, 43.8151], [19.4387, 43.8336], [19.4384, 43.8463], [19.4559, 43.8507], [19.436, 43.8659], [19.4398, 43.8744], [19.4319, 43.8771], [19.4512, 43.8858], [19.4569, 43.8929], [19.4783, 43.8973], [19.6015, 43.8818], [19.6248, 43.8877], [19.6382, 43.8976], [19.7065, 43.897], [19.7375, 43.9057], [19.7528, 43.9185], [19.7762, 43.9188], [19.799, 43.9499], [19.7851, 43.9596], [19.7909, 43.9625], [19.7906, 43.9779], [19.7728, 43.9876], [19.7782, 44.0101], [19.7465, 44.035], [19.7368, 44.0334], [19.7191, 44.0417], [19.6977, 44.0386], [19.6875, 44.0581], [19.6912, 44.0666], [19.7047, 44.0751], [19.7007, 44.0793], [19.7143, 44.0823], [19.7353, 44.1063], [19.7312, 44.1132], [19.7214, 44.1145], [19.7213, 44.1215], [19.7153, 44.1285], [19.7152, 44.1341], [19.723, 44.1328], [19.7229, 44.1383], [19.71, 44.1381], [19.6843, 44.1531], [19.6686, 44.1543], [19.6587, 44.1625], [19.6384, 44.1653]]]}}, {"type": "Feature", "properties": {"slug": "cajetina", "name": "Čajetina"}, "geometry": {"type": "Polygon", "coordinates": [[[19.5196, 43.7103], [19.5146, 43.7008], [19.5183, 43.696], [19.5171, 43.6895], [19.5318, 43.6678], [19.5265, 43.6497], [19.5124, 43.6442], [19.515, 43.6404], [19.5107, 43.6282], [19.5366, 43.6237], [19.5393, 43.6187], [19.5539, 43.6223], [19.5625, 43.6204], [19.5787, 43.6112], [19.5952, 43.6132], [19.5974, 43.6087], [19.6011, 43.6105], [19.6119, 43.6057], [19.6191, 43.5958], [19.6244, 43.5972], [19.6479, 43.585], [19.6506, 43.5791], [19.6559, 43.5803], [19.6555, 43.5721], [19.6623, 43.5714], [19.6635, 43.5806], [19.6723, 43.5802], [19.6704, 43.5871], [19.6745, 43.5881], [19.6696, 43.5935], [19.6836, 43.5973], [19.6899, 43.5861], [19.7146, 43.5946], [19.7164, 43.6044], [19.7355, 43.6186], [19.7433, 43.6186], [19.7489, 43.6312], [19.7585, 43.6397], [19.776, 43.63], [19.79, 43.5938], [19.8016, 43.5952], [19.813, 43.6065], [19.8324, 43.6053], [19.8383, 43.5997], [19.8634, 43.6027], [19.8848, 43.5916], [19.9157, 43.5947], [19.9039, 43.6016], [19.9116, 43.6115], [19.9095, 43.6256], [19.89, 43.6311], [19.8841, 43.641], [19.886, 43.6466], [19.9171, 43.6481], [19.9072, 43.6678], [19.9189, 43.6693], [19.9266, 43.6805], [19.9071, 43.6875], [19.9012, 43.7028], [19.8925, 43.7069], [19.885, 43.7169], [19.8763, 43.718], [19.8706, 43.7245], [19.871, 43.73], [19.8501, 43.7336], [19.8472, 43.7374], [19.826, 43.7361], [19.8296, 43.7509], [19.8405, 43.7604], [19.8402, 43.7667], [19.8477, 43.7778], [19.8161, 43.8032], [19.8013, 43.8128], [19.7698, 43.8103], [19.7497, 43.7973], [19.7412, 43.8022], [19.7395, 43.8075], [19.7427, 43.8114], [19.7376, 43.8109], [19.7369, 43.8171], [19.7545, 43.8248], [19.7542, 43.8377], [19.749, 43.8421], [19.7432, 43.8378], [19.7356, 43.8447], [19.7199, 43.8467], [19.716, 43.8439], [19.7201, 43.8338], [19.6963, 43.8252], [19.6827, 43.8355], [19.6694, 43.8308], [19.6478, 43.8348], [19.6503, 43.8318], [19.6461, 43.8316], [19.6384, 43.8371], [19.6348, 43.8203], [19.6066, 43.8142], [19.6107, 43.813], [19.6058, 43.803], [19.6073, 43.7921], [19.6015, 43.7878], [19.592, 43.7909], [19.5803, 43.7785], [19.5687, 43.7872], [19.5648, 43.784], [19.5571, 43.7889], [19.5465, 43.7874], [19.5517, 43.7673], [19.5449, 43.7618], [19.5482, 43.7441], [19.5252, 43.7359], [19.5286, 43.7232], [19.5386, 43.7164], [19.5196, 43.7103]]]}}, {"type": "Feature", "properties": {"slug": "kosjeric", "name": "Kosjerić"}, "geometry": {"type": "Polygon", "coordinates": [[[19.7229, 44.1383], [19.723, 44.1328], [19.7152, 44.1341], [19.7153, 44.1285], [19.7213, 44.1215], [19.7214, 44.1145], [19.7312, 44.1132], [19.7353, 44.1063], [19.7143, 44.0823], [19.7007, 44.0793], [19.7047, 44.0751], [19.6912, 44.0666], [19.6875, 44.0581], [19.6977, 44.0386], [19.7191, 44.0417], [19.7368, 44.0334], [19.7465, 44.035], [19.7643, 44.0239], [19.7782, 44.0101], [19.7728, 43.9876], [19.7906, 43.9779], [19.7909, 43.9625], [19.8079, 43.9727], [19.8197, 43.9702], [19.835, 43.9761], [19.8893, 43.9775], [19.935, 43.9576], [19.9451, 43.9481], [19.9509, 43.9537], [19.9645, 43.9496], [19.978, 43.951], [19.978, 43.9552], [19.9838, 43.9567], [19.9877, 43.9525], [19.9991, 43.9749], [20.0165, 43.982], [20.0203, 43.9876], [20.0202, 43.9959], [20.0026, 44.007], [20.0063, 44.0265], [19.9966, 44.0195], [19.9927, 44.0264], [19.9964, 44.0404], [19.9846, 44.0571], [19.9883, 44.0696], [19.9863, 44.0766], [19.9901, 44.0877], [19.9958, 44.0919], [19.9899, 44.0975], [19.9742, 44.1014], [19.9701, 44.1084], [19.9485, 44.1137], [19.9444, 44.1206], [19.9386, 44.1219], [19.9363, 44.1345], [19.9224, 44.1426], [19.889, 44.1505], [19.8758, 44.135], [19.8602, 44.1347], [19.8548, 44.1207], [19.8408, 44.1317], [19.8192, 44.1369], [19.792, 44.1351], [19.7922, 44.1295], [19.8177, 44.1229], [19.814, 44.1145], [19.8199, 44.1146], [19.8302, 44.0951], [19.8229, 44.0754], [19.8095, 44.0696], [19.7956, 44.0764], [19.7892, 44.0973], [19.7793, 44.1014], [19.7811, 44.1056], [19.773, 44.1167], [19.7612, 44.1221], [19.763, 44.1249], [19.7377, 44.1259], [19.7335, 44.1357], [19.7229, 44.1383]]]}}, {"type": "Feature", "properties": {"slug": "pozega", "name": "Požega"}, "geometry": {"type": "Polygon", "coordinates": [[[20.1236, 43.9523], [20.0864, 43.9829], [20.0824, 43.9884], [20.0882, 43.994], [20.0706, 44.0009], [20.0744, 44.0107], [20.0937, 44.0206], [20.0898, 44.0262], [20.0917, 44.0318], [20.0818, 44.0429], [20.0777, 44.0638], [20.0795, 44.0778], [20.0891, 44.0932], [20.0851, 44.1002], [20.0714, 44.1113], [20.0498, 44.1166], [20.0186, 44.1175], [19.9935, 44.1087], [19.9957, 44.099], [19.99, 44.0947], [19.9958, 44.0919], [19.9901, 44.0877], [19.9863, 44.0766], [19.9883, 44.0696], [19.9846, 44.0571], [19.9964, 44.0404], [19.9927, 44.0264], [19.9966, 44.0195], [20.0063, 44.0265], [20.0026, 44.007], [20.0202, 43.9959], [20.0203, 43.9876], [20.0165, 43.982], [19.9991, 43.9749], [19.9877, 43.9525], [19.9838, 43.9567], [19.978, 43.9552], [19.978, 43.951], [19.9645, 43.9496], [19.9509, 43.9537], [19.9394, 43.9396], [19.9376, 43.9313], [19.9552, 43.9188], [19.9611, 43.9091], [19.9728, 43.9035], [19.9768, 43.8868], [19.975, 43.8756], [19.981, 43.8645], [19.9713, 43.8644], [19.9459, 43.8824], [19.944, 43.874], [19.9209, 43.8613], [19.921, 43.8557], [19.9268, 43.8544], [19.9327, 43.846], [19.9483, 43.8405], [19.9678, 43.8266], [19.966, 43.8182], [19.9798, 43.7959], [19.976, 43.7903], [19.9529, 43.7804], [19.955, 43.765], [19.9766, 43.7413], [19.996, 43.74], [20.0038, 43.7359], [20.0288, 43.7472], [20.0405, 43.7459], [20.0596, 43.7684], [20.0693, 43.7699], [20.0692, 43.7769], [20.0809, 43.7755], [20.0944, 43.7812], [20.1002, 43.7785], [20.1136, 43.7925], [20.1194, 43.794], [20.1389, 43.7885], [20.1369, 43.7913], [20.1447, 43.7941], [20.1465, 43.8039], [20.16, 43.811], [20.1287, 43.8361], [20.1247, 43.8459], [20.1188, 43.8486], [20.1246, 43.8543], [20.1149, 43.8584], [20.1109, 43.8668], [20.1205, 43.8725], [20.1147, 43.878], [20.1243, 43.8865], [20.1223, 43.8935], [20.1358, 43.8964], [20.1475, 43.8922], [20.163, 43.8993], [20.1727, 43.8994], [20.1669, 43.9035], [20.1416, 43.9076], [20.1415, 43.9118], [20.1298, 43.9159], [20.1258, 43.9229], [20.1142, 43.9242], [20.1082, 43.9424], [20.1236, 43.9523]]]}}, {"type": "Feature", "properties": {"slug": "sjenica", "name": "Sjenica"}, "geometry": {"type": "Polygon", "coordinates": [[[20.2974, 43.3119], [20.2836, 43.3288], [20.2679, 43.3386], [20.266, 43.3343], [20.2447, 43.3328], [20.2331, 43.3229], [20.1981, 43.3241], [20.1943, 43.3198], [20.1768, 43.3211], [20.1651, 43.3182], [20.1594, 43.3126], [20.1438, 43.3111], [20.1086, 43.3349], [20.1221, 43.3449], [20.1181, 43.3576], [20.1044, 43.3674], [20.1044, 43.3716], [20.1102, 43.3745], [20.1042, 43.3829], [20.0886, 43.3899], [20.0827, 43.4011], [20.065, 43.418], [20.057, 43.4363], [20.0282, 43.425], [20.0263, 43.4194], [20.0167, 43.4222], [20.0129, 43.4137], [20.0071, 43.4151], [20.0091, 43.3997], [19.9532, 43.4051], [19.9493, 43.4093], [19.9417, 43.4065], [19.9245, 43.3854], [19.9089, 43.375], [19.9068, 43.3653], [19.9138, 43.3585], [19.9094, 43.3518], [19.8939, 43.3527], [19.8904, 43.3468], [19.8775, 43.3429], [19.8807, 43.3369], [19.8792, 43.3189], [19.8893, 43.316], [19.8983, 43.3061], [19.8874, 43.3063], [19.8863, 43.3003], [19.8753, 43.2955], [19.8489, 43.2948], [19.8399, 43.2888], [19.8346, 43.2903], [19.8293, 43.2793], [19.8352, 43.2761], [19.8292, 43.2721], [19.8313, 43.2685], [19.8387, 43.2708], [19.8364, 43.2652], [19.8412, 43.2596], [19.8378, 43.2567], [19.8425, 43.2571], [19.8456, 43.2526], [19.8445, 43.2394], [19.8349, 43.2379], [19.8349, 43.2351], [19.8485, 43.2169], [19.864, 43.2128], [19.8583, 43.1945], [19.8372, 43.1888], [19.7871, 43.1928], [19.7717, 43.1871], [19.7582, 43.1899], [19.7698, 43.1801], [19.7709, 43.1629], [19.7792, 43.1568], [19.7808, 43.142], [19.7768, 43.1366], [19.7841, 43.133], [19.7895, 43.1233], [19.7984, 43.1219], [19.8083, 43.1122], [19.8262, 43.1181], [19.833, 43.116], [19.8358, 43.1099], [19.8298, 43.1048], [19.8347, 43.0916], [19.8611, 43.1041], [19.8602, 43.1078], [19.8658, 43.1078], [19.889, 43.0975], [19.9017, 43.0989], [19.9163, 43.0853], [19.9364, 43.0907], [19.9571, 43.1069], [19.9681, 43.1105], [19.9754, 43.1027], [19.9726, 43.0947], [19.9761, 43.085], [19.9843, 43.0789], [19.9822, 43.0692], [19.9891, 43.0632], [19.9891, 43.0565], [20.0224, 43.0346], [20.046, 43.0266], [20.0534, 43.0073], [20.0615, 43.0044], [20.0692, 43.0101], [20.0881, 43.0585], [20.1266, 43.1013], [20.1459, 43.1085], [20.1615, 43.1058], [20.1731, 43.1115], [20.173, 43.1186], [20.1612, 43.1313], [20.1806, 43.1371], [20.1902, 43.1527], [20.2174, 43.1515], [20.3026, 43.176], [20.2889, 43.1887], [20.2655, 43.1971], [20.2655, 43.1999], [20.2499, 43.2012], [20.2557, 43.2055], [20.2575, 43.2169], [20.2264, 43.2209], [20.236, 43.2267], [20.2282, 43.2351], [20.2398, 43.2437], [20.2514, 43.2423], [20.2629, 43.2551], [20.257, 43.265], [20.2569, 43.2749], [20.2646, 43.2834], [20.2607, 43.2862], [20.2723, 43.2948], [20.2722, 43.3019], [20.2974, 43.3119]]]}}, {"type": "Feature", "properties": {"slug": "mali-zvornik", "name": "Mali Zvornik"}, "geometry": {"type": "Polygon", "coordinates": [[[19.1394, 44.4739], [19.1363, 44.4566], [19.1449, 44.4506], [19.1492, 44.4371], [19.1471, 44.4155], [19.1183, 44.4029], [19.1074, 44.3942], [19.1034, 44.3699], [19.1202, 44.3661], [19.109, 44.3547], [19.1147, 44.3438], [19.1364, 44.339], [19.1297, 44.3294], [19.1315, 44.3181], [19.1552, 44.3042], [19.164, 44.2855], [19.1788, 44.2797], [19.1984, 44.2912], [19.2096, 44.2912], [19.2172, 44.2871], [19.2221, 44.2698], [19.2364, 44.2621], [19.2496, 44.2768], [19.2432, 44.2923], [19.2449, 44.3037], [19.2563, 44.3194], [19.2854, 44.3424], [19.2735, 44.3423], [19.2658, 44.3351], [19.24, 44.3347], [19.2263, 44.3303], [19.218, 44.3415], [19.208, 44.3456], [19.2053, 44.3725], [19.2391, 44.3701], [19.2548, 44.3732], [19.2721, 44.3947], [19.2181, 44.4138], [19.2078, 44.4278], [19.221, 44.4549], [19.205, 44.4603], [19.1947, 44.4729], [19.1746, 44.4854], [19.1509, 44.4822], [19.1394, 44.4739]]]}}, {"type": "Feature", "properties": {"slug": "lapovo", "name": "Lapovo"}, "geometry": {"type": "Polygon", "coordinates": [[[21.1425, 44.2226], [21.1036, 44.2267], [21.0991, 44.2236], [21.0592, 44.2259], [21.0413, 44.2159], [21.0215, 44.213], [21.0196, 44.2073], [21.0295, 44.2017], [21.0474, 44.2017], [21.0713, 44.1748], [21.1129, 44.1551], [21.1169, 44.1494], [21.1403, 44.1461], [21.1392, 44.157], [21.1448, 44.1656], [21.1266, 44.1656], [21.1468, 44.1781], [21.1462, 44.198], [21.1422, 44.2012], [21.1312, 44.1961], [21.1259, 44.199], [21.1376, 44.2086], [21.1425, 44.2226]]]}}, {"type": "Feature", "properties": {"slug": "veliko-gradiste", "name": "Veliko Gradište"}, "geometry": {"type": "Polygon", "coordinates": [[[21.39, 44.6422], [21.4064, 44.6376], [21.4058, 44.6294], [21.4158, 44.6259], [21.42, 44.6173], [21.4264, 44.6166], [21.4251, 44.6038], [21.4176, 44.5988], [21.4201, 44.5968], [21.4158, 44.5977], [21.4113, 44.5879], [21.4215, 44.5715], [21.4341, 44.5593], [21.4474, 44.5556], [21.4477, 44.5518], [21.4584, 44.5538], [21.4712, 44.5492], [21.4724, 44.5568], [21.4784, 44.5584], [21.4788, 44.5666], [21.4843, 44.5694], [21.4805, 44.5703], [21.4868, 44.5749], [21.4975, 44.5736], [21.5012, 44.5811], [21.4987, 44.5835], [21.5049, 44.5865], [21.4944, 44.5974], [21.5126, 44.6144], [21.5133, 44.6206], [21.5089, 44.6221], [21.506, 44.6301], [21.5118, 44.6536], [21.4982, 44.6572], [21.5052, 44.667], [21.5017, 44.668], [21.5319, 44.6949], [21.5279, 44.7074], [21.5508, 44.7193], [21.575, 44.7127], [21.5775, 44.72], [21.5878, 44.7206], [21.5875, 44.7264], [21.609, 44.7357], [21.5945, 44.7552], [21.555, 44.7698], [21.4127, 44.7755], [21.3907, 44.7814], [21.3808, 44.8168], [21.3347, 44.8237], [21.3065, 44.8133], [21.3463, 44.7898], [21.3497, 44.7741], [21.343, 44.7711], [21.3497, 44.7649], [21.3414, 44.7579], [21.3469, 44.758], [21.3513, 44.7519], [21.3506, 44.745], [21.3433, 44.745], [21.3395, 44.7395], [21.3338, 44.7421], [21.3263, 44.7308], [21.3106, 44.7232], [21.2718, 44.7114], [21.2706, 44.7057], [21.2887, 44.7033], [21.2779, 44.6966], [21.2808, 44.6926], [21.2741, 44.6822], [21.3343, 44.6673], [21.3569, 44.6578], [21.3766, 44.6606], [21.3893, 44.65], [21.39, 44.6422]]]}}, {"type": "Feature", "properties": {"slug": "stari-grad", "name": "Stari grad"}, "geometry": {"type": "Polygon", "coordinates": [[[20.4749, 44.8148], [20.4627, 44.8076], [20.4574, 44.8142], [20.4481, 44.8153], [20.4437, 44.8245], [20.4445, 44.8274], [20.4521, 44.8339], [20.4641, 44.833], [20.4787, 44.83], [20.4796, 44.8265], [20.4765, 44.8192], [20.4746, 44.8193], [20.4749, 44.8148]]]}}, {"type": "Feature", "properties": {"slug": "mladenovac", "name": "Mladenovac"}, "geometry": {"type": "Polygon", "coordinates": [[[20.7114, 44.5576], [20.7115, 44.5494], [20.7157, 44.5417], [20.7168, 44.5408], [20.7183, 44.5444], [20.7253, 44.5501], [20.7254, 44.5534], [20.7238, 44.5533], [20.7233, 44.5564], [20.724, 44.5578], [20.7273, 44.5587], [20.7296, 44.5555], [20.7325, 44.5541], [20.7321, 44.5531], [20.7349, 44.5519], [20.7366, 44.554], [20.7427, 44.5514], [20.7462, 44.5535], [20.7472, 44.5529], [20.7485, 44.5514], [20.7446, 44.5515], [20.7464, 44.5488], [20.7451, 44.5472], [20.7475, 44.5433], [20.7497, 44.5437], [20.7502, 44.5417], [20.7516, 44.5417], [20.7533, 44.544], [20.7548, 44.5424], [20.7566, 44.543], [20.7584, 44.5421], [20.7639, 44.5439], [20.7639, 44.543], [20.7661, 44.5428], [20.7694, 44.5403], [20.7665, 44.5373], [20.7688, 44.534], [20.7699, 44.5266], [20.772, 44.523], [20.771, 44.5208], [20.7731, 44.52], [20.774, 44.5215], [20.7777, 44.5219], [20.7824, 44.5207], [20.7817, 44.5193], [20.7846, 44.5201], [20.7868, 44.5183], [20.7942, 44.5164], [20.796, 44.5161], [20.7973, 44.5174], [20.8037, 44.5152], [20.8066, 44.5159], [20.8072, 44.5151], [20.8049, 44.5114], [20.8081, 44.5081], [20.8064, 44.5075], [20.8082, 44.505], [20.8066, 44.5038], [20.8088, 44.5032], [20.8066, 44.5019], [20.8151, 44.4972], [20.8163, 44.4981], [20.8171, 44.4962], [20.8202, 44.4967], [20.8214, 44.4945], [20.8265, 44.4937], [20.828, 44.4921], [20.8267, 44.4916], [20.8324, 44.4872], [20.8354, 44.4873], [20.8347, 44.4865], [20.8366, 44.483], [20.8378, 44.4835], [20.8386, 44.4823], [20.8375, 44.4813], [20.8381, 44.4799], [20.8357, 44.4798], [20.8368, 44.4758], [20.8408, 44.4761], [20.8423, 44.4746], [20.8443, 44.4755], [20.8508, 44.4682], [20.8505, 44.4661], [20.8538, 44.4651], [20.8487, 44.4527], [20.8444, 44.4529], [20.8424, 44.449], [20.8459, 44.4466], [20.8453, 44.4457], [20.8408, 44.4466], [20.8393, 44.4445], [20.8414, 44.4428], [20.8317, 44.4386], [20.8247, 44.4395], [20.8239, 44.4403], [20.8248, 44.4415], [20.8218, 44.4419], [20.8216, 44.4406], [20.8183, 44.4399], [20.8147, 44.444], [20.812, 44.444], [20.8099, 44.4455], [20.8031, 44.4455], [20.8013, 44.4472], [20.8003, 44.4465], [20.7994, 44.4492], [20.7929, 44.4506], [20.7918, 44.4474], [20.7905, 44.4471], [20.7902, 44.4488], [20.7884, 44.4493], [20.7841, 44.4478], [20.782, 44.4444], [20.7754, 44.4435], [20.7755, 44.4423], [20.7796, 44.4425], [20.7794, 44.4404], [20.7726, 44.4417], [20.7701, 44.4406], [20.7727, 44.4393], [20.7707, 44.4374], [20.767, 44.4408], [20.7642, 44.4407], [20.7672, 44.4381], [20.7696, 44.4317], [20.7654, 44.4312], [20.7656, 44.4304], [20.7685, 44.4309], [20.7702, 44.4285], [20.7677, 44.4278], [20.767, 44.4294], [20.7661, 44.429], [20.7674, 44.427], [20.7659, 44.4263], [20.7637, 44.4211], [20.7618, 44.4136], [20.7585, 44.413], [20.7597, 44.412], [20.758, 44.4085], [20.7561, 44.4083], [20.7551, 44.4035], [20.7535, 44.4036], [20.7539, 44.4008], [20.7493, 44.3994], [20.7563, 44.3966], [20.7609, 44.3871], [20.7649, 44.385], [20.7701, 44.3845], [20.7715, 44.3753], [20.785, 44.374], [20.789, 44.3708], [20.7946, 44.3717], [20.7993, 44.3752], [20.8026, 44.3751], [20.801, 44.3722], [20.7992, 44.3721], [20.798, 44.3693], [20.8004, 44.3677], [20.7988, 44.3655], [20.7948, 44.3672], [20.7934, 44.3652], [20.7924, 44.3657], [20.7897, 44.3636], [20.7852, 44.3642], [20.7841, 44.3668], [20.7822, 44.3661], [20.7796, 44.3609], [20.7874, 44.358], [20.7843, 44.3579], [20.7796, 44.3551], [20.7784, 44.3563], [20.7789, 44.3532], [20.7749, 44.3532], [20.7735, 44.3511], [20.7762, 44.35], [20.7775, 44.3511], [20.7833, 44.3486], [20.7861, 44.3448], [20.7831, 44.3437], [20.7886, 44.3386], [20.7879, 44.3362], [20.7854, 44.3354], [20.7877, 44.3312], [20.7817, 44.3252], [20.7798, 44.3254], [20.7803, 44.3265], [20.7774, 44.3271], [20.7769, 44.3286], [20.7764, 44.3271], [20.7738, 44.3269], [20.7696, 44.3282], [20.7701, 44.3294], [20.764, 44.3327], [20.7624, 44.3351], [20.7616, 44.3341], [20.7609, 44.3352], [20.7591, 44.3347], [20.7527, 44.344], [20.744, 44.3479], [20.744, 44.3492], [20.7392, 44.3487], [20.7353, 44.3464], [20.7174, 44.3485], [20.7231, 44.3584], [20.717, 44.3604], [20.7115, 44.3576], [20.7084, 44.3591], [20.707, 44.3556], [20.7025, 44.3567], [20.7015, 44.3596], [20.6998, 44.3605], [20.6971, 44.3579], [20.6899, 44.357], [20.6889, 44.358], [20.6679, 44.3499], [20.6638, 44.3505], [20.6625, 44.3518], [20.6599, 44.3502], [20.6582, 44.3527], [20.6555, 44.3522], [20.6555, 44.3537], [20.66, 44.3586], [20.6568, 44.3624], [20.6503, 44.3626], [20.6487, 44.3654], [20.6453, 44.364], [20.6463, 44.3613], [20.6482, 44.3616], [20.645, 44.3594], [20.6443, 44.3601], [20.6455, 44.361], [20.6444, 44.3649], [20.6425, 44.3649], [20.643, 44.3666], [20.6417, 44.3689], [20.6399, 44.3689], [20.6393, 44.3735], [20.635, 44.3741], [20.6356, 44.3775], [20.6378, 44.3772], [20.6383, 44.3797], [20.6347, 44.3807], [20.6362, 44.3834], [20.636, 44.3868], [20.6321, 44.387], [20.6327, 44.3901], [20.6354, 44.3917], [20.6333, 44.3975], [20.629, 44.3978], [20.6252, 44.4005], [20.6173, 44.4008], [20.6165, 44.3953], [20.6002, 44.3925], [20.5893, 44.3884], [20.5818, 44.3887], [20.5712, 44.3867], [20.5561, 44.3777], [20.5502, 44.3801], [20.5489, 44.3873], [20.5463, 44.3902], [20.5475, 44.3938], [20.553, 44.3979], [20.5542, 44.4], [20.5532, 44.4023], [20.5543, 44.4031], [20.5523, 44.4051], [20.5533, 44.4058], [20.5518, 44.4087], [20.5472, 44.4104], [20.5488, 44.4164], [20.5475, 44.417], [20.5477, 44.4201], [20.5497, 44.4203], [20.55, 44.4235], [20.5443, 44.4412], [20.5473, 44.4461], [20.5578, 44.4488], [20.5639, 44.4539], [20.567, 44.4614], [20.5664, 44.4653], [20.5777, 44.4714], [20.5855, 44.4642], [20.5926, 44.4632], [20.594, 44.4678], [20.6009, 44.472], [20.6083, 44.48], [20.6158, 44.4828], [20.6189, 44.4861], [20.6231, 44.4869], [20.6264, 44.4893], [20.6439, 44.494], [20.6409, 44.4991], [20.6301, 44.5076], [20.632, 44.5088], [20.6269, 44.5128], [20.6282, 44.5143], [20.634, 44.5103], [20.6452, 44.5146], [20.6416, 44.5185], [20.6422, 44.5201], [20.6401, 44.5236], [20.6538, 44.5294], [20.661, 44.534], [20.658, 44.5388], [20.6583, 44.5452], [20.6699, 44.5569], [20.6699, 44.5597], [20.6725, 44.5603], [20.6729, 44.5631], [20.6707, 44.5651], [20.6716, 44.568], [20.6744, 44.568], [20.676, 44.5696], [20.6786, 44.569], [20.686, 44.5702], [20.6871, 44.5691], [20.687, 44.57], [20.6954, 44.5625], [20.704, 44.5611], [20.7114, 44.5576]]]}}, {"type": "Feature", "properties": {"slug": "lazarevac", "name": "Lazarevac"}, "geometry": {"type": "Polygon", "coordinates": [[[20.2406, 44.4945], [20.2362, 44.4975], [20.2396, 44.4982], [20.2405, 44.5007], [20.2393, 44.5014], [20.2411, 44.5023], [20.2405, 44.5033], [20.2384, 44.5027], [20.2389, 44.5045], [20.2515, 44.5076], [20.2529, 44.5124], [20.2579, 44.5192], [20.2718, 44.5224], [20.271, 44.5267], [20.2789, 44.5245], [20.2793, 44.5277], [20.2772, 44.5269], [20.2762, 44.5278], [20.2802, 44.5309], [20.2761, 44.5326], [20.2733, 44.531], [20.273, 44.5337], [20.2653, 44.536], [20.2646, 44.5374], [20.2663, 44.54], [20.2636, 44.5395], [20.2606, 44.5416], [20.2601, 44.5429], [20.2619, 44.5461], [20.2601, 44.5512], [20.2629, 44.5552], [20.2634, 44.5585], [20.2702, 44.556], [20.2746, 44.5563], [20.2825, 44.5598], [20.3018, 44.5645], [20.3018, 44.5623], [20.2982, 44.5571], [20.3001, 44.5526], [20.3007, 44.5446], [20.2981, 44.5334], [20.2937, 44.528], [20.2932, 44.5265], [20.2932, 44.5241], [20.2939, 44.528], [20.2969, 44.5307], [20.2983, 44.5335], [20.2988, 44.5354], [20.3, 44.534], [20.3028, 44.5316], [20.3035, 44.5306], [20.3056, 44.5281], [20.3075, 44.5249], [20.3085, 44.5222], [20.309, 44.5213], [20.3077, 44.5246], [20.3057, 44.5282], [20.3028, 44.5317], [20.2988, 44.5355], [20.3004, 44.5429], [20.302, 44.5426], [20.3085, 44.5386], [20.3288, 44.536], [20.3282, 44.534], [20.331, 44.5338], [20.3315, 44.5312], [20.3346, 44.5315], [20.3424, 44.5272], [20.3468, 44.5208], [20.3452, 44.5205], [20.3556, 44.5099], [20.3528, 44.5073], [20.3533, 44.5064], [20.3469, 44.5042], [20.3478, 44.5028], [20.3456, 44.5029], [20.3453, 44.5002], [20.3406, 44.5004], [20.34, 44.4991], [20.3395, 44.4989], [20.3392, 44.4988], [20.3391, 44.4983], [20.3383, 44.4983], [20.3381, 44.4983], [20.3377, 44.4979], [20.3374, 44.4981], [20.3372, 44.4979], [20.3376, 44.4967], [20.3359, 44.4973], [20.3343, 44.497], [20.3343, 44.4963], [20.3336, 44.4965], [20.3333, 44.4964], [20.3332, 44.4952], [20.3335, 44.4946], [20.3322, 44.4945], [20.332, 44.4944], [20.3321, 44.4939], [20.3317, 44.4934], [20.33, 44.4937], [20.3269, 44.4911], [20.3268, 44.4897], [20.3274, 44.4894], [20.3252, 44.4876], [20.3255, 44.4857], [20.3225, 44.486], [20.3189, 44.4851], [20.3252, 44.4855], [20.3262, 44.4862], [20.3252, 44.4876], [20.3275, 44.4894], [20.3269, 44.4911], [20.33, 44.4936], [20.3317, 44.4933], [20.3335, 44.4946], [20.3335, 44.4964], [20.3344, 44.4962], [20.3358, 44.4972], [20.3376, 44.4967], [20.3373, 44.498], [20.3378, 44.4979], [20.3381, 44.4983], [20.3392, 44.4983], [20.3395, 44.4989], [20.343, 44.4958], [20.3457, 44.4955], [20.3475, 44.4921], [20.3492, 44.4926], [20.3509, 44.4868], [20.3553, 44.4821], [20.3535, 44.4778], [20.3548, 44.4751], [20.3543, 44.4747], [20.3544, 44.4743], [20.3539, 44.4743], [20.3527, 44.4737], [20.3527, 44.4733], [20.3522, 44.4733], [20.3516, 44.4725], [20.3544, 44.4743], [20.355, 44.4752], [20.3595, 44.4754], [20.359, 44.4765], [20.3601, 44.4771], [20.3644, 44.4738], [20.3724, 44.4724], [20.3699, 44.4693], [20.3698, 44.4683], [20.37, 44.4675], [20.3688, 44.4664], [20.3677, 44.4646], [20.367, 44.4615], [20.361, 44.4553], [20.3588, 44.4514], [20.3662, 44.4601], [20.367, 44.4614], [20.3676, 44.4628], [20.3679, 44.4648], [20.3701, 44.4675], [20.3703, 44.4696], [20.3727, 44.4725], [20.3895, 44.4673], [20.3999, 44.4673], [20.4041, 44.4648], [20.4105, 44.4664], [20.4147, 44.465], [20.4134, 44.4632], [20.4141, 44.4603], [20.4044, 44.4561], [20.4042, 44.4555], [20.4043, 44.4524], [20.4041, 44.4518], [20.4042, 44.4503], [20.4045, 44.4561], [20.4145, 44.4603], [20.4142, 44.4549], [20.4257, 44.4481], [20.4274, 44.4475], [20.4293, 44.4486], [20.4309, 44.4468], [20.4438, 44.4425], [20.4444, 44.4381], [20.439, 44.4293], [20.4361, 44.4271], [20.4365, 44.4263], [20.4349, 44.4265], [20.433, 44.4244], [20.4255, 44.427], [20.426, 44.4257], [20.4245, 44.424], [20.4203, 44.424], [20.4181, 44.4216], [20.4157, 44.4212], [20.4134, 44.4167], [20.4153, 44.415], [20.4147, 44.4137], [20.4168, 44.4135], [20.4165, 44.4124], [20.4197, 44.4118], [20.4197, 44.4106], [20.4214, 44.4113], [20.4197, 44.4054], [20.4212, 44.4042], [20.4208, 44.401], [20.4313, 44.3943], [20.4364, 44.3926], [20.4451, 44.3919], [20.443, 44.3882], [20.4462, 44.3877], [20.4491, 44.3846], [20.4561, 44.3807], [20.4437, 44.3784], [20.436, 44.3742], [20.4288, 44.3645], [20.4257, 44.3635], [20.4256, 44.3603], [20.4211, 44.3579], [20.4191, 44.3537], [20.4204, 44.3524], [20.4184, 44.3522], [20.4183, 44.35], [20.4148, 44.3505], [20.4142, 44.3471], [20.4164, 44.3461], [20.4123, 44.3415], [20.4129, 44.3372], [20.4089, 44.3334], [20.4072, 44.3285], [20.4073, 44.3245], [20.4046, 44.3185], [20.3999, 44.3128], [20.3989, 44.3146], [20.392, 44.3181], [20.39, 44.3179], [20.3894, 44.3138], [20.3825, 44.3113], [20.3801, 44.3127], [20.3816, 44.3146], [20.3832, 44.3184], [20.3801, 44.3128], [20.3773, 44.3134], [20.3761, 44.3103], [20.3726, 44.3108], [20.368, 44.3082], [20.3662, 44.3092], [20.3654, 44.3084], [20.3686, 44.3029], [20.3682, 44.2992], [20.3644, 44.2977], [20.3613, 44.298], [20.3599, 44.2919], [20.3558, 44.2921], [20.3518, 44.2874], [20.3477, 44.288], [20.3478, 44.2853], [20.3443, 44.2845], [20.3447, 44.2832], [20.3425, 44.2806], [20.3334, 44.2776], [20.3299, 44.2741], [20.3258, 44.2751], [20.3217, 44.2743], [20.3171, 44.2764], [20.3117, 44.2753], [20.3094, 44.2779], [20.3098, 44.2812], [20.3096, 44.2822], [20.3077, 44.2825], [20.3063, 44.2849], [20.3049, 44.285], [20.3035, 44.2859], [20.3008, 44.2873], [20.3002, 44.2874], [20.3048, 44.2849], [20.3062, 44.2848], [20.3078, 44.2823], [20.3098, 44.2812], [20.3095, 44.28], [20.3072, 44.2806], [20.3024, 44.2753], [20.3005, 44.2693], [20.301, 44.263], [20.291, 44.2648], [20.2879, 44.2669], [20.2801, 44.2679], [20.2794, 44.269], [20.2778, 44.2682], [20.2791, 44.2701], [20.2739, 44.2719], [20.2765, 44.2731], [20.2789, 44.2724], [20.2773, 44.2743], [20.2796, 44.2756], [20.278, 44.2778], [20.2789, 44.2785], [20.271, 44.2767], [20.2643, 44.2773], [20.2636, 44.2777], [20.2651, 44.2787], [20.2683, 44.2792], [20.2581, 44.2824], [20.2595, 44.2827], [20.2594, 44.2889], [20.2565, 44.288], [20.2564, 44.2859], [20.2506, 44.287], [20.2506, 44.2893], [20.2489, 44.2904], [20.2504, 44.2915], [20.2523, 44.2902], [20.2538, 44.2914], [20.2503, 44.2934], [20.2505, 44.2947], [20.2465, 44.2953], [20.2455, 44.2936], [20.2429, 44.2933], [20.2395, 44.2967], [20.2375, 44.297], [20.2386, 44.2981], [20.2375, 44.3], [20.2393, 44.3003], [20.2397, 44.2988], [20.2407, 44.299], [20.2404, 44.3025], [20.2369, 44.3016], [20.2354, 44.3041], [20.2328, 44.3012], [20.2327, 44.3033], [20.2298, 44.3039], [20.2322, 44.3064], [20.23, 44.3067], [20.2294, 44.3083], [20.2268, 44.3074], [20.2237, 44.3101], [20.2289, 44.3112], [20.228, 44.3133], [20.2263, 44.3133], [20.2279, 44.3148], [20.2266, 44.3166], [20.2254, 44.3153], [20.2247, 44.3167], [20.2216, 44.3157], [20.2201, 44.3162], [20.221, 44.3171], [20.2184, 44.3173], [20.2162, 44.3159], [20.2154, 44.3174], [20.2132, 44.3175], [20.215, 44.3186], [20.2137, 44.3215], [20.2111, 44.3226], [20.2106, 44.3217], [20.2102, 44.3238], [20.2079, 44.3245], [20.2103, 44.3251], [20.214, 44.3236], [20.2152, 44.3243], [20.2156, 44.3239], [20.2174, 44.3239], [20.2181, 44.324], [20.2157, 44.324], [20.2158, 44.3255], [20.2138, 44.3255], [20.2099, 44.3287], [20.2145, 44.3285], [20.2154, 44.3295], [20.2151, 44.3304], [20.2122, 44.3299], [20.2127, 44.331], [20.2106, 44.3319], [20.2126, 44.3355], [20.21, 44.335], [20.2088, 44.3363], [20.2067, 44.334], [20.2067, 44.3319], [20.2031, 44.3306], [20.2029, 44.3331], [20.1969, 44.3354], [20.2017, 44.3397], [20.1994, 44.3407], [20.2005, 44.3413], [20.1995, 44.3432], [20.1972, 44.3431], [20.1957, 44.3409], [20.1945, 44.3434], [20.1917, 44.3434], [20.1928, 44.3458], [20.1913, 44.3473], [20.1945, 44.3496], [20.2122, 44.3522], [20.2286, 44.3511], [20.2317, 44.3524], [20.2239, 44.3566], [20.2224, 44.3594], [20.2178, 44.3618], [20.2129, 44.3692], [20.2171, 44.3697], [20.2165, 44.3707], [20.2134, 44.3736], [20.2103, 44.3736], [20.2069, 44.3758], [20.2065, 44.378], [20.2088, 44.3777], [20.2107, 44.3809], [20.208, 44.3826], [20.2084, 44.3863], [20.2116, 44.3846], [20.2148, 44.3862], [20.2145, 44.3872], [20.2097, 44.3881], [20.2109, 44.3902], [20.2169, 44.3888], [20.2178, 44.3866], [20.2214, 44.3876], [20.2195, 44.3889], [20.2209, 44.3902], [20.2203, 44.3915], [20.2182, 44.3921], [20.2194, 44.3944], [20.216, 44.3953], [20.2164, 44.398], [20.2135, 44.3974], [20.212, 44.3958], [20.211, 44.3994], [20.2086, 44.4], [20.213, 44.4022], [20.2133, 44.4038], [20.2192, 44.4025], [20.2212, 44.4061], [20.2225, 44.4065], [20.2228, 44.408], [20.2187, 44.4092], [20.2194, 44.4106], [20.2217, 44.4108], [20.2189, 44.412], [20.2181, 44.4138], [20.2203, 44.4136], [20.2221, 44.417], [20.2275, 44.4199], [20.2281, 44.4214], [20.2325, 44.4198], [20.2404, 44.4241], [20.2402, 44.4257], [20.2448, 44.4244], [20.2416, 44.4289], [20.2471, 44.4294], [20.246, 44.4325], [20.2433, 44.4333], [20.245, 44.4357], [20.2419, 44.4373], [20.2446, 44.4414], [20.2482, 44.4431], [20.2462, 44.4455], [20.2439, 44.4445], [20.2414, 44.4453], [20.2415, 44.4463], [20.2452, 44.4464], [20.2442, 44.4489], [20.2406, 44.4483], [20.2398, 44.4465], [20.2378, 44.4462], [20.238, 44.448], [20.2362, 44.4487], [20.2379, 44.4514], [20.2355, 44.4542], [20.2368, 44.4562], [20.2325, 44.4573], [20.2362, 44.4587], [20.238, 44.4559], [20.2395, 44.4584], [20.2409, 44.4575], [20.2418, 44.4585], [20.2384, 44.4614], [20.2373, 44.4597], [20.2339, 44.4594], [20.2328, 44.4616], [20.234, 44.4649], [20.2378, 44.4668], [20.2404, 44.4658], [20.2402, 44.4686], [20.2454, 44.4679], [20.2442, 44.4668], [20.2457, 44.4666], [20.2478, 44.4691], [20.2451, 44.4705], [20.2468, 44.4716], [20.2417, 44.4732], [20.2389, 44.4762], [20.2418, 44.4761], [20.244, 44.4775], [20.2411, 44.4797], [20.2453, 44.4789], [20.243, 44.4806], [20.2444, 44.4828], [20.2425, 44.4823], [20.2427, 44.4815], [20.2415, 44.4829], [20.2431, 44.4857], [20.245, 44.4849], [20.2466, 44.487], [20.2438, 44.4861], [20.2407, 44.488], [20.2434, 44.4899], [20.2431, 44.491], [20.2451, 44.4906], [20.2456, 44.4934], [20.243, 44.4957], [20.2406, 44.4945]]]}}, {"type": "Feature", "properties": {"slug": "obrenovac", "name": "Obrenovac"}, "geometry": {"type": "Polygon", "coordinates": [[[20.2632, 44.5586], [20.2629, 44.5552], [20.2601, 44.5512], [20.2619, 44.5461], [20.2601, 44.5429], [20.2606, 44.5416], [20.2636, 44.5395], [20.2663, 44.54], [20.2646, 44.5374], [20.2653, 44.5359], [20.273, 44.5337], [20.2733, 44.531], [20.2761, 44.5326], [20.2802, 44.5309], [20.2762, 44.5278], [20.2772, 44.5269], [20.2793, 44.5277], [20.2789, 44.5245], [20.271, 44.5267], [20.2717, 44.5223], [20.2579, 44.5192], [20.2529, 44.5124], [20.2515, 44.5076], [20.2389, 44.5045], [20.2395, 44.5063], [20.2375, 44.5062], [20.2373, 44.5037], [20.2346, 44.5043], [20.2355, 44.5057], [20.2339, 44.5064], [20.2337, 44.5047], [20.2317, 44.5056], [20.2339, 44.5079], [20.2361, 44.5071], [20.2363, 44.5087], [20.2343, 44.5086], [20.2338, 44.5102], [20.231, 44.5076], [20.2315, 44.5097], [20.2306, 44.5104], [20.2284, 44.5062], [20.2261, 44.5086], [20.2256, 44.5071], [20.2246, 44.5089], [20.2234, 44.5079], [20.2236, 44.5096], [20.226, 44.5112], [20.2236, 44.512], [20.2217, 44.51], [20.2216, 44.5116], [20.2203, 44.5116], [20.2199, 44.5102], [20.2161, 44.5096], [20.2123, 44.5111], [20.214, 44.515], [20.2091, 44.5148], [20.2153, 44.5176], [20.2171, 44.5157], [20.2166, 44.5181], [20.2197, 44.5181], [20.2179, 44.5196], [20.2135, 44.5179], [20.2113, 44.5194], [20.2081, 44.5184], [20.2073, 44.5193], [20.2086, 44.5218], [20.2128, 44.5219], [20.2126, 44.5247], [20.2151, 44.5233], [20.2147, 44.5246], [20.2109, 44.5254], [20.2126, 44.5275], [20.2143, 44.5269], [20.2172, 44.5291], [20.2169, 44.5302], [20.2187, 44.5299], [20.2167, 44.5314], [20.2199, 44.5314], [20.2186, 44.5335], [20.2144, 44.5326], [20.2174, 44.5338], [20.2159, 44.535], [20.2168, 44.5358], [20.2127, 44.535], [20.2133, 44.5373], [20.2154, 44.5364], [20.2155, 44.5376], [20.212, 44.5372], [20.2115, 44.5387], [20.2114, 44.5356], [20.2092, 44.5378], [20.211, 44.54], [20.2129, 44.5398], [20.2116, 44.5411], [20.2095, 44.5404], [20.2098, 44.542], [20.2149, 44.5417], [20.2115, 44.5426], [20.2116, 44.5451], [20.214, 44.5446], [20.2137, 44.5465], [20.2083, 44.5463], [20.2081, 44.5483], [20.2067, 44.5453], [20.2049, 44.5479], [20.2055, 44.5496], [20.2037, 44.5502], [20.2068, 44.5517], [20.2099, 44.5508], [20.2067, 44.5521], [20.2059, 44.5535], [20.2074, 44.5541], [20.2055, 44.5547], [20.209, 44.5544], [20.207, 44.5569], [20.2126, 44.5602], [20.2078, 44.56], [20.2086, 44.5641], [20.2051, 44.5643], [20.203, 44.5658], [20.2033, 44.5667], [20.2012, 44.5664], [20.2019, 44.5679], [20.2008, 44.5686], [20.1976, 44.5681], [20.1968, 44.5666], [20.1948, 44.5668], [20.1944, 44.5646], [20.1885, 44.5655], [20.1882, 44.5643], [20.1909, 44.5604], [20.1888, 44.5558], [20.189, 44.5532], [20.1902, 44.5524], [20.1893, 44.5486], [20.1906, 44.5475], [20.1896, 44.5441], [20.1856, 44.5423], [20.1838, 44.5396], [20.1801, 44.5385], [20.1764, 44.5341], [20.1678, 44.5285], [20.1667, 44.526], [20.1678, 44.5242], [20.1598, 44.5225], [20.1594, 44.5203], [20.1546, 44.5181], [20.1535, 44.5164], [20.154, 44.5133], [20.149, 44.5116], [20.1481, 44.5102], [20.1376, 44.5177], [20.136, 44.5235], [20.1302, 44.5301], [20.1217, 44.5363], [20.1226, 44.5374], [20.1182, 44.5399], [20.1205, 44.5414], [20.1188, 44.5462], [20.1138, 44.5475], [20.1131, 44.5457], [20.1144, 44.5452], [20.1125, 44.5431], [20.1102, 44.5442], [20.1104, 44.5476], [20.1005, 44.5476], [20.098, 44.5457], [20.0991, 44.5475], [20.0967, 44.5467], [20.0944, 44.5476], [20.0941, 44.5501], [20.0929, 44.5495], [20.0935, 44.5468], [20.082, 44.546], [20.0786, 44.5369], [20.0804, 44.536], [20.0758, 44.5292], [20.0741, 44.5289], [20.0749, 44.528], [20.0621, 44.5211], [20.0527, 44.5251], [20.0532, 44.5268], [20.0493, 44.5266], [20.0453, 44.5291], [20.0369, 44.5315], [20.0353, 44.5342], [20.0297, 44.5362], [20.0322, 44.5389], [20.0287, 44.5407], [20.0254, 44.5375], [20.0212, 44.5394], [20.0198, 44.5381], [20.0181, 44.5392], [20.0164, 44.5364], [20.0187, 44.5363], [20.0188, 44.533], [20.0112, 44.5334], [20.0131, 44.5367], [20.0074, 44.5439], [19.9932, 44.5502], [19.9953, 44.5516], [19.9926, 44.5531], [19.9933, 44.5541], [19.9884, 44.5585], [19.9879, 44.5636], [19.9898, 44.572], [19.995, 44.5781], [19.9899, 44.5869], [19.9932, 44.5857], [19.9939, 44.5873], [19.9962, 44.5882], [19.9954, 44.5889], [19.9968, 44.5884], [19.9992, 44.5907], [20.0001, 44.5902], [19.9993, 44.592], [20.0002, 44.5921], [19.9986, 44.5926], [19.9993, 44.5935], [19.9981, 44.5934], [19.9979, 44.5948], [19.9964, 44.5945], [19.9968, 44.5973], [19.9956, 44.5971], [19.9961, 44.598], [19.9942, 44.5981], [19.9912, 44.601], [19.9911, 44.6033], [19.9875, 44.6033], [19.9884, 44.6044], [19.9871, 44.6045], [19.9853, 44.6094], [19.983, 44.6092], [19.9834, 44.6099], [19.9797, 44.6113], [19.9798, 44.6124], [19.9765, 44.6127], [19.9756, 44.6173], [19.9777, 44.6177], [19.9753, 44.6189], [19.9779, 44.6214], [19.9772, 44.6245], [19.9793, 44.6242], [19.9774, 44.6264], [19.9798, 44.6262], [19.9788, 44.6274], [19.9809, 44.6273], [19.9805, 44.6287], [19.9858, 44.6283], [19.9859, 44.63], [19.9839, 44.6298], [19.9863, 44.6312], [19.9844, 44.6316], [19.9848, 44.6327], [19.9827, 44.6325], [19.986, 44.6334], [19.9849, 44.6355], [19.9886, 44.6359], [19.9853, 44.6381], [19.9883, 44.6385], [19.9858, 44.6423], [19.9977, 44.6567], [20.0059, 44.6641], [20.0278, 44.6759], [20.03, 44.6786], [20.0379, 44.6831], [20.0605, 44.6881], [20.0778, 44.6941], [20.101, 44.6971], [20.1083, 44.7001], [20.1247, 44.7104], [20.1406, 44.7141], [20.1489, 44.7125], [20.1562, 44.7077], [20.1597, 44.7039], [20.1614, 44.6972], [20.1581, 44.683], [20.1609, 44.6766], [20.1677, 44.673], [20.1784, 44.6723], [20.1891, 44.6755], [20.1955, 44.6795], [20.2094, 44.7037], [20.2173, 44.7115], [20.223, 44.7145], [20.2311, 44.7146], [20.2378, 44.7119], [20.24, 44.7096], [20.2412, 44.7056], [20.2391, 44.7007], [20.2295, 44.6935], [20.2267, 44.6887], [20.228, 44.6816], [20.2326, 44.6766], [20.2485, 44.6651], [20.2578, 44.6623], [20.276, 44.6617], [20.2876, 44.6658], [20.3018, 44.6561], [20.3074, 44.6546], [20.3113, 44.6494], [20.3162, 44.6508], [20.3203, 44.6452], [20.3203, 44.6419], [20.3238, 44.6414], [20.322, 44.6403], [20.3234, 44.6391], [20.3266, 44.6407], [20.328, 44.6392], [20.3244, 44.6381], [20.3326, 44.6328], [20.3266, 44.6247], [20.316, 44.6193], [20.2677, 44.6037], [20.2747, 44.5969], [20.2719, 44.5959], [20.276, 44.5875], [20.2689, 44.583], [20.2775, 44.582], [20.2772, 44.5808], [20.2819, 44.5783], [20.2798, 44.5776], [20.2797, 44.5756], [20.2837, 44.5726], [20.2861, 44.571], [20.2904, 44.5721], [20.2942, 44.5694], [20.2956, 44.5702], [20.2988, 44.5688], [20.3008, 44.5679], [20.3018, 44.5645], [20.2825, 44.5598], [20.2746, 44.5563], [20.2702, 44.556], [20.2632, 44.5586]]]}}, {"type": "Feature", "properties": {"slug": "barajevo", "name": "Barajevo"}, "geometry": {"type": "Polygon", "coordinates": [[[20.3309, 44.6298], [20.3359, 44.6315], [20.343, 44.6316], [20.3545, 44.6393], [20.3605, 44.6302], [20.3812, 44.6308], [20.3816, 44.6343], [20.3784, 44.6392], [20.3793, 44.6422], [20.3754, 44.6465], [20.3839, 44.6492], [20.386, 44.6517], [20.3918, 44.645], [20.3942, 44.6441], [20.3977, 44.6481], [20.4048, 44.65], [20.4018, 44.6523], [20.4038, 44.6569], [20.4065, 44.659], [20.4124, 44.6529], [20.4125, 44.6509], [20.4185, 44.6488], [20.4139, 44.6477], [20.4162, 44.646], [20.4127, 44.6446], [20.4093, 44.6469], [20.4087, 44.6463], [20.4105, 44.6455], [20.4122, 44.6413], [20.4167, 44.6422], [20.4172, 44.6437], [20.4184, 44.6427], [20.4241, 44.6475], [20.4299, 44.6491], [20.4332, 44.6478], [20.4356, 44.6491], [20.4357, 44.647], [20.443, 44.6442], [20.4496, 44.6458], [20.4529, 44.6449], [20.4551, 44.64], [20.469, 44.6277], [20.4698, 44.6231], [20.4767, 44.6212], [20.4817, 44.6169], [20.4922, 44.6001], [20.4909, 44.5929], [20.4933, 44.5902], [20.4929, 44.5868], [20.4959, 44.5825], [20.4956, 44.5781], [20.4978, 44.5763], [20.494, 44.5755], [20.499, 44.5715], [20.497, 44.5685], [20.4933, 44.567], [20.4862, 44.5683], [20.4817, 44.5671], [20.4698, 44.5587], [20.4514, 44.5508], [20.4484, 44.5453], [20.4398, 44.5405], [20.4374, 44.5408], [20.435, 44.5369], [20.4335, 44.5371], [20.4308, 44.534], [20.4298, 44.5347], [20.4279, 44.5332], [20.4303, 44.5321], [20.4251, 44.5267], [20.4281, 44.5239], [20.4286, 44.5214], [20.4311, 44.5215], [20.435, 44.5187], [20.4413, 44.5172], [20.4459, 44.5129], [20.4442, 44.5106], [20.4439, 44.507], [20.4322, 44.5039], [20.4293, 44.5051], [20.4306, 44.5031], [20.4299, 44.5003], [20.4266, 44.4961], [20.4222, 44.4943], [20.423, 44.4907], [20.4185, 44.4844], [20.417, 44.4739], [20.4152, 44.4716], [20.4157, 44.4674], [20.414, 44.4651], [20.4103, 44.4664], [20.4041, 44.4649], [20.3999, 44.4673], [20.3881, 44.4676], [20.3797, 44.4696], [20.3752, 44.4722], [20.3644, 44.4738], [20.3601, 44.4771], [20.359, 44.4765], [20.3595, 44.4754], [20.3548, 44.4751], [20.3535, 44.4778], [20.3554, 44.482], [20.351, 44.4869], [20.3494, 44.4926], [20.3476, 44.4921], [20.3471, 44.4942], [20.3445, 44.4963], [20.343, 44.4958], [20.34, 44.499], [20.3392, 44.4983], [20.3378, 44.4979], [20.3374, 44.498], [20.3378, 44.4969], [20.3376, 44.4967], [20.337, 44.4966], [20.3358, 44.4972], [20.3344, 44.4962], [20.334, 44.4962], [20.3335, 44.4964], [20.3336, 44.496], [20.3332, 44.4952], [20.3337, 44.4948], [20.3335, 44.4946], [20.3317, 44.4933], [20.3306, 44.4932], [20.3304, 44.4932], [20.3303, 44.4936], [20.33, 44.4936], [20.3297, 44.4931], [20.3278, 44.4915], [20.3277, 44.4912], [20.3275, 44.4911], [20.3269, 44.4911], [20.3274, 44.4901], [20.3268, 44.4897], [20.3275, 44.4894], [20.3275, 44.4894], [20.3274, 44.4891], [20.3267, 44.4884], [20.3266, 44.488], [20.326, 44.4878], [20.3253, 44.4877], [20.3252, 44.4876], [20.3261, 44.487], [20.3262, 44.4862], [20.3252, 44.4855], [20.3243, 44.4856], [20.3234, 44.4854], [20.3231, 44.4855], [20.3224, 44.4859], [20.3219, 44.4852], [20.3215, 44.4849], [20.3189, 44.4851], [20.3225, 44.486], [20.3255, 44.4857], [20.3252, 44.4876], [20.3274, 44.4894], [20.3268, 44.4897], [20.3269, 44.4911], [20.33, 44.4937], [20.3335, 44.4946], [20.3332, 44.4952], [20.3333, 44.4964], [20.3359, 44.4973], [20.3376, 44.4967], [20.3372, 44.4979], [20.3374, 44.4981], [20.3377, 44.4979], [20.3383, 44.4983], [20.3391, 44.4983], [20.3406, 44.5004], [20.3453, 44.5002], [20.3456, 44.5029], [20.3478, 44.5028], [20.3469, 44.5042], [20.3531, 44.5063], [20.3528, 44.5073], [20.3554, 44.5087], [20.3556, 44.5099], [20.3452, 44.5205], [20.3468, 44.5208], [20.3424, 44.5272], [20.3346, 44.5315], [20.3315, 44.5312], [20.331, 44.5338], [20.3282, 44.534], [20.3288, 44.536], [20.3085, 44.5386], [20.3004, 44.5429], [20.2988, 44.5355], [20.3028, 44.5317], [20.3057, 44.5282], [20.3077, 44.5246], [20.309, 44.5213], [20.3056, 44.5281], [20.2988, 44.5354], [20.2983, 44.5335], [20.2969, 44.5307], [20.2939, 44.528], [20.2932, 44.5241], [20.2937, 44.528], [20.2981, 44.5334], [20.3007, 44.5446], [20.3001, 44.5526], [20.2982, 44.5571], [20.3021, 44.5631], [20.3018, 44.5645], [20.2986, 44.5638], [20.3018, 44.5645], [20.3008, 44.5679], [20.2956, 44.5702], [20.2942, 44.5694], [20.2904, 44.5721], [20.286, 44.5711], [20.2797, 44.5756], [20.2798, 44.5776], [20.2819, 44.5783], [20.2772, 44.5808], [20.2775, 44.582], [20.2691, 44.583], [20.276, 44.5875], [20.2719, 44.5959], [20.2748, 44.5969], [20.2678, 44.6036], [20.2802, 44.6069], [20.2942, 44.6129], [20.314, 44.6182], [20.3261, 44.6241], [20.3309, 44.6298]]]}}, {"type": "Feature", "properties": {"slug": "grocka", "name": "Grocka"}, "geometry": {"type": "Polygon", "coordinates": [[[20.5359, 44.7553], [20.5349, 44.761], [20.5394, 44.7626], [20.5443, 44.7694], [20.5495, 44.7714], [20.5489, 44.7732], [20.5641, 44.7647], [20.5673, 44.7664], [20.5674, 44.7679], [20.569, 44.7677], [20.5694, 44.7693], [20.5711, 44.7694], [20.5711, 44.7708], [20.5773, 44.7711], [20.5799, 44.7728], [20.5865, 44.7826], [20.587, 44.7854], [20.592, 44.7883], [20.5922, 44.7916], [20.5983, 44.7955], [20.6048, 44.7954], [20.6059, 44.7965], [20.6078, 44.7955], [20.6088, 44.7971], [20.6168, 44.7963], [20.6183, 44.7988], [20.6214, 44.8], [20.6294, 44.7992], [20.6268, 44.7688], [20.6304, 44.76], [20.6434, 44.7483], [20.6589, 44.742], [20.6781, 44.732], [20.6815, 44.7278], [20.6856, 44.7182], [20.6915, 44.7115], [20.7002, 44.7051], [20.7079, 44.6965], [20.7224, 44.6841], [20.7593, 44.6678], [20.7684, 44.6607], [20.7728, 44.6592], [20.7812, 44.6581], [20.8194, 44.6583], [20.8144, 44.6527], [20.8113, 44.6527], [20.8114, 44.6517], [20.8078, 44.6512], [20.8081, 44.65], [20.8059, 44.6508], [20.8043, 44.6491], [20.8016, 44.6489], [20.8025, 44.6478], [20.8007, 44.6472], [20.8016, 44.6464], [20.8006, 44.6432], [20.8028, 44.6402], [20.8033, 44.6372], [20.802, 44.6352], [20.8033, 44.6276], [20.7978, 44.6226], [20.7969, 44.6201], [20.7936, 44.6183], [20.7921, 44.6118], [20.799, 44.611], [20.8022, 44.608], [20.8023, 44.6063], [20.8051, 44.6061], [20.8058, 44.6073], [20.8082, 44.6048], [20.8107, 44.605], [20.8114, 44.6041], [20.8079, 44.6043], [20.808, 44.6031], [20.8128, 44.6024], [20.8134, 44.5973], [20.8181, 44.5958], [20.8172, 44.5952], [20.8185, 44.5915], [20.8176, 44.5914], [20.8202, 44.587], [20.8193, 44.5839], [20.8133, 44.5842], [20.8111, 44.5861], [20.8093, 44.5838], [20.8046, 44.5839], [20.7953, 44.5792], [20.7927, 44.5803], [20.7914, 44.5777], [20.7894, 44.5786], [20.7834, 44.578], [20.7808, 44.5752], [20.7817, 44.5742], [20.7781, 44.5732], [20.7775, 44.5746], [20.7755, 44.5744], [20.7745, 44.5724], [20.7768, 44.5718], [20.7701, 44.5703], [20.7719, 44.5687], [20.7687, 44.5669], [20.7675, 44.5651], [20.7685, 44.5636], [20.7665, 44.5621], [20.7579, 44.5621], [20.7584, 44.5593], [20.7553, 44.561], [20.7542, 44.5602], [20.7551, 44.5587], [20.7534, 44.5595], [20.7508, 44.5564], [20.7449, 44.5546], [20.7427, 44.5514], [20.7366, 44.554], [20.7349, 44.5519], [20.7321, 44.5531], [20.7325, 44.5541], [20.7296, 44.5555], [20.7273, 44.5587], [20.724, 44.5578], [20.7237, 44.5536], [20.7253, 44.5534], [20.7252, 44.5502], [20.7182, 44.5445], [20.7168, 44.5409], [20.7114, 44.5498], [20.7114, 44.5576], [20.7039, 44.5611], [20.6954, 44.5625], [20.686, 44.5703], [20.6786, 44.569], [20.6761, 44.5696], [20.6744, 44.568], [20.6715, 44.5679], [20.6715, 44.5732], [20.6629, 44.5804], [20.6552, 44.5846], [20.6501, 44.5916], [20.6471, 44.5911], [20.6467, 44.593], [20.6439, 44.5948], [20.6392, 44.5941], [20.6372, 44.5988], [20.6388, 44.6022], [20.6355, 44.6013], [20.6338, 44.604], [20.626, 44.6096], [20.6113, 44.6115], [20.6065, 44.617], [20.6123, 44.6242], [20.6109, 44.6293], [20.6046, 44.6329], [20.602, 44.6364], [20.5953, 44.6395], [20.594, 44.643], [20.5833, 44.6424], [20.5805, 44.6434], [20.5806, 44.6418], [20.5777, 44.6396], [20.5639, 44.6344], [20.5567, 44.6334], [20.5524, 44.6346], [20.5513, 44.6364], [20.5523, 44.6387], [20.5517, 44.6428], [20.5547, 44.6501], [20.5502, 44.6555], [20.5488, 44.6608], [20.5428, 44.664], [20.5415, 44.6726], [20.538, 44.6772], [20.533, 44.6808], [20.5386, 44.6811], [20.5527, 44.6786], [20.5639, 44.6787], [20.5684, 44.6794], [20.584, 44.6864], [20.5815, 44.6884], [20.5828, 44.6919], [20.5812, 44.6964], [20.5771, 44.6998], [20.5777, 44.7011], [20.575, 44.702], [20.5727, 44.7051], [20.5715, 44.7044], [20.5715, 44.7054], [20.5677, 44.7066], [20.5671, 44.7087], [20.5693, 44.7107], [20.568, 44.7116], [20.57, 44.7161], [20.5664, 44.7192], [20.5522, 44.725], [20.5482, 44.728], [20.5514, 44.7309], [20.5511, 44.7341], [20.5484, 44.7346], [20.5504, 44.7352], [20.5509, 44.7434], [20.5462, 44.7468], [20.5417, 44.7521], [20.5359, 44.7553]]]}}, {"type": "Feature", "properties": {"slug": "sopot", "name": "Sopot"}, "geometry": {"type": "Polygon", "coordinates": [[[20.4295, 44.5211], [20.4251, 44.5267], [20.4303, 44.5321], [20.4279, 44.5332], [20.4286, 44.5339], [20.4308, 44.534], [20.4341, 44.5374], [20.435, 44.5369], [20.4374, 44.5408], [20.4398, 44.5405], [20.4484, 44.5453], [20.4514, 44.5508], [20.4698, 44.5587], [20.4817, 44.5671], [20.4862, 44.5683], [20.4931, 44.5669], [20.4966, 44.5682], [20.499, 44.5714], [20.494, 44.5756], [20.4977, 44.5763], [20.4982, 44.5753], [20.5005, 44.5754], [20.5051, 44.5788], [20.5085, 44.5777], [20.5136, 44.5787], [20.5152, 44.5809], [20.5192, 44.5825], [20.5203, 44.5852], [20.5301, 44.5883], [20.5453, 44.5879], [20.5575, 44.5937], [20.5584, 44.5956], [20.5634, 44.5987], [20.5573, 44.6054], [20.5567, 44.6104], [20.5591, 44.6143], [20.5686, 44.6114], [20.5785, 44.6104], [20.593, 44.615], [20.5965, 44.614], [20.6005, 44.6158], [20.6078, 44.6167], [20.6113, 44.6115], [20.626, 44.6096], [20.6338, 44.604], [20.6355, 44.6013], [20.6388, 44.6022], [20.6372, 44.5988], [20.6392, 44.5941], [20.6439, 44.5948], [20.6467, 44.593], [20.6471, 44.5911], [20.6501, 44.5916], [20.6552, 44.5846], [20.6629, 44.5804], [20.6718, 44.5723], [20.6707, 44.5651], [20.6729, 44.5631], [20.673, 44.5613], [20.6699, 44.5597], [20.6699, 44.5569], [20.6597, 44.5477], [20.6582, 44.5448], [20.658, 44.5388], [20.661, 44.534], [20.6538, 44.5294], [20.6401, 44.5236], [20.6422, 44.5201], [20.6416, 44.5185], [20.6452, 44.5146], [20.634, 44.5103], [20.6282, 44.5143], [20.6269, 44.5128], [20.632, 44.5088], [20.6301, 44.5076], [20.6409, 44.4991], [20.6439, 44.494], [20.6266, 44.4894], [20.6231, 44.487], [20.6189, 44.4861], [20.6171, 44.4835], [20.6083, 44.48], [20.6005, 44.4718], [20.5939, 44.4678], [20.5926, 44.4632], [20.5855, 44.4642], [20.5777, 44.4714], [20.5664, 44.4653], [20.567, 44.4614], [20.5639, 44.4539], [20.5578, 44.4488], [20.5473, 44.4461], [20.5443, 44.4412], [20.55, 44.4235], [20.5497, 44.4203], [20.5477, 44.4201], [20.5475, 44.417], [20.5286, 44.4217], [20.5235, 44.421], [20.5159, 44.4242], [20.5116, 44.4209], [20.5082, 44.422], [20.5062, 44.4188], [20.5005, 44.4215], [20.4958, 44.4202], [20.4916, 44.4265], [20.4869, 44.4258], [20.482, 44.434], [20.4749, 44.4348], [20.4735, 44.4372], [20.4684, 44.4391], [20.4649, 44.4436], [20.4641, 44.4424], [20.4612, 44.4421], [20.4516, 44.4429], [20.4444, 44.4381], [20.4438, 44.4425], [20.4309, 44.4468], [20.4293, 44.4486], [20.4274, 44.4475], [20.4257, 44.4481], [20.4142, 44.4549], [20.4147, 44.46], [20.4135, 44.4633], [20.4146, 44.4635], [20.414, 44.4652], [20.4157, 44.4674], [20.4153, 44.4723], [20.4171, 44.4738], [20.4185, 44.4844], [20.423, 44.4907], [20.4222, 44.4943], [20.4266, 44.4961], [20.4299, 44.5003], [20.4306, 44.5031], [20.4293, 44.5051], [20.4322, 44.5039], [20.4439, 44.507], [20.4442, 44.5106], [20.4459, 44.5129], [20.4413, 44.5172], [20.435, 44.5187], [20.4311, 44.5215], [20.4295, 44.5211]]]}}, {"type": "Feature", "properties": {"slug": "surcin", "name": "Surčin"}, "geometry": {"type": "Polygon", "coordinates": [[[20.0966, 44.8073], [20.1389, 44.803], [20.1424, 44.8111], [20.1556, 44.8092], [20.1587, 44.8121], [20.1609, 44.8197], [20.1758, 44.8196], [20.1811, 44.8456], [20.1859, 44.8437], [20.1964, 44.8453], [20.2138, 44.8593], [20.2401, 44.866], [20.2543, 44.8709], [20.2613, 44.8827], [20.2794, 44.8754], [20.2858, 44.8448], [20.2857, 44.8332], [20.3257, 44.8343], [20.3328, 44.8098], [20.3367, 44.8081], [20.334, 44.8058], [20.3353, 44.8011], [20.3336, 44.8004], [20.336, 44.7898], [20.3385, 44.7908], [20.3382, 44.7884], [20.3405, 44.7859], [20.3417, 44.7872], [20.3474, 44.7713], [20.351, 44.7688], [20.3398, 44.7559], [20.322, 44.7449], [20.3093, 44.7326], [20.306, 44.7195], [20.3052, 44.7064], [20.3063, 44.6964], [20.3047, 44.6867], [20.3027, 44.6831], [20.2868, 44.6652], [20.276, 44.6617], [20.2578, 44.6623], [20.2485, 44.6651], [20.2326, 44.6766], [20.228, 44.6816], [20.2267, 44.6887], [20.2295, 44.6935], [20.2391, 44.7007], [20.2412, 44.7056], [20.24, 44.7096], [20.2378, 44.7119], [20.2342, 44.7138], [20.2278, 44.7148], [20.2199, 44.7134], [20.2108, 44.7054], [20.1955, 44.6795], [20.1835, 44.6734], [20.1716, 44.6723], [20.1629, 44.6753], [20.1589, 44.6798], [20.1582, 44.6844], [20.1614, 44.6996], [20.1597, 44.7039], [20.1543, 44.7092], [20.1439, 44.7138], [20.1368, 44.7138], [20.1285, 44.7117], [20.124, 44.714], [20.1246, 44.7156], [20.118, 44.7144], [20.117, 44.716], [20.1021, 44.7239], [20.1029, 44.7257], [20.1046, 44.7254], [20.1047, 44.7275], [20.1124, 44.7288], [20.1158, 44.7267], [20.1217, 44.7277], [20.121, 44.7316], [20.1194, 44.7328], [20.1213, 44.7362], [20.1242, 44.7374], [20.1276, 44.7364], [20.1272, 44.7372], [20.1324, 44.7388], [20.112, 44.752], [20.1137, 44.7584], [20.1237, 44.7574], [20.1244, 44.7602], [20.1349, 44.7608], [20.1358, 44.7667], [20.1316, 44.7679], [20.1276, 44.7725], [20.1161, 44.7737], [20.1054, 44.7795], [20.0986, 44.78], [20.0965, 44.7815], [20.0954, 44.786], [20.0879, 44.7873], [20.0966, 44.8073]]]}}, {"type": "Feature", "properties": {"slug": "novi-beograd", "name": "Novi Beograd"}, "geometry": {"type": "Polygon", "coordinates": [[[20.4436, 44.8256], [20.4474, 44.8177], [20.4483, 44.8127], [20.4466, 44.8084], [20.4398, 44.8019], [20.4288, 44.7968], [20.4119, 44.7967], [20.398, 44.794], [20.3869, 44.7902], [20.3779, 44.7891], [20.3725, 44.7859], [20.3603, 44.7742], [20.351, 44.7688], [20.3474, 44.7713], [20.3417, 44.7872], [20.3405, 44.7859], [20.3382, 44.7884], [20.3385, 44.7908], [20.336, 44.7898], [20.3336, 44.8004], [20.3353, 44.8011], [20.334, 44.8058], [20.3367, 44.8081], [20.3328, 44.8098], [20.3257, 44.8343], [20.3585, 44.8324], [20.3626, 44.8307], [20.3651, 44.8314], [20.3756, 44.8299], [20.3779, 44.829], [20.3776, 44.8281], [20.3816, 44.8282], [20.3905, 44.8251], [20.3943, 44.8298], [20.3956, 44.8342], [20.4096, 44.8358], [20.4104, 44.8333], [20.4157, 44.8339], [20.417, 44.8279], [20.4198, 44.8282], [20.422, 44.8247], [20.4274, 44.8266], [20.4275, 44.8245], [20.4292, 44.8234], [20.4352, 44.8225], [20.4436, 44.8256]]]}}, {"type": "Feature", "properties": {"slug": "zemun", "name": "Zemun"}, "geometry": {"type": "Polygon", "coordinates": [[[20.4521, 44.8339], [20.4428, 44.8249], [20.4352, 44.8225], [20.4292, 44.8234], [20.4275, 44.8245], [20.4274, 44.8266], [20.4251, 44.8251], [20.4215, 44.825], [20.4198, 44.8282], [20.417, 44.8279], [20.4157, 44.8339], [20.4104, 44.8333], [20.4096, 44.8358], [20.3956, 44.8342], [20.3943, 44.8298], [20.3905, 44.8251], [20.3816, 44.8282], [20.3776, 44.8281], [20.3779, 44.829], [20.3756, 44.8299], [20.3651, 44.8314], [20.3626, 44.8307], [20.3607, 44.8321], [20.3531, 44.833], [20.3274, 44.8343], [20.2857, 44.8332], [20.2858, 44.8448], [20.2794, 44.8754], [20.261, 44.8827], [20.2543, 44.8709], [20.2401, 44.866], [20.2138, 44.8593], [20.1964, 44.8453], [20.1859, 44.8437], [20.1811, 44.8456], [20.1756, 44.8193], [20.1609, 44.8197], [20.1587, 44.8121], [20.1556, 44.8092], [20.1424, 44.8111], [20.1458, 44.8301], [20.1461, 44.8568], [20.1601, 44.8625], [20.1659, 44.8693], [20.1635, 44.8853], [20.1709, 44.8937], [20.1693, 44.9071], [20.2015, 44.9089], [20.2252, 44.907], [20.2214, 44.9155], [20.2704, 44.9346], [20.2746, 44.9304], [20.296, 44.9381], [20.2946, 44.9402], [20.3011, 44.9427], [20.3059, 44.9377], [20.3143, 44.9327], [20.3297, 44.9204], [20.3391, 44.9118], [20.3437, 44.9104], [20.3475, 44.906], [20.3559, 44.8913], [20.3606, 44.8807], [20.3717, 44.8706], [20.3912, 44.8598], [20.4139, 44.8527], [20.4245, 44.8431], [20.4521, 44.8339]]]}}, {"type": "Feature", "properties": {"slug": "vracar", "name": "Vračar"}, "geometry": {"type": "Polygon", "coordinates": [[[20.4627, 44.8076], [20.4666, 44.8104], [20.4821, 44.8028], [20.4902, 44.7955], [20.4977, 44.7914], [20.4841, 44.7923], [20.4702, 44.7903], [20.4694, 44.7918], [20.466, 44.7928], [20.465, 44.7952], [20.4662, 44.803], [20.4627, 44.8076]]]}}, {"type": "Feature", "properties": {"slug": "savski-venac", "name": "Savski venac"}, "geometry": {"type": "Polygon", "coordinates": [[[20.4574, 44.8142], [20.4662, 44.803], [20.465, 44.7952], [20.4668, 44.7918], [20.4653, 44.7875], [20.4683, 44.7796], [20.4672, 44.7716], [20.4657, 44.7698], [20.4738, 44.7615], [20.4726, 44.7566], [20.47, 44.7546], [20.4578, 44.7583], [20.4488, 44.7586], [20.4477, 44.7631], [20.444, 44.7683], [20.4409, 44.7703], [20.44, 44.7738], [20.4381, 44.7738], [20.437, 44.7715], [20.4361, 44.7772], [20.4369, 44.7822], [20.4303, 44.785], [20.4295, 44.7883], [20.4248, 44.7928], [20.4288, 44.7968], [20.4377, 44.8007], [20.4436, 44.805], [20.4474, 44.8097], [20.4481, 44.8153], [20.4574, 44.8142]]]}}, {"type": "Feature", "properties": {"slug": "zvezdara", "name": "Zvezdara"}, "geometry": {"type": "Polygon", "coordinates": [[[20.546, 44.7345], [20.543, 44.7394], [20.533, 44.7398], [20.529, 44.7444], [20.5223, 44.7473], [20.521, 44.7503], [20.5177, 44.7515], [20.5157, 44.7551], [20.5125, 44.7559], [20.5142, 44.757], [20.5104, 44.7582], [20.5113, 44.7596], [20.5082, 44.7605], [20.5079, 44.7594], [20.5059, 44.7594], [20.5055, 44.7634], [20.5033, 44.7638], [20.5015, 44.7663], [20.5017, 44.7653], [20.5009, 44.7657], [20.5004, 44.7664], [20.5025, 44.7673], [20.5008, 44.7688], [20.5037, 44.7713], [20.5103, 44.7735], [20.5128, 44.7767], [20.5023, 44.7803], [20.4979, 44.7914], [20.4902, 44.7955], [20.4821, 44.8028], [20.4775, 44.805], [20.492, 44.815], [20.5086, 44.8112], [20.523, 44.8015], [20.5311, 44.8029], [20.5358, 44.8116], [20.538, 44.8106], [20.5368, 44.8089], [20.5425, 44.8073], [20.5435, 44.8023], [20.5502, 44.7909], [20.5533, 44.7898], [20.5598, 44.7902], [20.5651, 44.792], [20.5655, 44.7906], [20.5693, 44.7912], [20.5731, 44.7894], [20.5744, 44.7854], [20.5778, 44.7873], [20.5792, 44.7843], [20.5823, 44.7846], [20.5817, 44.7826], [20.5852, 44.7809], [20.5799, 44.7728], [20.5773, 44.7711], [20.5711, 44.7708], [20.5711, 44.7694], [20.5694, 44.7693], [20.569, 44.7677], [20.5674, 44.7679], [20.5673, 44.7664], [20.5641, 44.7647], [20.5488, 44.7733], [20.549, 44.7709], [20.5449, 44.7699], [20.5393, 44.7625], [20.5349, 44.761], [20.5344, 44.7587], [20.5359, 44.7553], [20.5417, 44.7521], [20.5462, 44.7468], [20.5509, 44.7434], [20.5504, 44.7352], [20.5484, 44.7346], [20.5511, 44.7341], [20.5514, 44.7309], [20.5484, 44.7281], [20.546, 44.73], [20.546, 44.7345]]]}}, {"type": "Feature", "properties": {"slug": "cukarica", "name": "Čukarica"}, "geometry": {"type": "Polygon", "coordinates": [[[20.4288, 44.7968], [20.4248, 44.7928], [20.4252, 44.7919], [20.4295, 44.7883], [20.4303, 44.785], [20.4371, 44.7815], [20.4361, 44.7766], [20.4384, 44.7687], [20.4352, 44.7645], [20.4346, 44.7669], [20.4323, 44.7636], [20.4349, 44.7617], [20.4331, 44.7594], [20.4367, 44.7564], [20.4373, 44.7544], [20.4249, 44.7434], [20.4126, 44.7419], [20.4186, 44.7366], [20.4201, 44.7299], [20.4146, 44.7147], [20.4134, 44.7024], [20.4192, 44.7021], [20.4217, 44.7035], [20.4213, 44.7019], [20.4252, 44.6976], [20.4279, 44.6981], [20.4313, 44.6941], [20.4358, 44.6934], [20.4403, 44.6905], [20.4452, 44.691], [20.4491, 44.6881], [20.4571, 44.6887], [20.4635, 44.6868], [20.4678, 44.6892], [20.4689, 44.6842], [20.4723, 44.6844], [20.4756, 44.6812], [20.4813, 44.68], [20.4791, 44.6751], [20.4812, 44.6723], [20.4775, 44.6712], [20.4769, 44.6673], [20.4681, 44.6639], [20.4667, 44.6615], [20.4577, 44.6633], [20.459, 44.6582], [20.458, 44.6565], [20.4512, 44.6538], [20.4439, 44.6532], [20.4364, 44.6503], [20.4332, 44.6478], [20.4299, 44.6491], [20.425, 44.648], [20.4218, 44.6448], [20.4184, 44.6427], [20.4172, 44.6437], [20.4149, 44.6415], [20.4122, 44.6413], [20.4105, 44.6455], [20.4086, 44.6461], [20.4093, 44.6469], [20.4127, 44.6446], [20.4162, 44.646], [20.4139, 44.6477], [20.4185, 44.6488], [20.4125, 44.6509], [20.4124, 44.6529], [20.4065, 44.659], [20.4038, 44.6569], [20.4018, 44.6523], [20.4048, 44.65], [20.3977, 44.6481], [20.3942, 44.6441], [20.3918, 44.645], [20.3853, 44.6516], [20.3839, 44.6492], [20.3754, 44.6465], [20.3793, 44.6422], [20.3784, 44.6392], [20.3816, 44.6343], [20.3812, 44.6308], [20.3605, 44.6302], [20.3545, 44.6394], [20.3424, 44.6314], [20.3356, 44.6315], [20.3307, 44.6299], [20.3322, 44.6334], [20.3244, 44.6381], [20.328, 44.6392], [20.3266, 44.6407], [20.3234, 44.6391], [20.322, 44.6403], [20.3238, 44.6414], [20.3203, 44.6419], [20.3203, 44.6452], [20.3162, 44.6508], [20.3113, 44.6494], [20.3074, 44.6546], [20.3018, 44.6561], [20.2876, 44.6658], [20.3047, 44.6867], [20.3063, 44.6964], [20.3052, 44.7064], [20.306, 44.7195], [20.3093, 44.7326], [20.322, 44.7449], [20.3398, 44.7559], [20.351, 44.7688], [20.3603, 44.7742], [20.3725, 44.7859], [20.3779, 44.7891], [20.3869, 44.7902], [20.398, 44.794], [20.4119, 44.7967], [20.4288, 44.7968]]]}}, {"type": "Feature", "properties": {"slug": "rakovica", "name": "Rakovica"}, "geometry": {"type": "Polygon", "coordinates": [[[20.4683, 44.705], [20.4647, 44.7019], [20.4615, 44.7028], [20.457, 44.7008], [20.4559, 44.6993], [20.4577, 44.6978], [20.4571, 44.6958], [20.4534, 44.6929], [20.4551, 44.6919], [20.453, 44.6911], [20.454, 44.6888], [20.4495, 44.688], [20.4452, 44.691], [20.4403, 44.6905], [20.4358, 44.6934], [20.4313, 44.6941], [20.4279, 44.6981], [20.4252, 44.6976], [20.4213, 44.7019], [20.4217, 44.7035], [20.4192, 44.7021], [20.4134, 44.7024], [20.4146, 44.7147], [20.4201, 44.7299], [20.4186, 44.7366], [20.4126, 44.7419], [20.4249, 44.7434], [20.4368, 44.7534], [20.437, 44.756], [20.4331, 44.7594], [20.4349, 44.7617], [20.4323, 44.7636], [20.4346, 44.7669], [20.4352, 44.7645], [20.4384, 44.7687], [20.4372, 44.771], [20.4381, 44.7738], [20.44, 44.7738], [20.4409, 44.7703], [20.4444, 44.7679], [20.4456, 44.7647], [20.4477, 44.7631], [20.4488, 44.7586], [20.4579, 44.7582], [20.4653, 44.7546], [20.4678, 44.7503], [20.4674, 44.7449], [20.4686, 44.7431], [20.4631, 44.7415], [20.4651, 44.7356], [20.4664, 44.7344], [20.4688, 44.7359], [20.4714, 44.7349], [20.478, 44.7282], [20.4849, 44.7277], [20.477, 44.7235], [20.4753, 44.7195], [20.4773, 44.718], [20.4766, 44.7166], [20.4861, 44.7128], [20.4904, 44.7063], [20.4878, 44.707], [20.4802, 44.7033], [20.4761, 44.705], [20.4754, 44.704], [20.4712, 44.7054], [20.4683, 44.705]]]}}, {"type": "Feature", "properties": {"slug": "vozdovac", "name": "Voždovac"}, "geometry": {"type": "Polygon", "coordinates": [[[20.5209, 44.7503], [20.5222, 44.7473], [20.529, 44.7443], [20.533, 44.7398], [20.543, 44.7394], [20.546, 44.7345], [20.546, 44.73], [20.5484, 44.7278], [20.5522, 44.725], [20.5664, 44.7192], [20.57, 44.7161], [20.568, 44.7116], [20.5693, 44.7107], [20.5671, 44.7087], [20.5676, 44.7066], [20.5715, 44.7053], [20.5715, 44.7043], [20.5726, 44.7051], [20.575, 44.702], [20.5777, 44.7011], [20.5771, 44.6998], [20.5812, 44.6964], [20.5828, 44.6919], [20.5815, 44.6884], [20.584, 44.6856], [20.5679, 44.6792], [20.5527, 44.6786], [20.5324, 44.6812], [20.5407, 44.6731], [20.5422, 44.6645], [20.5489, 44.6604], [20.5502, 44.6549], [20.5544, 44.6502], [20.5515, 44.6429], [20.5517, 44.635], [20.5536, 44.6336], [20.5626, 44.6339], [20.5777, 44.6396], [20.5806, 44.6418], [20.5804, 44.6434], [20.5831, 44.6422], [20.594, 44.643], [20.5953, 44.6395], [20.6019, 44.6363], [20.6046, 44.6328], [20.6104, 44.6299], [20.6125, 44.6255], [20.6065, 44.6169], [20.5974, 44.6141], [20.593, 44.615], [20.5779, 44.6105], [20.5687, 44.6114], [20.5591, 44.6143], [20.5567, 44.6109], [20.5573, 44.6054], [20.5633, 44.5987], [20.5584, 44.5956], [20.5574, 44.5937], [20.5453, 44.588], [20.5393, 44.5888], [20.5283, 44.5879], [20.5202, 44.5852], [20.5191, 44.5825], [20.5151, 44.581], [20.5133, 44.579], [20.5089, 44.5778], [20.5048, 44.5788], [20.4997, 44.5754], [20.4958, 44.5778], [20.495, 44.5802], [20.4959, 44.5825], [20.4929, 44.5868], [20.4933, 44.5902], [20.491, 44.5924], [20.4922, 44.6001], [20.4817, 44.6169], [20.4767, 44.6212], [20.4698, 44.6231], [20.469, 44.6277], [20.4551, 44.64], [20.4529, 44.6449], [20.4496, 44.6458], [20.443, 44.6442], [20.4357, 44.647], [20.4356, 44.6491], [20.4439, 44.6532], [20.4512, 44.6538], [20.4581, 44.6564], [20.4591, 44.6582], [20.4578, 44.6633], [20.4667, 44.6615], [20.4681, 44.6639], [20.4769, 44.6672], [20.4775, 44.6712], [20.4812, 44.6723], [20.4791, 44.6751], [20.4813, 44.6801], [20.4755, 44.6814], [20.4723, 44.6844], [20.469, 44.6845], [20.4679, 44.6892], [20.4635, 44.6868], [20.454, 44.6888], [20.453, 44.6911], [20.4551, 44.6919], [20.4534, 44.6929], [20.4571, 44.6958], [20.4577, 44.6978], [20.4559, 44.6993], [20.457, 44.7008], [20.4615, 44.7027], [20.4646, 44.7019], [20.4691, 44.7053], [20.4751, 44.704], [20.4761, 44.705], [20.4802, 44.7033], [20.4878, 44.707], [20.4904, 44.7063], [20.4861, 44.7128], [20.4766, 44.7166], [20.4773, 44.718], [20.4753, 44.7195], [20.477, 44.7235], [20.4849, 44.7278], [20.4772, 44.7285], [20.4715, 44.7348], [20.4688, 44.7359], [20.4664, 44.7344], [20.4637, 44.738], [20.4634, 44.7419], [20.4686, 44.7431], [20.4674, 44.7449], [20.4673, 44.7516], [20.4623, 44.7565], [20.4709, 44.7549], [20.4728, 44.7569], [20.4738, 44.7615], [20.4657, 44.7698], [20.4672, 44.7716], [20.4683, 44.7796], [20.4653, 44.7875], [20.4666, 44.7922], [20.4694, 44.7918], [20.4702, 44.7903], [20.4841, 44.7923], [20.4979, 44.7914], [20.5023, 44.7803], [20.5128, 44.7767], [20.5103, 44.7735], [20.5018, 44.7702], [20.5007, 44.7683], [20.5025, 44.7673], [20.5004, 44.7664], [20.5055, 44.7634], [20.5059, 44.7594], [20.5079, 44.7594], [20.5082, 44.7605], [20.5113, 44.7596], [20.5104, 44.7582], [20.5142, 44.757], [20.5125, 44.7559], [20.5157, 44.7551], [20.5177, 44.7515], [20.5209, 44.7503]]]}}, {"type": "Feature", "properties": {"slug": "palilula-beograd", "name": "Palilula (Beograd)"}, "geometry": {"type": "Polygon", "coordinates": [[[20.6197, 44.8948], [20.6143, 44.8871], [20.6164, 44.8815], [20.6232, 44.8694], [20.6196, 44.8673], [20.6019, 44.8671], [20.5912, 44.8627], [20.5928, 44.861], [20.5962, 44.8616], [20.6174, 44.8575], [20.6213, 44.856], [20.6207, 44.8543], [20.5954, 44.8552], [20.5825, 44.8521], [20.5762, 44.8486], [20.5826, 44.8463], [20.5863, 44.8427], [20.5897, 44.8386], [20.5912, 44.833], [20.5969, 44.8283], [20.6045, 44.8276], [20.6131, 44.8297], [20.6174, 44.8291], [20.6178, 44.8251], [20.6136, 44.8194], [20.6149, 44.817], [20.6248, 44.809], [20.6301, 44.802], [20.6294, 44.7992], [20.6214, 44.8], [20.6183, 44.7988], [20.6168, 44.7963], [20.6088, 44.7971], [20.6078, 44.7955], [20.6059, 44.7965], [20.6048, 44.7954], [20.5983, 44.7955], [20.5922, 44.7916], [20.5922, 44.7887], [20.587, 44.7854], [20.5852, 44.7809], [20.5817, 44.7826], [20.5823, 44.7846], [20.5792, 44.7843], [20.5778, 44.7873], [20.5744, 44.7854], [20.5746, 44.7873], [20.5731, 44.7881], [20.574, 44.7887], [20.5693, 44.7912], [20.5655, 44.7906], [20.5653, 44.792], [20.5635, 44.7922], [20.5598, 44.7902], [20.5536, 44.7898], [20.5502, 44.7909], [20.5435, 44.8023], [20.5425, 44.8073], [20.5368, 44.8089], [20.538, 44.8106], [20.5358, 44.8116], [20.5311, 44.8029], [20.5237, 44.8016], [20.5201, 44.8028], [20.5086, 44.8112], [20.492, 44.815], [20.4776, 44.8047], [20.4666, 44.8104], [20.4749, 44.8148], [20.4746, 44.8193], [20.4765, 44.8192], [20.4796, 44.8265], [20.4787, 44.83], [20.4498, 44.8344], [20.4245, 44.8431], [20.4139, 44.8527], [20.3912, 44.8598], [20.3794, 44.8655], [20.3618, 44.8791], [20.3459, 44.908], [20.3437, 44.9104], [20.3391, 44.9118], [20.3143, 44.9327], [20.3043, 44.9391], [20.2949, 44.9495], [20.289, 44.9581], [20.2876, 44.9693], [20.2899, 44.9847], [20.2906, 44.9868], [20.2993, 44.993], [20.32, 45.003], [20.3386, 45.0077], [20.3509, 45.0094], [20.3576, 45.0134], [20.3594, 45.0165], [20.3629, 45.0308], [20.3588, 45.042], [20.3578, 45.0491], [20.3453, 45.066], [20.3341, 45.0744], [20.3603, 45.0876], [20.3727, 45.0965], [20.3768, 45.0968], [20.4035, 45.0891], [20.42, 45.0811], [20.4218, 45.0764], [20.4172, 45.0706], [20.419, 45.0638], [20.417, 45.0605], [20.416, 45.0525], [20.4227, 45.0484], [20.4216, 45.0458], [20.4229, 45.0413], [20.4271, 45.0375], [20.4281, 45.0347], [20.4405, 45.0296], [20.4425, 45.0275], [20.4428, 45.0254], [20.4492, 45.0238], [20.4584, 45.0191], [20.4695, 45.0073], [20.4769, 44.9963], [20.481, 44.9932], [20.4866, 44.9937], [20.4893, 44.9894], [20.5076, 44.9868], [20.5211, 44.98], [20.5229, 44.9767], [20.5181, 44.9744], [20.5178, 44.9721], [20.5309, 44.9564], [20.5346, 44.9497], [20.5565, 44.9405], [20.5667, 44.9396], [20.5687, 44.9423], [20.5728, 44.9429], [20.5763, 44.9403], [20.575, 44.9371], [20.5761, 44.9356], [20.5828, 44.9372], [20.5866, 44.9368], [20.5961, 44.9328], [20.6107, 44.9177], [20.6224, 44.9085], [20.6184, 44.9024], [20.6197, 44.8948]]]}}, {"type": "Feature", "properties": {"slug": "kim", "name": "AP Kosovo i Metohija"}, "geometry": {"type": "Polygon", "coordinates": [[[20.109, 42.6484], [20.097, 42.6426], [20.0899, 42.6309], [20.0757, 42.6209], [20.0728, 42.6069], [20.0862, 42.5874], [20.0885, 42.576], [20.0763, 42.5558], [20.0883, 42.5507], [20.1002, 42.5326], [20.165, 42.5067], [20.1674, 42.4958], [20.1803, 42.4866], [20.1825, 42.473], [20.1968, 42.4625], [20.193, 42.4525], [20.2206, 42.4337], [20.2266, 42.4233], [20.2261, 42.4144], [20.214, 42.4097], [20.208, 42.4016], [20.2401, 42.3801], [20.2402, 42.3736], [20.2452, 42.37], [20.2448, 42.353], [20.2361, 42.3473], [20.2479, 42.3332], [20.2426, 42.327], [20.2573, 42.3188], [20.2927, 42.3235], [20.3055, 42.3149], [20.3272, 42.3277], [20.3391, 42.3277], [20.3539, 42.3172], [20.3534, 42.3096], [20.3948, 42.2986], [20.4047, 42.2847], [20.4564, 42.2723], [20.4972, 42.2404], [20.5021, 42.2281], [20.514, 42.2243], [20.5242, 42.2105], [20.5315, 42.1859], [20.5426, 42.1717], [20.5428, 42.1662], [20.5471, 42.1647], [20.5431, 42.1607], [20.5585, 42.1466], [20.5554, 42.14], [20.5681, 42.1212], [20.5609, 42.1086], [20.5675, 42.0979], [20.5546, 42.0826], [20.559, 42.0789], [20.5578, 42.0752], [20.5698, 42.0591], [20.5759, 42.0581], [20.5945, 42.0428], [20.5973, 42.0197], [20.6016, 42.0171], [20.6118, 41.9854], [20.6243, 41.9743], [20.6266, 41.961], [20.6194, 41.9394], [20.5901, 41.9267], [20.5855, 41.9176], [20.5758, 41.9175], [20.5943, 41.8773], [20.6192, 41.8578], [20.6364, 41.8635], [20.6484, 41.8745], [20.6634, 41.8753], [20.6785, 41.8685], [20.6849, 41.8576], [20.7059, 41.8647], [20.728, 41.8643], [20.7405, 41.8928], [20.7497, 41.8949], [20.7557, 41.9061], [20.7765, 41.9185], [20.7547, 41.9468], [20.766, 41.9536], [20.7671, 41.9628], [20.7488, 41.9824], [20.7519, 42.0153], [20.7482, 42.0257], [20.7636, 42.0408], [20.7651, 42.0453], [20.7582, 42.0534], [20.7786, 42.0648], [20.786, 42.0718], [20.7846, 42.0789], [20.7908, 42.0831], [20.8341, 42.086], [20.8417, 42.0975], [20.8482, 42.0994], [20.8915, 42.0974], [20.9145, 42.1152], [20.92, 42.1286], [20.9279, 42.1273], [20.9448, 42.1381], [20.9694, 42.1366], [21.0093, 42.1506], [21.0264, 42.1523], [21.0433, 42.1661], [21.0493, 42.1663], [21.068, 42.1858], [21.0913, 42.1942], [21.1038, 42.2059], [21.1191, 42.2068], [21.1254, 42.2022], [21.1606, 42.1975], [21.168, 42.191], [21.1806, 42.1667], [21.1863, 42.1652], [21.2145, 42.1328], [21.2169, 42.124], [21.2126, 42.111], [21.2223, 42.0937], [21.2335, 42.0982], [21.2334, 42.0953], [21.2458, 42.0927], [21.2684, 42.0947], [21.2913, 42.1051], [21.2947, 42.112], [21.3035, 42.1045], [21.3213, 42.108], [21.3024, 42.1413], [21.3106, 42.1448], [21.3103, 42.149], [21.321, 42.1608], [21.3173, 42.1702], [21.327, 42.1762], [21.3352, 42.1903], [21.3311, 42.1991], [21.335, 42.2075], [21.3383, 42.2037], [21.3458, 42.2048], [21.3584, 42.2208], [21.3713, 42.2243], [21.3697, 42.2273], [21.3753, 42.236], [21.3857, 42.2415], [21.3822, 42.2446], [21.3851, 42.2465], [21.4013, 42.2492], [21.4138, 42.2439], [21.4172, 42.2458], [21.4339, 42.2317], [21.4443, 42.2349], [21.4325, 42.2593], [21.4404, 42.2623], [21.44, 42.2743], [21.4449, 42.2779], [21.4708, 42.28], [21.5111, 42.2705], [21.5111, 42.266], [21.5201, 42.2606], [21.5177, 42.2595], [21.5213, 42.2415], [21.532, 42.2406], [21.5443, 42.2535], [21.569, 42.2507], [21.5836, 42.2593], [21.5893, 42.2696], [21.5834, 42.2756], [21.5845, 42.283], [21.5618, 42.2988], [21.5657, 42.2998], [21.5632, 42.3016], [21.5658, 42.3098], [21.5591, 42.3154], [21.5419, 42.3089], [21.5385, 42.319], [21.5329, 42.3198], [21.5369, 42.3209], [21.5248, 42.3255], [21.5253, 42.342], [21.5354, 42.3597], [21.5319, 42.3664], [21.5404, 42.3733], [21.5523, 42.3624], [21.5613, 42.3678], [21.5714, 42.3627], [21.5795, 42.3679], [21.5743, 42.3756], [21.5944, 42.3839], [21.6059, 42.3753], [21.6207, 42.378], [21.6275, 42.3922], [21.6372, 42.3987], [21.6357, 42.4036], [21.6449, 42.4084], [21.6465, 42.4133], [21.6371, 42.4207], [21.6378, 42.4292], [21.6224, 42.4531], [21.658, 42.4761], [21.6578, 42.4837], [21.6712, 42.4843], [21.6672, 42.4928], [21.6911, 42.5027], [21.6938, 42.5054], [21.692, 42.5156], [21.7075, 42.5131], [21.7106, 42.5166], [21.6934, 42.5394], [21.7013, 42.5408], [21.7069, 42.5499], [21.7284, 42.5471], [21.7476, 42.5589], [21.7448, 42.5651], [21.7477, 42.5807], [21.7339, 42.6012], [21.7428, 42.6089], [21.7509, 42.6074], [21.7576, 42.6195], [21.7521, 42.6285], [21.7595, 42.6378], [21.771, 42.6344], [21.7793, 42.6467], [21.7899, 42.6513], [21.7713, 42.6673], [21.7717, 42.6769], [21.7597, 42.6838], [21.7524, 42.7013], [21.7153, 42.6899], [21.7033, 42.6927], [21.6743, 42.6872], [21.6731, 42.6769], [21.6604, 42.6655], [21.6442, 42.6801], [21.6383, 42.6981], [21.6314, 42.7005], [21.6187, 42.6952], [21.5953, 42.7042], [21.5872, 42.7036], [21.5934, 42.718], [21.5923, 42.7262], [21.5714, 42.7278], [21.5595, 42.7377], [21.552, 42.7308], [21.5422, 42.7291], [21.5406, 42.7231], [21.5015, 42.7336], [21.4793, 42.7477], [21.4675, 42.7363], [21.4517, 42.7451], [21.4491, 42.7502], [21.4179, 42.7442], [21.393, 42.7451], [21.3892, 42.7582], [21.4075, 42.7668], [21.4113, 42.7761], [21.4084, 42.7877], [21.4133, 42.7903], [21.4064, 42.7946], [21.41, 42.8052], [21.4227, 42.8058], [21.4247, 42.8106], [21.4179, 42.8172], [21.4173, 42.8262], [21.4242, 42.8326], [21.4236, 42.8471], [21.4371, 42.8516], [21.4351, 42.8723], [21.4025, 42.8747], [21.3945, 42.8716], [21.3929, 42.8671], [21.3854, 42.8665], [21.3769, 42.873], [21.3652, 42.8709], [21.35, 42.881], [21.3513, 42.8875], [21.3441, 42.8909], [21.3421, 42.8995], [21.3309, 42.9026], [21.3161, 42.9019], [21.3045, 42.9061], [21.2998, 42.9012], [21.2871, 42.9009], [21.2823, 42.8952], [21.2712, 42.8972], [21.2703, 42.9101], [21.2453, 42.9339], [21.2357, 42.9504], [21.2344, 42.9592], [21.2438, 42.9809], [21.2377, 42.9897], [21.2378, 43.0055], [21.2252, 43.0204], [21.1973, 43.0234], [21.192, 43.0151], [21.193, 43.008], [21.1711, 43.0005], [21.1634, 43.0147], [21.1677, 43.0263], [21.1557, 43.0296], [21.153, 43.0601], [21.1396, 43.0822], [21.1499, 43.091], [21.1372, 43.1135], [21.1134, 43.1112], [21.1027, 43.1174], [21.0886, 43.1357], [21.079, 43.1291], [21.0793, 43.1182], [21.0758, 43.115], [21.0503, 43.1075], [21.0254, 43.1295], [20.9955, 43.1383], [20.9725, 43.134], [20.9669, 43.1244], [20.957, 43.126], [20.9336, 43.1342], [20.9262, 43.1459], [20.8893, 43.156], [20.8817, 43.1669], [20.8633, 43.1648], [20.856, 43.1744], [20.8385, 43.173], [20.8311, 43.1791], [20.8342, 43.1836], [20.8551, 43.1891], [20.8435, 43.1981], [20.8436, 43.2071], [20.8894, 43.2037], [20.8799, 43.2109], [20.877, 43.2263], [20.8617, 43.2379], [20.852, 43.2512], [20.837, 43.2568], [20.836, 43.2617], [20.8306, 43.2617], [20.8197, 43.2725], [20.8119, 43.2733], [20.79, 43.2638], [20.7851, 43.2537], [20.7748, 43.2544], [20.7613, 43.244], [20.7282, 43.2487], [20.7095, 43.2272], [20.6993, 43.2252], [20.687, 43.2134], [20.6716, 43.2086], [20.6525, 43.2111], [20.6373, 43.2067], [20.6332, 43.2097], [20.6153, 43.2043], [20.6009, 43.2108], [20.5948, 43.2067], [20.6115, 43.1877], [20.6139, 43.1802], [20.6078, 43.1752], [20.6114, 43.1696], [20.6583, 43.154], [20.662, 43.1443], [20.6576, 43.138], [20.6851, 43.123], [20.6928, 43.1091], [20.6931, 43.1055], [20.6874, 43.1025], [20.6926, 43.0907], [20.6836, 43.0817], [20.6621, 43.0784], [20.6562, 43.0737], [20.6619, 43.0668], [20.6691, 43.0653], [20.6705, 43.0556], [20.6655, 43.0496], [20.6705, 43.0475], [20.6714, 43.0391], [20.6693, 43.0351], [20.6522, 43.0335], [20.651, 43.0221], [20.641, 43.0224], [20.6369, 43.0164], [20.6405, 43.0068], [20.6299, 43.0091], [20.6197, 43.0025], [20.6151, 43.0047], [20.6177, 43.0175], [20.5908, 43.017], [20.58, 43.0118], [20.5812, 43.002], [20.5679, 42.9965], [20.5648, 42.9846], [20.5519, 42.9756], [20.5544, 42.9687], [20.5465, 42.9612], [20.5399, 42.9639], [20.5361, 42.9745], [20.5299, 42.9752], [20.5146, 42.9706], [20.5137, 42.9656], [20.4962, 42.9523], [20.4957, 42.9448], [20.4846, 42.9338], [20.4863, 42.9291], [20.4999, 42.9177], [20.5055, 42.9053], [20.5206, 42.8982], [20.5205, 42.8936], [20.5353, 42.8891], [20.5383, 42.8832], [20.4858, 42.8676], [20.4382, 42.8332], [20.4087, 42.8472], [20.3801, 42.8418], [20.3636, 42.8323], [20.3351, 42.8359], [20.3201, 42.8262], [20.3156, 42.836], [20.298, 42.8362], [20.2924, 42.8253], [20.2811, 42.8307], [20.2738, 42.8199], [20.2524, 42.8107], [20.2628, 42.8042], [20.266, 42.7783], [20.2554, 42.77], [20.2504, 42.7592], [20.2368, 42.7569], [20.2343, 42.7527], [20.2217, 42.7526], [20.2129, 42.7462], [20.1957, 42.7504], [20.1912, 42.7453], [20.155, 42.7684], [20.1489, 42.7634], [20.1468, 42.7546], [20.1436, 42.7552], [20.115, 42.7639], [20.0982, 42.7767], [20.07, 42.7749], [20.0604, 42.7791], [20.0429, 42.7743], [20.0323, 42.7649], [20.0247, 42.7651], [20.0233, 42.7518], [20.0143, 42.7408], [20.0146, 42.7294], [20.0186, 42.7244], [20.0322, 42.7201], [20.0159, 42.7097], [20.0337, 42.7114], [20.0332, 42.6974], [20.0451, 42.6955], [20.0544, 42.6848], [20.0834, 42.68], [20.0886, 42.6687], [20.1119, 42.6554], [20.109, 42.6484]]]}}]}